,epoch,owner,indy_staked
0,416,06efd1d2dfa9f2121644765e0bf1d3c2ccc3db6084ef3724de2e901c,50812040
1,416,5706ea516b1a0f350b6876b84e02317af4c8b886c74562d9d9cb1764,42811138
2,416,13a1d9bb7849716bd993b520f975175ae1b6720fec18dab37435d095,105630031
3,416,1a6ad2d19e7fdd03bd012f4a96cbfbbfe89183735cd8b16ac854a121,255000000
4,416,9b6747eb7991dc0a8b5fa0192ce9431a85b2c64b3c4db6dd31415ea6,177456463
5,416,2af7e79b4c9ffc29fc6f7707b77609868df3f0af5b457272c59413b6,100477746
6,416,297a875e4ef78f68ce4962b478f389ca0c4f85b14ceebf841a51af1b,50000000
7,416,4d4246c81633efbd83760e559534edcc35830e9f84ad4fe9aa0c10ea,10000000
8,416,ec1b44fc79a230aa26947b8341a0649f049ecf26a48177a990efc430,25200803
9,416,e2759266f8550de0789d43375265e9c4f82c017e26b6f7275407acaf,146622780
10,416,81b9a0a03bc7fdf55630aa5fccd232cb4ca6f971a11bb174d307852a,159446001
11,416,d241cab10e6a715e9f1c2caec558e97220c48e86b7c14609aa88e5df,5000000
12,416,5b1af46cec17d48b26b69b2e643ccd5bece471f4954aeb14bea90586,55200803
13,416,085e11996c8e8b9130172167a57884ea082e5424d0907f5be39ff71a,50000000
14,416,96700814f5d8d43bbcbd1bf9cbc9f6962211a552b1d8bf8435f082ed,123391163
15,416,65cd766d46f62eab67d9b1a65439c024d447ec9d16411f69728a1ece,55200803
16,416,d265bdf43b37bdd3bb3f359fc3812f1bbd89bb9dd41669bc077f0517,50000000
17,416,2ef4c3d711d1a7adab1a24a04856a191a3a162dc844c039eba9adbe6,109396837
18,416,6cfe83b6cb535525f2403c53db3036ca11e0de496365a762f2ae261b,59327118
19,416,3d6e46df3ed362c84cae2d3baa5c9928b77a4a57e67a9160bb29ef06,82687553
20,416,2a1da1152bd324d06ec3c70259c5d12b6f1d51b55ebb10680b4af4b1,87119797
21,416,37b71ac0ef9f036e2ea10cb7b315aff8fc30dcf982325bb5daa176b0,78184553
22,416,7f7147d6af61e9c199387c5afb74d8fb307390dd7fb9853be1fc5764,204900790
23,416,6e11f9b5796c4230395263b6a595123e4d2a6884b1221a75680bf77d,10566720
24,416,55c68b3f96b346aaf600bda925aa29fcb4cac6c835ab16647eb13ff1,359403595
25,416,597f95da769ea4d957262de8280c653109cb3b72d5ebf25e894a16e0,3577552
26,416,0828ade7d9428876467aa4b687e6f238d9709264ab55d52b9fcd7259,215091463
27,416,23b7c8d3ae97e99296c08589879b5aae794ac1839127ce69cdab699d,137651655
28,416,4658b8100b35620ec4e82e9926564ad4401136490745d40ef707496b,71794460
29,416,867fe7a72474f0196492264be02bbafeb93d0f2b3ad356035ec416ad,507592449
30,416,3872bbc9ab42934449e0806d376c7fe16177b4fd781edf43e0703f21,21500000
31,416,0410da49851ad1edabee6f556956712b6420d4374974d1b6affb92a8,241852466
32,416,0b946323e03134a33d33f3eed7495a9ca6e2355e05c86612a109a802,245303212
33,416,3de5bd9affd4d3a8f02cdf5c1fc30889db7338396507f4309c1c48b3,79000000
34,416,019f3d35ef1c1067784c46f9b165150919cdefda177dd301af373051,63564463
35,416,5cd23593bd25f37c6b659b6f209057059e21e6c00d1de32f38a0d52b,108826284
36,416,7904815d0e98aed4060226763de69217ae5d863e7a7cd71634d64987,160602409
37,416,84615b89d9bf1caa3039d56af2ba6bd8ca96a52d12260d3bd5a09be7,13451651
38,416,a587d605bf0b944669d364b5d4ef8a65f7d3b42f79391eaae06ee27b,59152151
39,416,f28382adfa047a0f4258f6ebe2dc27f1b31852ad0afa692e553d75e0,65000000
40,416,a94b423127f9e54573e444e9a00bc75145f9cf49b335bc90687c5062,167000000
41,416,7de337d83081a32aebfcd1e0d193a2bc16a27bd6b79d4cae868e10ef,50000000
42,416,f02744e07f65bc9f2a1a4cffac83e0b0e7777c6d47bceb5f8efad5f4,50550112
43,416,559d23a5db8f1b809ba9b48e7504582c96af34f68495f3ed51b2cce5,72573395
44,416,60aa4eb9f3d2abdf9816fa92d3df26477de6be0f8f22ae7f9b68f897,6468750
45,416,e8096fa0939b50664cfcd14160b4f430209276080e3251df471d7d67,55200803
46,416,332640ca63bf1c45ca8f5beafe24f3e68887f052b3a03914e2efd235,103370007
47,416,2e5ed489929f510238920c7f020b9272a515513af6ce42e24a91b119,5000000
48,416,1abee0dc37ab9713dbf5c6f2da802d9fd283f3204438daf163a42103,11184717
49,416,fd9c14b6afa1d70967da46892a015ff2d22f958c0aed06bd5a1d44ff,57755290
50,416,02dea5a4227b3f3ea4c25cb9efec1c9d21d6c84c094723fc4d0ea263,15000000
51,416,cab0967b3096ff7e5de8e40146d3122db0e34893f72ade883a131846,5000000
52,416,74f1632353bec7d348167c96c7ffd786558ffc878e0b40768b7924e9,120401606
53,416,90f0fcdfc77362d0860462d44b0b1eb154aad5545fb7a7f22b79dcca,60200803
54,416,e8d1b19e46e7066a0956d0c8c915c53a0f9fc0cfa47baa4623c2021f,5000000
55,416,e18f3db2c698037197f44147053bad7f03abcf6fb7c4e444d894b489,64000000
56,416,5a41cab4804c774e0d9d277a19e2e3716fefd6e4d164fa8a771a1ba8,845100185
57,416,c70711e87499fa7715087ad19720193da2c1d28adadce65e59ad8760,55200953
58,416,b8cb0424eef740810cbd41c5c91029df4ffa5b2d6378d1e5bc3507a9,20000000
59,416,7b0c86a4526e23a1116c0b40d50e9c298db9828174d6d51e9a656509,63469161
60,416,295bf9591153dcb83d04969820f24de4d5f664cbe18a06ca7adef878,14131041
61,416,aafdb71f5a85b81842c8e3474a00c96d47c4fe59fa3460b50c22a64a,110115698
62,416,2f43e429dc76a0ec4afb8349c5b594c34007d6a347e1cf240641b361,52263234
63,416,d5cc8eb6d4400d4f86c6997628000f3c4f70e43afe0ccb121f8ddfcf,114920099
64,416,c5f5376a911dd67532725964baa964db077e359e2983dfaf2254e737,89719251
65,416,788f96b5b70946c93a8e1636bb29f9db59ce5d1225f14c0d64992a3d,5000000
66,416,ca9a8418d91d2add358265bbd10c49afaaa2300e02b376425f55f7ce,5287945
67,416,d0dfc3adbf11016a375287d5fc96a483f0cb34351d8319187a905af4,50000000
68,416,01378b27104565c5fb38b3e50ce5289bb4be722332a7fa724ed16ffb,10365876
69,416,ce49b96a1faf94835d72885dfb42ad4fcb9583d7b9095ac21a2ab73b,41016342
70,416,5c9a3ff40abae0bd9120585288288bf4a20321579536f74023b391c4,18286587
71,416,315da5b171400a2b8d131c70ea53f27b1977bb1fcec1537d70649dac,50000000
72,416,e3c85df20ca80ae819c9e91b969b7ba17ebcb800922cdf39c19e7aec,76413636
73,416,9abd53631fe5a032bf570f1203ae72c6075b694dd4f0b69cc61e8bbc,56490749
74,416,e73f8221818a9210e967ecb08660f46173cbf8e00e4abc582d751bcd,55200803
75,416,dec779d04e72bb0665c0e872b0518430c847c7da5652612e24323d1d,25000000
76,416,26ccdf2b045edf22525f070742a369f0f2fada2c1c41a2558694677e,50200803
77,416,32e908a47133bf035a8e00bd458925374811b3358ff382360cd3b2b2,64675634
78,416,6e1d3d309a6f67c2f13bb942991334488594a81d11286e18bd121d98,55200803
79,416,9d0cd7e92ac43a56b7b3d3332db473b3c17678a828b5695d7ed9824d,55200803
80,416,6487ce4a259e4b3bb19fa9c25e788f68f30fdaa7d3f8f9afdcce2f70,176277553
81,416,d33119934f905c46c074d86b01e9ed68d8df9416c1f98311adda04d1,10680732
82,416,e4e2de12e558d71ab0fc1619d40e35af54d9cf52f08e31ce8122ab44,103092511
83,416,05f31a17a1444cddbf80cf95b8320c5c56b8fe17cb6601736ff8f115,200000000
84,416,71995412f0cdf4fb3b1d74d635c4aa6b9ccc26aa02f37b966ff7917d,348905052
85,416,6bdf4e6548d770125f81c51ebc92b583787973ead359912e3ccd8e66,195879892
86,416,dbf5eece11683244ae664098aa7ccf59463c9db57deb5f76212e166f,281470396
87,416,75cb8dc04aa5b612fe68979109e43b1a2274cb7272b5ae6e39d45047,1249040545
88,416,1215c650198e8fe85528c3640a864a2b9202f1fdbc5a63e3c7663db5,109360720
89,416,07f8072b057b786413cc9d9d0f4f85401b2cbcefa26ab759e29e4967,147128950
90,416,37659fd936489ba08c0f7122f30d034594d20804392ba14cd2a6d362,70155637
91,416,f70639b94bd018699ff1f59a64bbee35eb1fa8f0781cc7afef21a595,119181251
92,416,8bb9c1842b5df8a44359e65982adb4d2a7d0cb745a2b8488592e3d9f,1115236826
93,416,5aa2ebdddba959b7d986f865a0f07c0a5618cb4b70b30f0c4e28bd7c,1044940448
94,416,23b41dab65f698716d09448d4c399e10d2f66ba2fb6433671643c280,640523700
95,416,d4209720a89b2f9a7fcd308fa6b674efb065aaffa4d0198b31fedea4,118028165
96,416,54933a94ed62ac996582a2c1ad406265d1a5c419f6f7084997fe64bb,200000000
97,416,9d25f407ec78be5c5b0d1c0e95edff70844d338f1207cd04f1a07b25,61509390
98,416,5c6b98cd052d01a7085d492b90b1e0635de27e729b9c49b70d46834c,60200803
99,416,17e6192c507aa42939888c9354ab8ad76b387cdd923668c0999a198b,50200803
100,416,14db172528f57476c1d29bf622bffd830839e00a7a482fa282741e43,68977375
101,416,864f7a3b00ec7f36857c76b97cb1b32ea61360522085426dac6de657,60864367
102,416,d6da8505265361305b0d3b31990c6c68aacb8db033b9b5bfc07c9961,57665231
103,416,09575db3a66d29e820a464f9a5784aa42e3efd96396413c15d5a1160,58000000
104,416,1be221caa2e043e3f2ac88126788bbab75a92f69f96c4ebd85e5d3da,343289522
105,416,c1392bf9eb9d060a2a46e64d01409eef8d3d9056fefa25591d403ff9,62910692
106,416,ee51a274cfee8d4af313168a0d4e56b2e077b695121f9fdcea7ef2fe,82722706
107,416,e57655e6fd41f82f6fd30e24ff080f774abe81f53acd6c9e7b2ed26f,2780498
108,416,92a18583ff5b6549b812dd1035b420789020d999240b9d122ef5e71b,21358542
109,416,19626270a5894f8eb92a8637d4e8f1901baa949d1cb490f863c22f76,223698109
110,416,51efe629a2a27ed7854d11b8c1f5e47e5a2a502a73beb25aadc625fb,57577959
111,416,2722b73e6fdadd44d7e771dbde649d36ff3ac90277ce49b530355d3c,40080106
112,416,832e90183c6eb6269627501eeefd9248d24265205d2b3f92b7e8d5ec,205349584
113,416,742e13aeb9130597e75cb1e4201368884b223a027760b1614ddcd514,55200803
114,416,9b314b76487603dec62a43cfeea584dae73cd42e7f83871495974fdb,8011025
115,416,bf1cbf18995ecd67ad865a0089109b5414093d0c41e9d02fcd9038f5,155189371
116,416,6274d31f2a7b5ba0fd901294b69f149ac84c15986976c7ec7fdce7c4,148689444
117,416,7c7196a2e024d2b4ea5fa113dfcb50125d174f190c7a8535bc29184d,59342422
118,416,6f4929b4cc2fd65c274d58dd1d08ddad02a9cc2e8f42e836f6f57d44,145693549
119,416,a65059f2283e5ff29d0c818cba02d9f700fc7c3e891c324bdfd5d1ca,200358874
120,416,c11f654d8903679a66bb77686c7c6f49d09af62f797185f8c7c0e49f,55200803
121,416,07baa50981e163bdfd810587d475c2a03611128529ff526fa901e36b,8453301
122,416,68c9b3f060b80016b1f8baa5c6e7509928774b6cea8a32f99fc87c1b,50200803
123,416,71b03bb1f2db64f230e74c08d8bee62313660b1bf9649fbc28f690bc,204342394
124,416,01d122d347c6ca3255b9620ea16ad7bd5432060062f9431e2fee9692,70919781
125,416,86a9f35b9aca016ca6dc57a7ee43ed34e1618cd9e3ed28c9e3c862b7,251999997
126,416,6cb5d04e58d00e66d05792e7f785b918c4d3998c2b3d71f613a0aa1c,21547440
127,416,0392279ce70fc3bc7d60fa0437da097cc264ada08fd59acdba593965,20112385
128,416,bdea1a2fcab12f296699d998c594e8385b7342f2ff6fc2e60ad65ab7,71622907
129,416,d651ba5a9fa1534f863a2fcb6b286f00b72ba814a3ac498ce7329b4f,1309826
130,416,cde3fd6c46adf3f0cc65ed32d273399bf9ae4282ea52679f61384f5c,135407190
131,416,170c6964ad2f725504bd190c5293d8b4e7c7770cebb7e7ca798b3c84,7143283
132,416,d45412bd659b743dc194f012b7d5fb89e23cb3752460ce286879e9c8,218567720
133,416,764c33426e7379938dd7b0d7a361d9417050b14376afc2384f765170,15000000
134,416,49efd5c8f3be6a349277519cf9546365f1f137f1193f26a1db435bde,56491394
135,416,5e36c08331d920d1e9dd0b36c8687e005d8be15ea53e163db957767e,141695236
136,416,29e84e4f5fbefc975034f1f9bac492359bf018f6aee33d1de83a1d20,57598385
137,416,66408f197695d49b6680efe0a3194974e5e39e8821bff15d3be559c8,61169245
138,416,8d936446136ef1c56b2be4d5a4f98e6fa1012788406a466f9b713fd0,70643612
139,416,95aab629810acf425e4448592d1a5a0265255116e5451f90d7034b58,37428368
140,416,ef1b8e5788243f98f97c531b88761b54587163b6478ac6ff99fe359e,88569333
141,416,783a0ce543f351d7963c5c65e1b83331748d20f67a54bb28a05a56ea,50200803
142,416,a7f79572dce483259853583258d9d81c91d64b82d0491406f16b7978,400966650
143,416,f983b3613a668d390f454966a15b4ffd5edc096d9f05362431b5eb94,200000000
144,416,cebfd7161d6cc0e7898a14c47c8f0e656c4a6d1c33e90f6355306a44,419877787
145,416,bb03fd88c96381f31c42d19364b868f2bf49371b95aee420d9fbf64c,2172377377
146,416,651bd5ad24d71629020db8e5b179bf3848991bb60336d0ea4b91abdf,63975331
147,416,4208e35823ddd862e79dc2f11a6a89acf9db6d1314953740c2135edb,34191059
148,416,57f47c774b61a2ff4ff48fd018dad30310aecd979dcd83a8360e0c36,55000000
149,416,1e204f0840bbba9bf453fb8cac6bfadf5609a5ab80a4d7f998428ae8,58980485
150,416,19006487a208affb9e50bea4ec43f00e27b951edc7a440ecd4a88d21,10339569
151,416,c679ca09b6d1e4573f9e39f834f0058433b6555f2ec8d3afacd2e278,51472286
152,416,fc232c17b74da57491ceaf8a5e7a3e772fe80a8c9186111c4b814e73,55200803
153,416,6917228be04ba6acaccef355e2c081ec98b7f8b03ea7150a49b9eddf,130000000
154,416,040e6d2fb75dc0c71e36e09d818b52a4b431ce2c18e1d4696881ee76,1209620627
155,416,a65f8e59e420127c5d0162fc7e02bdf89275bf436dc849c0135038bb,71543599
156,416,7328ab6d917830c7db07347e34d628bd76421d260b9064231a34955e,446020078
157,416,d5fccc4d7f4dc13216221ccd3d58bf625e60869dc064bc6e1c0ae199,127230123
158,416,17b20aff00b6cd78f4ac0c68b92d90346171f461a9e6d22aad787dc9,84699688
159,416,bbc6d8e0a8f8fa47238a3df22e1b9a0e39a0de2330ba5b49d69a6bc0,902634646
160,416,1076bdbb3277f8914ae2bf3cd5f7a8b228dadc77eb2cc3f228371ca8,1127731238
161,416,b19d4ad9096a58f150df5ded2b337eb4c01c83cdd84ac9646cf7d8ad,412481488
162,416,c3f7cbf63fbe8af505359cd58974c2d367282c0fa3917791e14a86a8,26219770
163,416,28e6f2f013c597fb1c39699e5bb4c81671f48d77facd478638908785,855918985
164,416,31eec5d71937555a28119e20dadcbe20b67b367b2f31f21957466444,25801111
165,416,df3f275fbe66d59009dcf0ce7c0b45a3a39f9a756a8dfda75e5dfc6a,65302253
166,416,af28fb0c496ec12e14bd2b811c3e0b14af9b5f18832209c9403015b3,85919627
167,416,f6babe82e81a1d51f5e4368647e69d71363450dec2d259c239658201,110977809
168,416,d74a6efc13c28b96e80fa23036353ec62897443d0ee58a7cae63cb0b,2599396
169,416,f30c8d52d06adc54518b2b7bf8367685fafcc1d598b6235fff1674e1,56933540
170,416,52c268db5373bd8341a1b9966bcf911fbbe609186d7e1ba0d3374c41,300893609
171,416,2f4e8da97004e32314dc415458f6557623446593e1ffb4045b219504,1479316366
172,416,2f766d370a824600bb638f3252eac47736a0d878341d0d1046223175,19385895
173,416,f9f2145a4745019f15d0b21fcdd6a58e7f2e4f7b94337fd9b5c5db63,71065
174,416,68c422b24b256d0fe88baf824bf11188b7dde53bc3212e39b57fbe79,145681026
175,416,e0a5fe8d81c61f33e7b47c1a5b07c02ca836cd80b91e2ce18e088db3,28943396
176,416,5a84b371c575408cf3248c93da89915d065c4196b90e3b731f56ea05,217551944
177,416,eb3c8afd6a7957c098588ae417a828fa7406802a50c8cdda441b341f,60622786
178,416,752ca73ddf1be8dffa36de008da3efa547f9b96354198896f5961e0e,5237162
179,416,5cdcfc5e36b8442d5ab98be63d25176cf0c7e61a8764bd6c45b07053,287095964
180,416,1fb1c72ebf96a6768fae696c153566f58d9e115accc56b2fb34d1e8a,51000000
181,416,076fe746635376963ae1c07c98dfa6a84168ff429673d2546ee5e744,109355605
182,416,3fa723d85547eea636575f8bda15e471370042d7142c50378b8928e4,504140655
183,416,f417354ea5c9981124310b191613f0e5d1010658a25023da678d457a,50200000
184,416,78f90617423f07905f4ef7437a2f42f9e9d93f1c42c4c02862968533,60162364
185,416,65676cd26721b57b8744e0dbc45a58d2f71577fc8d53075a0ac724a8,5000000
186,416,aada39748edc9f40ec53f879499a837f6badf180413fc03a7a345609,127265743
187,416,caea35af15cd8bd418b0008d09e7f2d90d8e376d33148f262f76ce2c,259883489
188,416,5aa6c0a272274e26404c4a61647a0f3640aef587a5f070346d2ad1d7,60020956
189,416,96cf25856115165a58985a79380745ff06a21e5000559d8f98bccf5c,60124067
190,416,3403fe6e055b5bb87ac7ba4ea21ef8b1ec230896f64993845e7aeda5,60140900
191,416,8ae7c1900973787d73c17eb1ee974babede3d21b69489f0413815b9b,186271614
192,416,daad3e5d63d0918c01fa88c8b461c006f020c43e58f77a80d7ec95fd,315984393
193,416,f8b82a0cb11766bceb13ed08978b26b8e802bd50f4772fc099a61238,5000000
194,416,dddc26bc5c16b1fdccc13e72abfc5bbab373d7ceb98132fe51b39e33,100000803
195,416,d4bed2ddaa7dfa8f582a33dae7d0f0e0dca95bc6a7d9674807386af3,412654106
196,416,1b1ba287e7816fd86a470d6e56a89db3741b4781b0946730482f0c8e,49833782
197,416,9a3a1e6f4da7b1047cb371fb53fedcb06c5465f82fc3d600eb8318b9,55779650
198,416,c7b903384f76c40512a0b94a9b3ee72ff77ee966bcc69f789de7b852,674317701
199,416,b72aeceb9e9ecfa02d76206eada3945ff1195f5a1e7f3147681f115d,80182439
200,416,54b7fb4b69eed7358b816f23a08ec3a96fe6b80be6477682caffa420,271177628
201,416,53eb9c7601e433f0659a74479e98400d203af061f135354f43e0dad4,375001579
202,416,afa75ddf3370b8ecc5fa6d9f155a8ac6d718a04ae6728a03f4badb1a,2458873225
203,416,f6fcca8e038ea090905302d26ce726b52c7d40c64d836b30af6c62d0,1718025154
204,416,3a34072ad80d510f5d01496b5814366342f55a04bc906342449cb641,70000000
205,416,3f561bfaaf483a3dc74d4a012441c4b5c1d186888d2fbad5cdc92449,211468319
206,416,3e1da21cd09f86d2f4dc32dd486e2608216f04a87ff382c02fcbfc76,1014872326
207,416,4cee593c13ba695c56586d315642f8b954320776b60e6f476123ee9e,206816689
208,416,7e591eaee28f9153a51c4fac813afce445ece801434ab9fc2eb43379,85442185
209,416,3c69e2663590f7a629f4c900957971faa64eda5c7ef58023694d8444,252423994
210,416,ffa71583cca7e3eee6d517aab1189076939f544f54bcb4fb847024cb,93724128
211,416,b5309180273d53e72ddb534e08c50e4a5c4804a33668675c35b5958a,56508839
212,416,d80599e8e37d9e4e17519d0c4b97183e604c1cbc4f0c352cb1063e44,1994855599
213,416,98e54365a69be5677bcfb4307c556fafa7878e691ad1464537a4add4,144696434
214,416,e150f8c065ff63eaf73af9a280aa31cfe9b3724378503ad6b7bafccb,20000000
215,416,07a678cc14e6db47698094e252044db3014ae3d4008fde18212ee5e0,1019051262
216,416,c464695e2c4083f4b8970ccd70486e9d17bf54792f1a167b9304e683,870263322
217,416,af750b916874672682ceb0bc47f47c5291d0959f21af0c220d247e2f,65403403
218,416,60b04f1650ff0c9f6faa15be8ffff7e5cd37bf4a991b0a339189a45f,62639934
219,416,4e5426811df99e191ae0bc3eca64836e561a07d1623b16f94828240b,4270162822
220,416,66c327283efa19d8651c511f5f84dd3f1f0655807859141c95a47409,107644262
221,416,5c399c3a144634702da1153165470ceac0c3f09df985e9f6ae539a9f,101000000
222,416,2e5692429e007cf9257b86f3685710aa0f98895b86b13a0c5ebfff47,62556421
223,416,23a2a7b56db15e6369e9d9afe210fa644dc9d22aba817460390ec90f,587308402
224,416,7dcba14d604adf0b8d73f5c4912388be6b2d573644f12b6f6d16ff92,26179856
225,416,228f7a0a9cf92326f01761f7311eea4f14bab84d35f9222b4900d312,67173660
226,416,582e5b3762d185fd2137bd675b2af9664af6f161201e6a50e2b234ae,99342908
227,416,07870a95cc8ef51c6813a07f93b76c9e920640902bf176855333a03e,62756384
228,416,b2dbecbe70467741661432fdb755dee0b7d47c5026e4d28e79e92d11,55200803
229,416,eaec8a1a356ed27fb30ce01dca32e642e85c0c7e0c330aa3b5e6143d,140858957
230,416,918449aae85de7248a8e0064d1b2bf9074fafec8af0e0689776af587,70745468
231,416,c2caa3f52fdfe4424d8aab68f691aa1617988acdb86a37b2850795ac,46069136
232,416,5ebe0ad9ea2c6e3e19e3b3f1ef0feb9e1694cd50295191058140135c,113925899
233,416,dd37137c9da4da78e2b45301a62c9b42b9f201be4082d5c71531b926,59545686
234,416,eac9b8627964a479762da2893801a7f69d47b90769d60bc2e2b3280f,40000002
235,416,24f988ff2d6c698e40546682235b29ce08d28d58610087a8b51d4f7b,560003078
236,416,548fece8d2f6e55efda4a70452343bc1f92cac3c1cf8ef250535c048,347902003
237,416,66e2b2931578c427c7178d607338d87801f7b6f7997edf4ec5161bc1,130000000
238,416,24715697456eca22df1c613d9f85b0cdb97f2cb5a253d7b7cae5f09f,129884708
239,416,56f657fe0244e7e283418ef04510779eab7f5f4791cfda7ef19b020f,72434140
240,416,2e1573f020d7dc42fb1befd459287f0e620fb799cee111e43c50d676,11891248
241,416,34c3340d91bf6565f8b26b14e5dc37c6f89d62bc748b78de164115da,16459182
242,416,3e608b808ac2b73e56d957e5fd8cf54a8e3aba6cd767ea493d43c857,149783374
243,416,8105d0f33d443db33095e1de7e3c084af5cefb8675af79f718bd3e36,26356311
244,416,8091c4a4f2c561daccadf93e578bb4a9c633a492e17d0edc56dec611,28394628
245,416,0cc3fd8d76cf6637dd2bcf040015bb20a7845bee40ac164df50254b6,59641600
246,416,47ae397a7fbfcf4e3ec5e628bfda2d3bf5a5e6f4bdc43226cf840f2e,20715050
247,416,6864029b40a03d1471c7afd0e693d97b4a6c37dc560d4a9a8039e14e,223251144
248,416,7cd8f3d5d95127141e5843ab2818de72f85efb9e7b8a1cf847e794c4,89290646
249,416,2930cafa7a43d98c175f6714b78c01ead31d802ebd6c0102f16de275,115965020
250,416,6b28469ea3ca15f2ca119267bbebfaa93083df2d3a54fe89524cb26e,60263619
251,416,64e14912b40c1db7d2bfd71e19890295f04e4a0bf0569050e379b62e,4963420
252,416,e2db0579454041b6d16ddc4745cf7f3ad3e0535ee838258f7af685f3,200679916
253,416,406334c96fa1b14b51a4d817f9e1e2f4ce78f77b1638ef991dfef7da,877065552
254,416,efcc91fd41160e558da40cf00d8737c34eb5790ae816465929b24678,58581376
255,416,e24aa6143beb9268b9e03ed94d83a5523abbc0978143b4c9dc84543a,688068824
256,416,9342a76f7de030e7df3e37249b14ef9ea67bbdde1e95e654aab21fb5,66501058
257,416,fed3d3a57e633765ce03b036ee5cdd7c11fab76784dff042382f5662,55200803
258,416,ccc25cc3789dafa8d0fd76d139cf2380bd9f2f422559672e22ce5604,5259631
259,416,8a4c3daa12883c0f1497bc247769e75a9780ccf05e91a12ff2817052,5259631
260,416,bf7715b4e5c8ac2a7784b477ab9ac2c85d8e14402a8a0fcebb7951ab,311768886
261,416,c1e127e6f4fe215c3dcf7cc66335711c354e4e032a91919b7bb304d7,6781146192
262,416,ce6acbe8b02477e64a1462c4b1796cfaf9426c899315f4aee820bc4f,153200803
263,416,646e8696947a0c57eb58f392443eef74dd69b2b22e66ecab0f8af785,123474251
264,416,4026ad84915429299bf28a8dd1a8f5b4df65d5a8a49c4e729d0f2250,19518679763
265,416,73be075ec165ce8fb59c3167cef2b7ab18d8e2325c5f3bd22737f5e1,192741355
266,416,9e790ef56af410d8b5ae0e9dbe982ae69c6cc194cc8bb730f040edcd,1274507234
267,416,5ba42c2d64fcfe6fdfc93277b41e6d872049f90b4c29f2fd21e7c110,53589132
268,416,c040328f6fd4031c818c6c2c54ae24ffb2ccdab3ecfa823f86d857e8,25200803
269,416,16d67a9a224d44e3196f9ea8b6c4302d1f1ae8b805f26c5224468bec,5000000
270,416,5c67ec0c20552c0e6e530240e6fa74234d5918cdcc1813199943a83d,55322445
271,416,b178ffc093995ed4f92326da8cbbae25832bd1c723b4897435ae3ee3,12611178
272,416,35480b143c7182f40ff0d2fde7ab8cbab7557eaab12d2c44bfa111ca,40830330
273,416,30c73cd07f11bce95833b7b41effcc3e4ebf654c1e21ff5aac884ba7,665000000
274,416,4ed48afadbcf377ebf7eeb1a9e38d51b60711d0d064686131cf487d6,31041699
275,416,76d6f0750896d8fdcb4629d8d7247f77bcb74a3bf717c13d70393510,5000000
276,416,3faabb3508ee0fb5a909dd6e5b73d101c7e0d69fe91f75593c8033e0,100000000
277,416,5cddfabc77a866c6b396d64a994a75d6ea5df7c506bbe3e4eb2379a1,140327002
278,416,89d095d531c5d92be599e65bfe27c44652b2cf99b72a332427e9d8a2,30000000
279,416,60d1644a4eafe16cb9f71e2547934af864d38b5427fcf9da70b290ac,11826667
280,416,b844eda8d8b99c58609f090d3156ef91488778e92501e1154e797492,35540701
281,416,446786afb7d5362fe58f7874942fce0187b9d65c1bc30e6756482b6c,378455380
282,416,522f7387e01ec3927b3373dce9f8a9923e9dbe37e4b4bb04a569174a,10000000
283,416,a66f3589c69139fbd204ad42b34a70b65dba7834ce7641ae649c5171,1676081530
284,416,b724f5b596d3823a18f615b0470c270b9f3060e14ef4489cfd7d9891,32200000
285,416,7f3035e70a52858a2e16dc8e6f4ace755235da1866ac6c40ce82158f,117956399
286,416,08f35dbe4574f570874338a49ae321cbf71409c487aedca93a87adf3,3148023
287,416,c6b9c7835d1af81ba894b06100ab3bb9152c89baadbbd1d94f6a4591,5000000
288,416,043d8e9713cc891c44063b5ed31d9ad553a4cc5b6e6bd688688f4446,60275010
289,416,269211db149b07d15a8587b7153f69e39ca9cda49babc284063b86db,75000000
290,416,065cc54ed257b60d4c226a1cc05b8aab01a508cb8bb2a462706fe743,63558168
291,416,b86e732c78733ceb1d2f18f0e4048aeb5811d302644febabd90f7c29,76280174
292,416,2f5591d28d1e274f1f7702536ccb8e024c03a490eb5cd8b6eda72c8d,57054266
293,416,5587b9dfa177b7a4c181b3b4ccfd0704a2c46a13f59bd76044cb6066,293280080
294,416,b0f6f6c285e1711e5cc0b237539ebd40eed3ef96be5b78aac6c389ce,820078493
295,416,8f8d051d97314d600724ca38b6125405f00603c5277d1b98fbcce864,106519449
296,416,ad050257a8dc73445c276bf055922e565bc778815143124360768b6f,112509624
297,416,af7ea0c07f8c05d8c8e27b25a70ae93cff2159b4224f0f032e366d3a,124720966
298,416,b6bc4e90822568488aa20ecd8726708ac5bd4a6b284ab350af337222,849426235
299,416,966c8c683271fb81c24235f265eac3d02095b67ca0613e08a0de963f,843253840
300,416,e482adc5d5ccc025e8cc5faec684ab2c6b44d7675fb5a7d4574095ca,45000000
301,416,fae8db736c217adf1d817d0e2e2bcb8f7a701fba40bb71e9fc9db21d,202146712
302,416,b36db24351d85ac05fecee1e3e0afd76422db67b1a8cab61b2f57f81,658725615
303,416,4923ebbaaeadb0c4ec17f0003acb1969373044c4126658425b4852fa,592005703
304,416,dfeac5dd22c2b53cb43a31cbe0cc5cd71c78f714c5f05a20eaa107db,216047858
305,416,1afac53a4d1a00fdc5c19991c9ab585d92ed50cb9c71ba9c61a36106,92643318
306,416,47a70e7e1e30fa7879992e6d45818928c30ae913cbebafaab2ce71f1,105101324
307,416,0592e82937b0e1266616456d422aa0ec33044e1452627e2ba8319b46,55200803
308,416,7910de78b42fa36cac41e451ad498150dd3532e2f2e35777735235bf,692626494
309,416,844da5da8b0ca7fb657b0c6a261883ebf631627f6b016ee7cd6516a0,343011769
310,416,34b9eb31c69076b836788f32cc4f00a21725cbccace3077105c00801,72123337
311,416,7611008b3de65e46f9042de3a1d6a0cb36abb72af0865e08182f07fa,1967874189
312,416,1d7e8eb3dd6489dac6e730561c06a6ea6ed72797be71c0e0eb010d24,132514505
313,416,91fdab5eb1f6bcd9115ec56e9b26f5ffaa903266d640442220a86e19,10000000
314,416,8a8e7ca034b2648e6b05b121a4d9de65827d5079bd846455bcf3a0f0,297844732
315,416,3a5c536f4deb9d98ff6e72f3ee92266964b9312d00e6230e33c218b4,50200803
316,416,1ba2ea8285e0bbba7e21b479579ac18fa99832b93752a7d5817ab96b,54914931
317,416,34589e061b2fcffb9f07e7109d77a14c7c7f55f15f5a52d5ebe6c94e,16416998
318,416,0b6e0f7a4d4ceffa5f2110343dba309bf987ffc191626e731490732b,1123844863
319,416,6cbf184a25fa514aba15fe559a5bc340ba2a8feefd282529c3b46916,20000000
320,416,08be575a6138b69edda2352ceeb7fd72b3c73597bc6138a41fd7014a,120138173
321,416,9d6a55eb1359d4a6c2f1466d1d65dd5083a6fa692b69702af90b51bb,990956347
322,416,c214f971817ec33475a5eac9bfffae52c003824739d38caaecd05265,550214004
323,416,13f84654d1849786e058f664746ab5d064a1791a92bede515dda943c,5000000
324,416,aa8a6152ba9489457114006e698286a7ea29469640c1cf703db3d2fc,55200803
325,416,d399a98b14f6eee4454a0b840974ac6a305258a268bef3241822b2a1,257583337
326,416,f549c4dfa45a19b8a0ac22a24f491e30cba260e71eb526031e21b7c2,17369734
327,416,774da8b322896826c0b24d94ebfc499c75264b31835e8b6250a91c26,3510247
328,416,d1b647f0bd8cbc6d3120aa72c5bcddf10332dba84cad05eb3f947d29,215180474
329,416,b1ca53b12a8c7f0b5adddf9157cfc2548b93fc854cc124174394b8fa,263349062
330,416,98e854a41cab6d1ea5e38ff1517f5a1b4a1e8e087fc85195ad42f28c,22010336
331,416,3e10263d5b2ba0da4de992fabb8c5f84d8a1ab8714c671a6d5856b77,763316531
332,416,2795fbf1bad85cd8cac0c73d1ee747e4d1b1c809cb13e4da26af9d5b,62100175
333,416,9d2414ab252cdd877f2b5aafa6eb7dd60cbf1bb4871ed9e184ed1078,245800807
334,416,71dac4f7e5ac1c417558796fcea66a1e2dd109f0c9433f89907fc722,1031376737
335,416,c1cd747fe18cf8260a8115694c82c458f6facfafd5a382447a2a3e03,151398559
336,416,f7b1e851725cfa1f1f24f6b0efb5c29ca06119a33c64f8b6324f27db,24597509
337,416,974a981a7e5b9a818df5f54f6430b9d696f67ae1fdd13b5962d35f93,208314194
338,416,30179de3ec968f9071cb72762baf87ba795033e3555f72da413ff06a,50000000
339,416,5d4b6101ac81b422f8f05c5b436b618eac9f0eb74dbf3d7c42cc89a0,83243687
340,416,07bf197f0a2b0ff2dac9489cffa6b99fa0ad8c1f70dfcfa3ae7449f8,1891045199
341,416,914f7e7aeac7a9f09409d07d3046040fcdc2b44046eb8411baa66edf,59137036
342,416,5f841de490d21c2b60d865852552b8a829e6ef4fabd1fee7ac7977bd,125262557
343,416,7f8e44829cfa592b7198af832600fa6279f440a1eab915074d8b7820,1044508030
344,416,12381fb4a9cd6322fe17b3912f307140fd19b54e85916842ccd4b611,277987775
345,416,5b06d393e8dfcfc2b19ca8ecc91c242dd437ed72d917391264183f36,99994658
346,416,efdea48b2d455838b64f1bdbf0106eef7cd67041ce4aa429d812183e,178860331
347,416,e31737eff954647c3cfb076fc5ec72a889d3d7b27a875fdf2fd1b379,1
348,416,d1dfdc372473ddb4560329d7f25e0ba4a82c9a515d69a8b210372585,259554449
349,416,dc121c4cb368499e51b0c49b73bc001dfdfe249c6988df7a68643d8a,10000
350,416,dd0d92489f2cfc7d9a1c6442f31c72d62d32e5178610fad2192b8ba6,128064626
351,416,715c3d43f4ba771c7fc4488094dc13d8e8cc98acf9bde6af58d2e70d,22501701
352,416,4dc5cb65b80027553882008cef8ce7356c362e083f00aede47ebc35f,605200561
353,416,df7913dcf197ce420559c44053ce7de8c847e050f02e4ee7ee8aa697,1117868110
354,416,43554050d4b81197d15d448aa81b825612a4fef4cba3b48ba25be4e4,3223085846
355,416,19df790de68be8b9ddd1eba594d4f4fbe1e54dbfddb5dafb348f39a5,45793392
356,416,8f297964f2aba12677120f3774360570f3523237e337b82117fa389c,185500483
357,416,0115f2e81cd898005736530d774335cabc792577445d8ed83f18bad8,200000000
358,416,7e3647ab5fe908f2e38c09794ac6c9f2718167d6b12b66cc10c43802,253794
359,416,a485b6436c9f49a331655fa1574405c3e9bb1ead65e84b91f28fe826,40003591
360,416,e1a70a14406e84b401683a3b044d3fc7dbec76833c7e7e934585b678,326932160
361,416,ca0f77040a2b74ee79cb3a2c8046083e364c853648d64885a75ae35e,1331645
362,416,720827f0338c69424715e7bc6311bf9a7f389d95333d9b8c6bce7e61,500047738
363,416,a779018c783d6816394075405541d8d8bb03edc94302e8b87ce66ad2,504861078
364,416,895dbda6ce8ae6e05cb8936861ffdc934ef3f8b289ecbaf06f20da59,1165022601
365,416,f9923c442169c78c8497d522bc88de59231aa0f68a45a7d70432fcf7,64205662
366,416,6eb75d04bb2168b12adf46a34455164e2e1e6813d5d6fbbeac9d385b,6283265
367,416,b65d33ab5f99b86cf0b97918ab016bad7102101b53e1f75e26a3e341,55200803
368,416,bb792167c153090f0743cb1f5e8056001223e02d884d28f1acd09261,680415056
369,416,c6c3c85f66fb3455abc3cc8331c2e185b6176425de350ce860e336b6,76688160
370,416,bcd7d0e8839b24551996bbec8f229f4f6788f31974b86088e50cc325,149770003
371,416,d0301983886219509275656958d7ed8ae589468ea5cad0e1baa2db74,125000000
372,416,9eee0e143dba17142d83d7e0626057505b31dfebe837fda88a6c8d3c,190000000
373,416,3592ef4ae076372133834806bcc2f009acd053c57dbcccd0f3648efc,150000000
374,416,0f674b204b8457a13c2580ac3e3ecf71aea892ca17d68d7b2bee93fb,1237582615
375,416,0a28284b7d8984092e0045a00b4a363733ff8764f6dcbf0504f2b7a8,50200803
376,416,e0f3e44d96ee509d6ab6e2da8f461254ca01f70093af4449dc4872f7,208953944
377,416,6cfbc28fa54b2920b6cad9531f7071724ecaf253e52c0c7686613e98,116246863
378,416,6974e75dc85750b005d67ff220f63cd5ba47d03cdc1f7e5ea5633974,1504233420
379,416,207da1665306e4feb2e839893de459af9e41c57839cd032ba39f6738,32199376
380,416,cf85115658e6716b4fec64cbb9878c06edb3ce5b5015eb4c8970fca4,92539355
381,416,4aee94f82b932a2562df3cf09485cca90d692f88091f96ab225b58a8,325000000
382,416,dbba836420a3c3d863f618811d8576f926c6be8c4b9215775ab6178f,202122885
383,416,0649332b6e52e0969a527cf00742eafdd7b6fbfa62d9cf0e7a54cbf7,25082013
384,416,7223c9299bfb0c6d229f9e50ede8a4a414da591e9cb2b9ce17f480c2,93300000
385,416,b56fdbb66dec9c967d89b574589a540521feb3e33cf3153e02d443e8,67387892
386,416,9dcf132042889673839ea86796d3ea30d6fd52682b5bdf524dfa15ce,280843838
387,416,7ebd6a0f786076f508e47df3bc33d8dfe4ed66dcbbd6d810419bd141,500885602
388,416,14fc008ac6352f57f44c154289831c2989dca8f7ec1dc45eb19c5b72,36387355
389,416,f791a456607c1532c6f056c09bcbdac59fa54e26c62f1304f288c948,1832897584
390,416,2fbdf41fac86b8215049143086655832bbab1c197f3768f20cd72cc6,30679825
391,416,75840f9ca325b001d5aba750b5179a78a2d018f47952f2cbf2b49919,85507301
392,416,228e0a30a458311e53a7af07d52cc78635a1e39f3417eb0bc043d36a,106195313
393,416,95c097f8de85d1ad61e7fb9dd4c9f1806532466e8ba44e5b9ecaa85a,10519269
394,416,6b93b1f5b1d3a2362a1e101ed1b394ea55950a330d4c147fac9f92da,1177477239
395,416,8cc8de7143bcae8b45dd9ea007670728e4b479f0f874801d9ca7c23c,50000000
396,416,9c27d064a05530a230fd70489e45395ffe983454d84321fe4e75f3f9,1229550460
397,416,44e24d780aeabeefa584edb5490833b252b7ffeaa1d2bbeb92e41394,823786022
398,416,f3130be9403c8d8e8ceb4803c8ebd09bca4bc858cc1a2f3d5df7df44,873290235
399,416,62096714148efad1f1c0a20927d230b262f36b69acee371da430c0f7,54300842
400,416,c590affd526db47b19bcb411793bba5d639c1f5885fafc47838cd22e,3012061387
401,416,114f4683535d7ae8121d8287e8507d705177dd8d6eb449751ae88d9e,869509643
402,416,264b07c1c0e548cd0092f278041990e98e2c9e1ef93df6086d57e2cd,58013215
403,416,a836e9f32647485865548db5a020c7cbbb98ecdd4bd7886b257ed155,868820693
404,416,367f03499d9c7099ccb8773df0f11c38cc38418357310d2652486936,55200803
405,416,94e3beb786d9d3048080817b141ae743b671017a735ad33c21a7dadc,177817041
406,416,b38518e0cc280c2a0b87ceacc44e99ec0324813834e87cb802e806b1,110104992
407,416,06556a8f037463e20d7e11756dc4678acf7694ae432fd6cd2b10d124,1000000000
408,416,fe214b004cc1504fc1544acd5b5e0d6dfe76484168e6c7d57d752b79,222196747
409,416,2d2698946bc0f751dfc642bda9716d9c95065c4bb6aa23fa36379917,191805750
410,416,4613c7a03b53d3a7de1991289304d848749b9602fb602bab2ed697cd,100769062
411,416,2f6e8d94a6abb81316eeda88b180faf28515315bd3763b606658d268,58556979
412,416,826d2683285bc4a4de68fc10eb78f2631371f48a5d4c0af654badda0,102123019
413,416,ebdf2f2916f3819a83396a78bc14525b559c62b21cde688020ecfafb,539999499
414,416,fd79020d34bdd47dbdfbc9bd9b330d43a0ab87be0e6f96a7328591d0,1315504454
415,416,339b73b1b15979d187c162f22707d3d86918dedd5716e748d9a8478b,2582155666
416,416,19c1be2fd0ce6e32cde0185dd60a56edc288d8de6243c1ca4e569f51,1000000
417,416,ec655f181d1b9fea168e131c5b47e4a69417fe4e7d123188ddbee927,910000000
418,416,98bf3b6e524f3aae12d54653244cd70465f6e9d3c371c176cc1626b6,361996822
419,416,ab0ee7328a6643b8b0f1b0990ad8d05a6aec2ca1f80e0c34877a4dcc,10405055147
420,416,66e3ffd005114cfc21b0c23f3cbabb2b2cfca746286824d372d5d839,548073415
421,416,0744867a3fe88ee713c319148592964801ab61795d8284a77d96921d,10142689
422,416,e892875d741eeddc536eb15bb8df712f375ee8b043312119ae1b3742,188322383
423,416,ba649d845790903d59c5a04676b782692d68dca6a586b24e1d7455f7,1886750664
424,416,e0bc89aa5a19aeb67cabe285f2ac3b3312db9b34d7c62828ff427983,108646501
425,416,9cdf11e9f7832510865cf609be23fce37c331324a087d334801d435d,362399403
426,416,05e107b58556aad477331ca6878f12d29609b232c1cc31d099950a60,50000000
427,416,b4617decd0f96ee313c76e9849ca171b4d3dfb2c375cca8af1c0bfaf,662979151
428,416,539e71bdafc8260d49a31090a363f19f627bb412677e9af47eaaf7ee,907458436
429,416,4ffe4b2f17149ca44a4176f604bff3a57b877d4e456f051b21cd9e9f,848405942
430,416,882adcca078f37ee93c6c250fd5c7f4db7ae5417b468e49b6b7b6c17,275694499
431,416,5df12b63d63b10222bd9fa61b074f72949c4805d17eb18b349b3adaa,1551605566
432,416,dd8f3e200e38deea7336fefd98ab66572801dfabd658f332105e18fa,26364800
433,416,f7315c71937b8ee2b38ba0cabbb3d24b34186c415cb1a75e1f383666,20556657
434,416,0d28e3cd90d05f96ba4112bae78454630cfe0138b873ea9b5005de30,10764733235
435,416,0c92fa5f3f54c836a2e650cae5cdcba7fb1c73465484b6e5870aa541,1268077017
436,416,3be428fc2cb36728ab76aee104591046834cc83661f5855a7926897f,126148114
437,416,19565434aaafccd0194564707c300abc2d35a13165c02cb9c761688e,1056461965
438,416,0be72bae471faf8641f78585a0fcdba99ae765de7946e46e8b7eda5d,1247571863
439,416,52697db9fbd69b5e179c7efa4b0d97cda28024087875c212e0a7a627,2110547675
440,416,b69644c2d28780d027af290185cd6e29356fa45f9090dbffa20b773c,133514916
441,416,41cc126b316155d186252cd866e27535ab3614176d4e45b8d3f69737,129405449
442,416,6f51c66d3a29c2d5f030cfb8e21376e24c1cf22150ac86f5bc9c9ba2,165266588
443,416,6a16c17ea482a0fa5c4c6ff7eec79c3aaf70c3b930527755c8f04a2d,471172242
444,416,bbd31c139830bdb621bc7f6eb3a95a2f1a9e338466cc28e67e0e9176,367028883
445,416,69db3ddacd4bd728026a19f9e8be6d41771d6cfb8cc1706798b3ad1b,1140666155
446,416,927fc7c9604b1b86803b1e6c79b229cbba70ff722d91214cfc33d8f4,10000000
447,416,554ec941fb4483a020554d84d430d5e015074f2754947c6394c4b215,238027103
448,416,9c36ad353d1d58d2e407c8d24cb0c4bcefce21ce226949b6f913d46a,20016444
449,416,f6966c6ff21699a1952cf5caad00654f24a4b31902c0e0545e46890a,1000000
450,416,ff7146ab3d288749871f4cf95b6d586203facd0bbf2cedebd34470e3,547560737
451,416,1be7677761b8b57ac596e6eea4b189c82347c81a16883994ecab3bd1,600270845
452,416,ba9cdccfb43c0bb8236d5819a7086f1093d0c0a4d6b631ea5eed67bc,1946289626
453,416,7ca3a364c1e90a3c896a1aab4309edca21fb3c566ab2d06a11d6bafc,2043560029
454,416,d8464bd3f7d97352c69d196594849d256d3f53778d98cd27437eb991,60128284
455,416,7bdd0506ab1adc6beaadc78e64b18d9c9773d0a67a79e788f83c7d7c,93211618
456,416,9617caf69deeb22a982f43bf9bf22dcead52f9863413e69292b3f89f,55478782
457,416,c55b4e912c5d71dfaa4f0b7487eecf8ed26a9ae779a9ad422639fd45,66256496
458,416,016c2d3655c275d14fa1c488bf4aa1c666b13231e5311e79422097a9,285907669
459,416,b8de694323c259b223d16ef6e743efee4f2ed0cde9cdfa47a5eabe21,5000000
460,416,8707ca72180e998be7256d3ca209f1018ee51fc9f9e1d55fd1d962ae,133573422
461,416,7a64f9307cd367eb3fb4a1f9ee3540a97f92384e95cb16d875c7bdb1,168764479
462,416,405966152e910c43c45f1d21d8420d7ce66c604b9750824741970780,33411328
463,416,222afda7939e082f26e12d2ce9cf584b44538b31a60e2e1f3f333821,8392513
464,416,7c3e1e3a1a82c6399809ef3375f29fd9b09b5356687aef4442977e5e,50200803
465,416,616c3e9cba8f160677242c76a07b025d605f0ffa90b5862c4446e8c6,384385731
466,416,a4b80e87136d073229a2eac01e78638540029c1d4cddbd18caadc738,167413614
467,416,a36ddcb8e9fc5f714b195bfe99e061184792a30d6c4fb01075e2b64d,27165503
468,416,cdb2fb071ac30e616b0e9b44a0485834a79194cca412c55048c214de,530387728
469,416,6537c4f74f158a9511a2540c52d32fc302f74acb820acb7e938138dd,230280422
470,416,779311e3763a0548a21966fcbaee04af77a5c21dc863eaf8dfb7d232,87486289
471,416,273800693d37ffa17b10fa9a8a2ba3ef04ed49a55f61c0dcfbf84a9a,525455971
472,416,63829018df15c83e1bb9ed34eae44286257c9da222693ba674cac4da,253675922
473,416,65265c1d59029834a16276a8c39e80243018dd19ebc359330c679796,48704848
474,416,9b91dc6da674e086e8b90c721bc7679af545f1c59795a94ea655b50c,3262807851
475,416,17a5d085e6233bd4709e4e13765c67d8af213d8ec69e9865c193d74b,50200803
476,416,efc895b6092643fc908c83d2417b2af63ad38ad520589c8b541a7a60,725660199
477,416,78e15c4ff6e712e8ecca7d9935f63ced0319689c3acd9ac05fd79d98,50200803
478,416,24c0af03702aca77635142b03003971246b68cd205c38c495b4b39de,312293202
479,416,851e58aaf8a0c9f3c9abbaf773b05533b5aac52afc6f9dab8d656c91,9578808
480,416,82356f5dd9c1d197555f8efeece254a8db19ef9857f7f1fe0d168fc3,78140522
481,416,378fe198237c90445a579452585222f4607278016ddef57b000ea2b8,113580196
482,416,914c346cd6bb0b50ae48c301419981cf847e1a056eb56f7d91d30734,238641872
483,416,0ab458e977fd40e6f351f369c58b4cab6cc89237676534d3867c9965,53935178
484,416,244ef5c19b4209da7df61d1f9a41ca599cf12610aed0f9457dbc7353,183399614
485,416,529828b5fb8e3347ffc11e615fead9d06250f5457c828595bba6d3ba,153222059
486,416,0853b63829987f1637b2c1826a97f5143571b33d2b2a729b7ad1bfb1,473772630
487,416,01bb74d6a09834970c7e1cb6883cfaecbd3982e7fcc8d24116deaa84,9999999
488,416,3e207494c09b30030260cd5ce9fafd65402693f892a3966c4ad9472f,39494688
489,416,4fef1de46ca4dffc70cafbce94918dc9e28000d395411532f418a73d,150000000
490,416,adf9274c6b2a09d1f352088cee4c939f9c8b95f75f761e6927bded63,500177604
491,416,cee5ec79ab9e160697c752a98f5da46e24e4c893600f74ebad2be015,70212230
492,416,66245022306cc7bc7c408845ef8eff4b6f3e43b47de7941c95889e62,153457410
493,416,746e049236b01ed655d89652e16100bf4836bf374b1f58cae0319d9c,66025922
494,416,4148cb4c0de2e37f2715ac2eefefd6c310b6f9358af0472dfc593d98,6821486
495,416,18ace5c61146b0b26f7d74e411da1394b5975350078e18d652c0f6a5,158164397
496,416,07c59e348504d75a47aa875c80c5f7c537f4153637fb942f8f21f7e4,58311808
497,416,91e234a75f838c2266aa67ef73f90c514e18527d1351551851acd953,50200803
498,416,37eb22f9d057a78e20c462139eba91fc14ffa1fa0620b154e91a113a,131413680
499,416,4e1b5e33ca40177148b9a59b602070a93d08c6d28769fa954879cc34,85591601
500,416,6bd530b62ab7384bb1c3587cf52c29ee1e58a8f10abe719db749b887,87025698
501,416,d3fd2904261bf175a7b662114806dc81bf3523a8126354c24d5c7d59,325602297
502,416,945cd17ae5a96a439a8191283c8459e67ab18c7e2d93fa1dfce4671c,225925351
503,416,5b4146d87658aa97cc91e145316cee33961be704e53e38f993c13fab,257000000
504,416,9f77b7c63ff36fc6bf4b082a77c4a49439ebd5305e184772b63a3aa1,400000000
505,416,a9a906bfc0cd2de4756fa12612d3e0e5b179e534e9cb88cc5743ffb9,155203166
506,416,42a9b7449b9ba23da79cfc754f2172d52b9a8a550e0e7b6eeda08f77,680128268
507,416,afa9cd53f1ec464d6bfde2b373505033e6b70197394f66a695b89f9e,83689287
508,416,ad122b9fa3ab86495712afd2a6f655430427c2cf21a54fd0c8fe8e63,325744630
509,416,556100ce07693209fdf4b14ba4871585986dbb91b732b535929c77bc,500000000
510,416,a8fe5934b7f4cb3a24db0ae235b002f777c72614d127bb3649809961,252532859
511,416,795ef9299b2ff6d373db76dc670ebe6acb5f5f3ca51f75b4373e14d3,59999999
512,416,89c8cddf9c306ae2f45b1a329759525c94d966176985eb15d5d6d3b6,930893017
513,416,459c833e1a7547ffd56df2b61dc0deb0c93da2b86301d9701f38978f,410530489
514,416,ac2fa48e0f73a0d0d2aeef31271f4c5a760d7e7d951bc9132d136cbe,10361818579
515,416,b80fbd43190dee7562d7e746af746f44fef0dd19640725d4227e5ec7,921306633
516,416,d1a2c9c2ac9bd2f3108f7b0b9bcd5ce9140b4eb7fdf67c025400fd46,1368535909
517,416,84498327d1af060a24cd49af6bcc3411f02adc24f19ce6046adcc67e,5000000
518,416,7efb273865feb908d7ddba513de17352e1554b62e62f9f417113749b,60340556
519,416,7cfe44196c3e15c7ba066793f64a5e9d84c4cfc781f2a4a155539932,38479311
520,416,fdcb54902dc7bc60e24787419a88341930b50bda3efc4fd2a381ff3d,59997670
521,416,ffe1965f87ae4ce47a05cbece25d5c618b1dff720f88581f5bd5b2b1,59997670
522,416,789aab9cfe1515813fee4048a6bae8fb0f19227b9e167b888778abfb,20301339
523,416,42a0985e0916e6bd9a3e3f693cb98433b324d6433670496c363344ee,1518396441
524,416,cc49c427436479201845dee1a19f6148e015b178c5cace194f9628ef,4038569071
525,416,8a116fd370e6f96a9c008b885423555af7b57a39644593768bd24ec9,58439805
526,416,f10f0281f07751a5339f243b6f3113406cc9a9dd4038038f9e0ed2a9,1778752876
527,416,d454f318a8c6566f00c68a23802c71ef7a6b675fe95d0db765a1bea9,26000000
528,416,dfed1e960ff73a09e1fccc0edfb226e3b4460cc5a75cce2232b93166,41778889
529,416,9ec26f63bfe50214282ef7ab89765bb7d647271ab7952de6815fbc19,8287751
530,416,ed2d886c9096287956f5c505925a4921e587a7fb6b9216a178616076,290676124
531,416,983ef1478c7e0c8dbfcf002a753a080eb863c8bed6ee2b9292610215,1140968662
532,416,617083b7dce2eba97a9cea2286fa2ce09186a0ed13612bae69697bdc,761155838
533,416,6932deb22295a31fb022f0ab0542fa2b64c1b7574d6bacbb6e0c3e48,13042471
534,416,6a4561c6821fca5f458b07d40448d66ab824167788c1ac4c32172fc0,463602770
535,416,853527b05db3d8710dd586bceb31671450d19d1528808dda111a7a5a,2000000
536,416,61e4327e7497a9698c5e89691264e91ad955ca7b2559b6f455d94acc,150200803
537,416,9787b274f1d942ff6df2a9c9acb9743dd4eabce1021eeb7e3ef6f325,304302666
538,416,35f31e0e99aa11179513402c64432bf50299e9a87276e8acd9fe765a,299999998
539,416,374b46ff0fc4f269f31c99a12c82159a58207c3e686c437d57dad408,504984250
540,416,e4ccb6554005d99eecff0d715ea14efa4f9cdc3666e7e40d645f1b48,94347826
541,416,cb1f173c0e4e3624f51a0b1c2706174478d1cda344a04a9fb9224b1c,1271829512
542,416,ff8024db6eddd7c21f9da642826c7c9eef3c3de737dbac25d05ba4ec,6168434395
543,416,cfffd271752dc8221aa5c54113921d6369c57eee592d9018574c9196,187101367
544,416,1f436afa48e9135dd6e2d4e819bcd6f964ffe62f1e3155af51b679ec,120173272
545,416,3eaa831376dc1653d82dd533ad541eac17127eb29d50f4ebacdf2554,413159198
546,416,36e441f8f0802b4833faaff12da90441d3c4458e00a6b8fc617d5233,163090044
547,416,8e10e8a74dd1d2d16fb65bd52c367a037f7058195832a2c0681e8e02,81787488
548,416,ef500acce9b7728948264268d5807c40106c9cfc347b884efff9db46,1453859491
549,416,c6f107c42cc71a66e32aa050e10e55847bea744aa74e1b2134435e05,400466674
550,416,5dab3fd5d3fcd16456322797fb97bfffb7fe5422621e5fbcb24a8e4b,80653354
551,416,85ead69c8e7ebea3a4b2e2eb7da7da79b3a949a120cf14696afae74e,721165932
552,416,5c388590260c27a11e1ee1c0e753ce29e204c58432e25fa2d66bb33a,105344187
553,416,a12d7337565e62a3d4b816f0291a3f7083a14dff1f37384fe9345453,14788250
554,416,d69cd83114d4b8b00aecf4a023b0d55006923898ae4267328b8ef5e9,30556170
555,416,97b34949bc90507dc43b603e6a0b032a7dedfffae48bbfbaa3fa188e,55200803
556,416,33aa2d901716ff3f637169a618cb88361d1c8a9fc3a1eb34e4e27b80,56181750
557,416,82f4a39a60f49fa8d9bda01c2b5324add0c869931c85c6a194ddf8e1,283964346
558,416,9456e7f7fce05990a5a5b7294ce3b6effc1e0ccde51238719a4dedc5,29394375
559,416,251afb45009e8cdcc4d95ce402b280fd11751704e540c5c12c5d293c,30001821
560,416,afb7b3ff7c7e774aa19da088896aef1db7481b1f3d7d56c3adbdb495,2727535531
561,416,56a31a31d994dd695445965d7862c2025320c4d7a0202bb6e977e74b,700818474
562,416,3f268be60cc6780e7f20df3069d724b4b813ad061e3b0ca979d349de,409603870
563,416,eee8b1916d2222330e5bc83e7fe3f93cf362e06d9b47e41d44b22d46,5507779550
564,416,dceb6f76062e47c7f0824460a7cead1eeb4f9d450f5af0d6fb9b4b07,112642041
565,416,8169a4fe4082e2591078b7c7382f43b12e8c51108181444f7a7c863e,35106617
566,416,62d9741a02b688f04b4fae2ed7e9d039dcb65e80e7baf0b98b8191b8,427527560
567,416,802cb092106fceffa2337814d10a42c330bfd573c0b29819d6a43b4a,125000000
568,416,dcf082d3b0ff3f282c6ec3012fe1e30963441210943907e14366f7ca,1402107202
569,416,6c304017a8e3e052142f75d2a85ac1cfc10243686113023b889c8968,234260595
570,416,b8c227cee34d9dbf5d26db07c2b7a0e873838135cf86021c2232fef9,1013823643
571,416,65dcf1c8a4c64db03f7aafc5feac36b78ef5d0f6eb46d7968007cebd,65545760
572,416,c84a1d57fb0c8ff565ebbb412f83081c519276869437f255b0bbcfc1,464462150
573,416,e22e374a65731b7dca2bbcfafaed3cd6bf64cf8a3e69bf898d5a9426,109038613
574,416,d1c0028ea9d45dc4a787b0171ace30d0b242ab4879f0bf33453e383e,18515401
575,416,9b79285667271079a0e660f0c80c8bfd4dec0dcc7898c80a40c1a64a,56535876
576,416,b5f426b97021b8c71d3e772dcfa60c279a69e166d128c2e496a79af6,99649600
577,416,be552efef0ae24a7f47968faea2c71fe28a7b64a31469cfde8731017,3000000000
578,416,268b50ad94f59bf74b844db64a206111490bce164673364de01ade99,719910649
579,416,6ce98ddcb14709f0191f771216fcb60396091a4a004b691baa938fcb,185986742
580,416,e15d60985be9f20744e9375380cdac872582134035cbf12d352d6b44,271482943
581,416,d03cdd719860dbb0f0aeeb1cfa0e0237d8aa622bf9c6c39c08801fd2,1038369861
582,416,fa97516004a1dbc7a70e74254bc262cc85268f8c158a7d3a56b89ffb,100007152
583,416,3106f6e4a4134df3c3b01a609be2569822f8d662843ad0c6b129ef57,15003888
584,416,b86d5dffbc00894203fdf272c003fee91969d85b806859edc242b34a,35990431
585,416,e3fe1aded971a56dc2ca9fad8d423d3832f7ac0f915911462729f453,64469394
586,416,d0c6fb9f09f04b9673f6036d6318a6b5ea4023d875de62d2741b11df,201228425
587,416,6b3fb0cd29beaf739a8299bbada3d2709ab07603293b6037bf609cba,55970597
588,416,0e229cc8fa16998e81904b2bda4438b5ddf0883594ce8a5153e6b2bd,10000000
589,416,e7dc57922d735adaed887f06044db8b95f9cb86031d73b266028572b,12402932
590,416,7dc6d4218cc6aef884e3bfb394ac7bee9388948fa3cbc58e99074cb1,195285539
591,416,4ee18dff52099c980cd8d3a1e85c37110cef73ff901eaabdabc12c60,307325346
592,416,53ad03696a854631cba8cdf7d2628fe142aae67a9e9ce8a19b81e4fa,50200803
593,416,bdf30d6a945d5f4534b72f565b5ea8ba6e64eb7390231a62f243148f,23830024
594,416,a7b9ee64702f425ec79d48bec8dc50489e4996c684b3624233bf6e3b,50378413
595,416,b2cd3ac1116b5d4d2634eb51a832f9c99dd03abe51b9e05f463bde68,439711928
596,416,2a8f72452e663bb59bfb77272eec0b72556f3f3b7a4de91d4cfebd54,73715086
597,416,d9276de67208990e83fb2921bc61b9276a64a1cfed5225e3edf3e8d0,15541002
598,416,de2741b180b358007312e37d9f95bb2a9d9fe21e501077c097242bb6,811161877
599,416,255a97c61a4b63163aeb3a1d584129068b6a9dc221de67e776d2cb3e,567552066
600,416,b08acb2a5e023f462f8bb88f048af578c5309cf48fcc4060fba31d67,98197828
601,416,15c57b484fd7514ff133f68ad1a68e5e84d4141d18a658aec1bd8a1a,734322524
602,416,22a0499215385dd8acfe058fe27ae6e5d04f5696b386f7614453529d,78160124
603,416,9df0fdd3db0158ed684a408f5e5dd9743ae46de53da4e3d5377447e7,1303562758
604,416,67fffa13350cb5f69efd949568ab2ebf8348f0dabc892dfa86c09360,100009314
605,416,ed5b9e25a52b5f3857b648881cfc2664349c25713f7efcb56c6cf499,50200803
606,416,77e821da0d4136b83e3e8854a8ccce10d2997b7888c280477ff3b7ce,39036274
607,416,8c738aba609903d995a789c5cde7e59510858da191c3fca173d8ecc8,56953030
608,416,9db8d3d4abac0e9383f83307212017b966510fc34414e5c75f2e90db,71735924
609,416,764d01e7198d743368fc26bef4a824e745e88e499863d170f68bc8d5,390533776
610,416,6eab0c08ae40f991103f4c655c385f319d840a7f1f738d573fde3d07,56532825
611,416,3fbdca8a85a77bb7448f2aed7fc255737afce334c27beb34abea0f98,250000000
612,416,b895c57b4e6630d050de5e09138efc20f7e640d2bc8ffe1c0d14cfba,13868566
613,416,30abc52c354158400ce2783dc8d58d0564791b5faff1b012d74d7b75,3405454133
614,416,6b6b15e32969a5152249e0aeebebb2d68884e1121683bd560d12c3a0,10255752
615,416,fbffa3ca1aa8b1911628181e1757f2976c4981da8ce4a1cd62cde4f0,170836051
616,416,b13e6a158243745f3ef0368d838cee372f4580626e3b0485b0a91397,127513047
617,416,cd2a8e62f293d33a81e867b0df1a8f7b391d8e34c11a2246fc5a5b30,63829362
618,416,ecf1cb14a49abe481c4930be126426df3a7468257a129575cd49b41b,4475819042
619,416,d38b75eb9584ca38021840cce6926718bdee5c7a1f74fc83f85f1b69,5282563
620,416,759d6df20a7f19005a274354accf23be17d066149740f11b76115565,37837048
621,416,6dfa5c283d15c82b85b918c5480a6abf540d11f8ba50bdd65af11b86,28072445
622,416,6f5544c69b9863908d6ddc7bcfd733904da28ec67e8df2122d147973,206442545
623,416,41c36d3ddc84ef66b56f1a8ad1bd87779262caeab0b0ec2ba129dbbc,1208056815
624,416,9186822aacfdb9db59d107702005407fe027b81c0c1df99ce5d63960,295703096
625,416,5495ecf15703a2d5fcf263a897cb29acf9c03b6f6a337e16dbc6ad83,129997419
626,416,a0d41f1fe990c25b4dc74c7a048ae1554d7856bfea01cd994148020b,110309895
627,416,b6cdf3c4560e284a5d05fdc1e919565e5e3b6bd51640855b450ccb41,473658811
628,416,9c6b26744bd56fdf8d153edfa533838c64edde179e56ab43ff39d44c,396242583
629,416,e9a40ddf87b256fb83249091f274bf94b94f0abadc1004e5ac90c47c,261486407
630,416,bf80faca49b6c4b820d11fd8028343afde02b4e9cfeded543c4650b9,144619156
631,416,84ca58728b7a0c09f2fc4ab0cc42734b2e486e6dfb7d79607191715d,600200803
632,416,4000403905718b262c8c0038569b478ad0a51ed2be05a1a2406e7012,15311433
633,416,1231092377a09ac5cd105c919cae8877e327ddcebcae4d52ccea9970,5000000
634,416,ff61a732a31922bf132a31f7d5c095f67e85af068bd8391437c03c2b,100000000
635,416,554d72b24f226c6a96cb983ef63b24130d57dc8d585956fc6d22a485,69928505
636,416,54007dd63152ad9122e7bab424920e99fc9421ab02842f578cbfc909,51862577
637,416,0e708105365843987464ef2a17403ac2758c5d34bd7cd39af4495d81,19999999
638,416,24ed67be281a66a82b581b4c0ece31fa5ed6ea53a587fe9f0b9c9548,24999999
639,416,14f99c2c357d4e1223c0145992834e3541fea5db9062b15de64e8900,19999999
640,416,19e08b03de2c9d424f1c5724b50958dc851c9a37424b8de2c763ae56,19999999
641,416,7ea8d6a503b0f531cbc705b935f9a623bc380c317ea46d2e24672cca,19999999
642,416,ea5375a9cba303aa0294197cbdcaaef342267b2669f87a5a9518cb4a,19999999
643,416,5d98e55cdf230a84c36848d21803425719fe2e70d9283ed8fff5c022,19996493
644,416,9390e5b77698559db589fcc9a6c2ffef5cae3022edad91b6d641c722,19992988
645,416,1af9d33322874e0e6c8c3b394c41f3cd2ab3d6aba762a63a7e1feb57,19996494
646,416,39d4e7e51b40f1557a1b9c05673e8973250b27b4e39f005e2d31825e,19996493
647,416,915031b4871e9395fa2edc07fdee4286180c4d84058368250395cb6e,15000000
648,416,d1e84ced90cffff9442cc47648e7e407a8fc75dbd8eda0c7940d0ba7,1050000000
649,416,5c9a0174d12599eebcb69d1cf00df2db4bf9fa596b9dacc91a8eb89e,532979058
650,416,0c427a38f091cbb25edef7ac1773ad91184e64888b68833d93237d79,2030903168
651,416,18186ace200eb42f8d9c606bab39fe37daeec8e36e343e8fe459cf15,50006683
652,416,9b5ca3c44c5b45ec37beb7dba0a3376e091d5d78dd13e3f5d6900701,101186743
653,416,5d9de15a9e526c04fba22b12118560b4c7aee4f3bee35e23431b05f0,16529418
654,416,e6ee639f25bb0d67eee477cc929d90c29ca0d8e4189af8f0379e90e0,59206682
655,416,049f5531c5ce45f52010ace6f997dda2bf73c2f124fb5392d797be31,5301437
656,416,a7c6a6c53441b8316576bb50792a824bc0bee8bdd7f3ebc6c84f7fab,896938764
657,416,1c17a2b47f85fbfb39d92c74636c3febf1c4171c923fcb69f1d9cc15,1443994023
658,416,00a84e32288ae7b4e6b88e0924ba39bcf4ee1648099eaef3ee634cf5,2011876659
659,416,e5c4eeabb7dd3b0009a7504b99c150ff873d1435f00baa6cdf8f3804,92762640
660,416,ae6b8f00e7d5c35f9288bdf57264abb8046581f24f9e91f95d475203,27924478
661,416,0f7f4e5408110ce76fdf5bf5a101afbb9a9ea8ba64e37bf9f5dc2f6d,55200803
662,416,8e6dcfe2738a7246c0d4e8786ce30a4b62e7f9a1e1264777973532f3,510453168
663,416,c676e7dc4c9858af4a8fd787973740b6946d225fe321e3b0b01341de,5000000
664,416,e21c95466972e7ad5b8c837d59586a382a5bb5913665e162e66b5066,250000000
665,416,9375ebd020966513031a0c673e6ea6f9552d47b78bf0a27cb7278fca,105084524
666,416,7100a5fc6d8a8a1854e81306d428ddbef83c1f6c93d49eb11dd9d5a2,364861342
667,416,f08a2242c6a6353ea38c9316dc478cad0d5e53eef6c1833e763eb33d,4860731
668,416,0e1fdda947e41660678942e74533730397f813f642857338f6f52c27,103400982
669,416,3b95db115617cc38974f8c1c4b3993c2dfdb3c5ec769d8b4859252de,334681568
670,416,aaeab9b7684986211df7822d6a65eb2bd62d3ce9abadd1cb60cdc59c,63581466
671,416,5502991103fb3f6ebfd0bae6995312e29b4ffafb852dd5d0d8ff2ce8,69000000
672,416,a843952052121af4fbe1030d1f04efc1e600e34c01c56f48ac6c7dda,38658205
673,416,7f1aef8affb8d4f7079ede6fa56ca2a43054aa8080b35b16e7cf1ad6,55200803
674,416,f97eae728d16e144a61fd42676816422695566339712e2da6ffa5993,123408963
675,416,370bbd9c85a44a5814d04917ba5deeccec2b086e0a6a3dc546dd481b,316049328
676,416,649b09c655b62c4b9bfdec752dba113a3e6a79e8bb860e87d6020fa2,543543907
677,416,29c0e417791dedc303eda7e67643dcbaf430c4cb1ca20916ac22308d,210138872
678,416,43d0a98cb18fe49f759a593585010bd4b4947c7e7b3493de6d96849f,88304589
679,416,6b6df95a2ba7e16fdaee7329887ae746e02ecd3850fc682a75116ac0,9000000
680,416,9bd32d0c896ecfd22af41a2328d4e1d7bc2e8be07e61ce7eb5caa536,10628435435
681,416,fbc5a2e4982c53a70c6eb71bcbdfca2698bba849a2e5e06ea566fd93,86411932
682,416,37d0d7bacd94e0c31b8a3a88a5b9e075dc47a7c11720e9806eed4ecc,634333644
683,416,eff15a8eee7dbe991d1c3779f3bd9c07e99324872ae6cc7dadd673c4,43235086
684,416,664f46aae6f6b141f25a4e365c46e76e5a40e3654c132dba68363a42,771323808
685,416,22d6d1a161b389cb0d8a76e3a903d96c76ed20a55ebaa0906b19b257,153455777
686,416,8d56b95df6113023461ebfe3d7be31dbd1f67ee4dbe6fe4d7536c099,800200803
687,416,3c91dddff87a11d5e059789c7ddd81191849b439902c6e208407d1fb,6137125078
688,416,9bd3f69b4c63d599fdad5b151e8ea20bb61a05995cba211562730ec5,2000864016
689,416,ac50c97a84362198cd8fde5a960e06f04f3599bc381042bdef7504c4,173851145
690,416,5aa96c56ff1f087670090eec0bb1c9ca087e48825aa57466f79e9614,502205187
691,416,ad23281296f0b832cb6e835c46056903fac762d56f345a1af9988836,462821193
692,416,d2a9e3449671da65c467670745d3d5ba2f2f261187808191a95710cf,1038136810
693,416,d8dc639f4acfae62f5542765643c3dbed62ff861834dbe3ffe374e2f,35726611
694,416,38a6b071d8b300a0a8219cb49ae293024f466985a89f62d6188d0388,205902917
695,416,fa9c7e0beaad372083bafd39c7cef554824a1e9eb21556676864ab7e,487187509
696,416,a3857f6dc9fa15ac685d02ad13824292ec40648c7af5b4fbe064c0d8,127679203
697,416,ebb3c77c9d613815a380172a1ccc3f14b656b3a637c068209100501e,949347680
698,416,bd96fe20f8f49764a9bf949244b85abf65f8e99cd523619b535e4b96,2556449272
699,416,878c6006173f9d113f53ba6169317039743808f62e25f539418ba4af,78925806
700,416,b6f16173bb13f9ffc0b9f25426ec7219bc2cef6683f3edb36fad318c,26725412513
701,416,d54a29b20fe890c66f79ade9b7bf5b59756b1cd17d76d6100794a37b,1000000000
702,416,45133390b119b3395125f3286a6b28b5ca2eb4ed87c91d230aed2f21,98900000
703,416,731f87d5ee7275023a1a2e34e209e32844edf304e4f34ad54ace3ec9,5502696749
704,416,cf5450200267464f17eca7d4a23ee0c892f8bb6f0d464b8b5eba0c73,64198334
705,416,edb0c1b08e873184c25ab99e045c1331c2a8009d5d6abafef20429d7,683782305
706,416,cbf2fe83219efa63b2e1d6c43e53fefa9280e4e862b5cc88d5bdaf7d,1043097884
707,416,8fee6a42565c9c1ebe2fb3caf8c3f6590df4a8aa40aa37fd672605dd,19492470
708,416,60fea11a301aa81b05dfa5a6f2894e614324dcd7a40b3c2df7888ae8,30000000
709,416,ba0a5189328a2fc2a06074174a8cae39b7c8fcb57e03038b5f74e410,400764522
710,416,b8d402587b8f3236244c3588115a3d3e230987c437830d31c147444f,44056052
711,416,b82989f36f9471ddeb5cb48abfc4b3db92692b938d9adb90b2f52437,4416942771
712,416,72a4f8762086be088bc83c7753c6c075ffbce4c2d5c436d5bb14295b,199999786
713,416,ec622c8600f497bc464d08f69666891b2f18e189b73765e83105245a,75403792
714,416,6d705904df855aaa03836cb1566a7ccd2978cbc1d2550f33b5fbc262,224139640
715,416,abb253e5b6a7d55fa17e1b44d424d331db044cae077e8cd02c52c35a,173092047
716,416,46c02bcf34f831b8605940841374d4dbd7400ad080322461e8c9bfca,154999999
717,416,73a2384cb145aa11ef7c996728c5715f87b007368e1a4769853927ee,335500000000
718,416,83cedd04df8711b2a6adfcb228fb0fa6e1f39f721bbac8e7848b858b,63556979
719,416,ab4016e775734957466338ed9e48d682b75e7391e3890a52f5a645d0,448919131
720,416,4e97aa6be7488877b0e0444a7499b89db7dc6e2b6cd2c84aa4396025,6883280789
721,416,08918c42b18ddf44a0916525988f5b94ee9520a3010ece764b39399b,82432668
722,416,d66e1d8b511f3b4be9dfbb5e1003f75f11c66816975096047969b528,5522628
723,416,040ef2d3dcda8343fc298416745f781764c418cecc4af2de27173075,717997874
724,416,d042f9789f543c0e9653612b20de19c024ffdedb3b0f79e0b130252e,219360760
725,416,199c3ae4a00d29e5decc1784ddf540928095f4dfd424b64c150feab7,5000000
726,416,b9127ad6a07fb42d0a5323ce8a79edbf1fbec2c87d010884d650799f,96763211
727,416,ac9f05c32ba22bd69c748a56ebfda32353e10d3a88e00187ed27bc98,4854581655
728,416,623f00f49ed872b8fde76a4d5520f4ff63e50dec00b938701fe2aedd,410769094
729,416,ab36593689a7f2c767df136a7dc71218547764e7ea66739e1d25c510,142419142
730,416,509902b30c77bc1acc7de0f4d68e08b575f8f9ae8da1ebf462a133ba,337555861
731,416,b441ca29dc1d111c2bd998f8b347f57613bc68458a0ffda06ad65066,2081052759
732,416,a047569358e6352e6713799b727eeb9f160256a74ab94a0ea8cd1e6d,62087861
733,416,3676a8f6fc88d00bb27fa5eb2e25f91b69ad6b211c9931263bbeb39c,516371027
734,416,1a8d4bcce514bb0329f23e50f2af102e56fa4d2d40142dc898916d28,165200714
735,416,2f20b5fb521c5a954e3fdcb2dd35ebacd6b3f115f547669044c34a69,176328368
736,416,bed90820701ec88d79cb4536bc0f0d5d9eadea4038f704ea26aebd7b,717278545
737,416,85dccd823a8eda33c9f680bb5dd7c09479fae10c95732a968f39ddad,689165730
738,416,d47eeefee6d105593197339c5981b95dc6d0511ad441fdb840820a5b,200322299
739,416,af76cd81bbd78968f36d4718cf6fe8f033854e12ad81390432ffaacb,43000000
740,416,f90286cdbcbcace1a08c240643031a82a7e443d38affc318b3203340,261855269
741,416,2150b9ec8877b50d07e54d5b5828c1eb189029f26a28d84ceaab7f35,713887320
742,416,577e72bce8dcba58ea3423dce45e9e8a8a270f65339ac6e64b22e6e5,200107416
743,416,0dffd2d5af73d5577a3976d171582cf71c0b9c7ad342c2b148f7a369,8223303
744,416,87b9679714eebad39554239abcc970b4937f19ce07fae769da678184,278866981
745,416,3418756f34cea6d5788bb02b5ce089c4bf81dad195096019f1c0ed54,176974041
746,416,058f356380a71f1d3d1e14c7f1abba5f716847dfe200f36c3a5aa949,7000004586
747,416,8a28c4dd17218ab3a0801ac06e12700f4e764caf0cbf2bb6a9b896be,55480479
748,416,91b90be38c88534f0e56ac18a8d1f0c6b1502fff72d59930ca2a37de,360000000
749,416,2a2af801d6d80d6d209060a6844f279eb52d0bfd485a66a001bf4863,2539829143
750,416,50c932f2307b366df7e0d4c2a462a0cced8ff0bfb46c565d79b69858,367303116
751,416,4e6357b65b3479d5e94963c01f5b6eca88a030a35fd9851dd3b648f3,207965408
752,416,a181fb98e93e123144d85fee0993bd560ed91d82ccb4b9681bdecc95,1812579880
753,416,1741556bb8f73f9ce821d81a273de59e3cbed3ce6ae3358763709f59,1540958115
754,416,dcf7859912f6bfd0ebe45a4e2807d93b54823e194918a35b5d84bcdc,363240647
755,416,9df87edb89f15cfbbc1d2bc31d67a045860d2eed2e9b5c7f81317e41,33084089
756,416,75df5da715735841b5212ec303a6ee097e9090f137469d652e75287e,1014809933
757,416,e1a8082c47e07a5033dac58e317d904b814c3a3d26d9abe1647274b7,87001766
758,416,c57be0a444778c22246558890b1c5e25f056771598d855ffb52a00c8,100011748
759,416,1ec35cc7e933953ef129dc5adf6c6773f0400d20a0c3966ffa19b253,1281989825
760,416,4b950752c2113c742fcb45f06e31f1773151ec070e34b5361a2e559f,559990706
761,416,e796bcb50b9cad39dac7649d82e9bd8a72e341d117aa96815472f4bd,286458114
762,416,d4a97194b2ef904e9d10c98603d44d78bde6ab98ff020f7a3bdaaa6f,49100360
763,416,f1f046fcc9cd06aa851f3296213d127f954ecba8136ee829a645f3ec,39747795
764,416,a90c9789e1cc4e2b2b3f0623af62cf6c143918214776980f29b12d12,353823616
765,416,f1997edde93c962c05b401ac11d88a8dfc240c543b0ec72c33880d0f,102063929
766,416,092b7b9ae9bfed9f25757ce431f885b079ba820ec102294ec9f18c5b,19145645
767,416,597619e9233ddb715df243a0d183d89891f3204dcac08dcd692732ef,731723377
768,416,4a2c7b350c362ca9652c45c2e8758803511b13f820c24d0904329df3,141224878
769,416,d5113d9fda58f5ae5e6c70f99a3bca807ccac296d7cc95500b68fa7f,211943397
770,416,d293f90ea2fd8c346edc313e42d1d8e3e739282dca078926377f6e1d,50742841
771,416,de5771cbff7cd2960f946f9752679084b94af12484abc3e14ac4ad97,323630601
772,416,d98b28723b3d2830bb326cac6f5c2f24a33372bf70df45a8edec720d,99243760
773,416,a6275c87fe29638ec63e529f7ccbc3f29b77d181cee3bb24945a9fe0,111326373
774,416,ac2046ccb667a00d612e1d217598538ff8534c61a606aa5cea610b0e,295964285
775,416,66cbbaeabd729d99931787ed8131e73a68c9c975c11371fbf3385cbf,486175426
776,416,66e6bbe9aeec09b3f260bc94add8da1431a39a102ecd653785cd4abc,61774046
777,416,bb065d2662a76b6a4be9b01e41d5c3f50462c1dda589da692b9754da,11461980094
778,416,2d7f83bee28f29bf82eb41de3d59674e71af6a2faf3cce9eb95d6026,33799731
779,416,e7515f9075f064d8d23ac584f85b9b5b497222bc2b8b4d833ddbd4c8,97000000
780,416,9d03958dbc161d2be261ca4abefe912514d0aab8fae4c6fa675179e5,2750604801
781,416,e56d333d5f95252d68f7c7bb93abb5597fdb6e7853fd3b391a2896fe,213275596
782,416,9e14c25514abd4e463b4b90cc16403eed16e70212e55fa09651e5426,621672186
783,416,772e948ec345913bb1f86e295f4ff0d3b1f70e1b4ebca5831c6532a9,41795265
784,416,c7a86c9c19def585d674247d860174f22835041153f5d755700ca691,500086491
785,416,2a2acc24ba402b8086208c7018a49ae417d95461d2979b9d994f9035,1371770412
786,416,7d9bd96bffd557031b105316885d46d7a6a2cfbf4afe31753e92e61f,154962126
787,416,6bb92edd051df976373d32d0c46fedd2516de9f4ba5b02ad23758695,1158262468
788,416,30e1d879e58f4b99aad070dce28fc7d759522eacc5e3a06e79aa1279,259452178
789,416,4b6392d2070c7245cd820ec96bcd1c52ef692a3d8a912b2e26ce19a8,66853409
790,416,38a8fc64092a8494a51aa737c5ed6d1a719646dc471a3b5e71a8aa70,2661469637
791,416,828ed564ca4ad9f96e30ec114aee7d724e72567e44537c8aa264ebc5,734914877
792,416,6362594e81cc4bf5946e14a30cf676df0db656ba14dadf367ab90167,819667554
793,416,a5519ef18d12dae09537ad81bef88d2cf26f0a098a611e2c38312c99,101000000
794,416,8f869974639c5d8b3f9cb2bbfe8233ed48cb10eaec5eff4c3c348443,58770159
795,416,b03fc0f810dd2efc888d5f89243e67bf584b1baeb0085d00336fd44f,234249441
796,416,8bf9da969b6945e62f6b21af1dda2ad4689af2e3d6922df768b23130,29337128
797,416,392313dcc5d0f5db4d27cbf49291ca10ffe08be2641ecd15b7412fbf,59176866
798,416,32cbdbd2f9f64649fcef5351f7270a491d0948d64e12cdaebee8c73a,150086805
799,416,b3c72cc872a682f6b3d1b8f87ff3976f088126529a6fc791da10f8bf,162656982
800,416,fc5543c66855df3872fc1c6bedbd95bb592feb158a7656d0964358b1,104187009
801,416,58c052676fe5b1cd52fda1ba62bbdabef2b3f261258e1fcfaa4df833,66474523
802,416,d7f411a2d05b49de04d03a3f741e944e144104873ab8eed5fb571752,1034086084
803,416,71650e55c6b4a8f40882b66809da7bcd7b914f2832b5be94f35c9836,939815802
804,416,10bc27afabbda7fc02b15506968725e6af86ff6932f30a128d1d2f9e,15917713
805,416,7968a748b588347106eebc57fb2cf6afc0bfebd72784ab489dbd0ad5,5000906592
806,416,111233079530c54a894d6c092eb2ea196569a53c2ad2642c386fa70b,314036147
807,416,25878714265470699b0d97f4087e3c2c40cb133c374012a239fc9b6d,220500824
808,416,b476886ebb904922102c2c8e89a984a7e37aac15d29adcd0120b1a09,28258311
809,416,a7c1af80b98d51810dceaebf22cd513f6dd83bc0b46fb0296ccf26d1,30624564
810,416,619b6b3a2835612d57f1fd005a20a950d5d17f31434599d983f4f066,140000000
811,416,9038d358c8b68ef303e14fd92dfebe6208fbe1e39e7b1a9deaa8bda8,200777699
812,416,dcc2117fe7b56fbf5a0c7ae4bd3e33a3a4ed07cd25e02c4c6e34d510,308137697
813,416,0f34fe3191fc19946b657ddad79c6cba4fbf6f3c5be68eaa76ac1937,1119036982
814,416,af9690bc77aae193799caff8fd16cefc4faad635dc5b4628e6b78aea,1233317786
815,416,87acac5a3d0b41cd1c5e8c03af5be782f261f21beed70970ddee0873,147184357
816,416,337cc0ebe91c677d32b45378aa718afb46e731d20dedca7e71fab356,12419892118
817,416,594b5cf4b90fa03498e94b259e4462f7b838acbb727e5fb27a1512a2,10098128292
818,416,64b03c94c08691790077f8f113c8f4f5732f44bb689d5a16472a75d2,4970
819,416,63d62b85ce675ee25e9e0da4c846d9843afc136a494b52ccdc2e48e2,4988324237
820,416,72840ba35a6e9ce8a523d6ba64bb70ea14031f2875a718c129800680,621542744
821,416,faf69519bcc564b0910efbd47f81c2730b0afb05ad41c9fe36fdf85a,241901606
822,416,031321b696297f754f81ed3587e1b77be61c69ddfb7d1d61c366fb19,313932179
823,416,c0db7e2df629334f5bfc704d414ae5fc6b2ce09cfd6532728a6f1270,547536672
824,416,ac293f8851bccc597d9f23b7b76bb9afca7bf65e42c93fd9e51ebadb,1
825,416,e0ea68c3e09114bb8b746e67a3e44b5e4c0cdce33c07391dc1f61be2,8185240878
826,416,965a5c906c1b949c4a11c34873fc394a99d785f9d2a401439e89e7b1,4873622311
827,416,3275cd12069ac276583185e43e3c480e3c984ff72f3ecf3ec6c0216a,15777544903
828,416,ec3543779054d04588489cf33d9ec5889566af60493f4cbc45a06b20,2151220086
829,416,46bd39370e967bb8f02258034e52e067791859c2ef94f2fbe58aa952,541072056
830,416,530e91da3662110b551799b066ca208a143fc6258d65641f9b6c456c,572483722
831,416,0ec77531eed2fc259fbdb315937e2e94e8f988b21af6db8aeed1477f,62648758
832,416,a2b3fc71aa466e489bef35c30ca8b4a9388f701ab0cd73c9c81a5409,91460757
833,416,1b4b4f86e5b81b5bb2670e1931718f26ea863c50da0e018d9f1aee30,1071507967
834,416,867d0bbc161fa9b4c7fb242b55ac34e39a4c5cb3945ecee645ad2061,290970230
835,416,31161a3f479812bb1b676672d89d870a9eb53209c5ac33bec960388e,2161611175
836,416,5015aba4d3c982a18669bf8a76082f6563b3bb7872f876d3e910644d,4273213814
837,416,ff935aa9517ed6dbb666d91a00c0172972ac4f6de32420c025a23e37,40442644054
838,416,3029f0f969f6d032862cbf74a5fba13bab59de16247d002ee7a7993b,10067768617
839,416,fba0d2c2242bf4794c16df6438f63a677f173b53f5e57c3646431f3e,1312943723
840,416,f357aeab5d6038af73b7ce783bf505ecb9ff382a18e2b211b18a513a,1369290350
841,416,63b3889ebf65aba913b3ca44031d7b2c59b04b0727c3f2e67d52d034,1000000
842,416,23f17601e733c65010dd4742fed2696a51ed82b34658835ad8006fa6,5015167452
843,416,08539981f38d05e27a930283d06523e278cab768ea7608af8d0115d4,92524644
844,416,9e50ddf52e4f10e463d16c990e8523f3054d743f07c285ebc1bfe805,1804443087
845,416,2a38fe999e0e75a82a46c4841e9cb6c5cc1ad23da92ebcd58f2181f4,75658372
846,416,6a39cb26c6a2823249a00a767353304514a5ceadccdc570d602910df,54969770
847,416,c89afc2da9175089b41172171fccd8eab4fab0a4c4576d3240e0e2a0,1752591798
848,416,eb399c4149c7004a187d460e10d8e524215b9b39e600560ce8f42806,2138947320
849,416,d8120b7ff6f379164a6238e94a02be9607348d66de8cdd6ad923a1e3,244242996
850,416,15606a30af237ef3bfca6b3b7f22d22fe320630f02c84787d533896d,130026574
851,416,e445710004486e840bdf5ed3d7b0b16f2525b56953acbcffee8032ef,4950294353
852,416,34811b3298113527c237bc9c22b270f991d0e914ca28ea9ceb3e8893,2770838440
853,416,344b062d324fb1d5c2604c5381acd0e0dc8eac7fe94613a1dd1c9ee5,656675381
854,416,1123c53d399310597d1da25669e7dcd4e7ac2a1ba04145640eabf242,29548628
855,416,ee5592e3bff712a914258c52f57873c0cfc73a7b2c25008fedbcdf9d,692657891
856,416,890a2ea2488a9cad929ea0e830b7ca6accf5260cca8b55d1e0cc91e4,508753963
857,416,fdf0a8011a7e976d9659c2cb25975ca8bc604215572f91449d0a41ba,15889688718
858,416,243143a1edf725605b078e3660ccf3ef4811e54ce8d70b04ae15a4b0,314981041
859,416,fed154b8ff375c8855f72ae202abee80483810f0a2cc1d8da7594735,317797802
860,416,5cbf5f0ea9260bb305078b3bbfdca41a598d232d74c9a30db243ab67,745716255
861,416,ccf0463efcfc0be16312d889a485c827392edb4bf32af4b43af4aad5,1198109606
862,416,63d743b740615f2d12bc71458bdd64af6095903c952273123f6201f5,2729216919
863,416,de8488c64fd5fc8383668f550cb79f2c2548238b214e2a332eb953b0,10188870562
864,416,ee956a31ef2cc051e8a7890deecddeafaa26c189d1e0506ecd93c0f7,1047451726
865,416,cb7cb7825c61148750bb1569f658df2f54872e4a21378797628893f9,778245478
866,416,d683ff7b8b7ec25d210d61d015c0aa66c0befccaa031851d067af87b,80180222
867,416,5f431f57ad76f9c3feaf03809fb3ba95da61f53fda601021a73f8040,2034455737
868,416,cf160c79e4395e9b17de9ff8fa6d78e9ade6fee1e7080e0c00152e3e,73940875
869,416,6d74a578d02399914e6e91e30fcc0cb11157d6bb8bfa11e27c1f067f,1219429944
870,416,8732d6ae48c07b2694e9918fcdfff84e0995b165d4615c32fc76a978,1394810748
871,416,d085f4d3f567a3b329a2048295317bc78bb372e4e6c7800c2a9d0107,162355348
872,416,1d80deffae03e338ff08903a41506c45b274b85f6a9b439391226cd6,280822656
873,416,a0cee6e15f6846fd716614ec5a50af48bea1082e9773a50867f81a18,557680825
874,416,fd604bfce2089228bb84742efa2a90ad7f678753149f4949b376143f,1600823701
875,416,ad7fe2d8b9b3cf82a37e9633c0e48784f788f352c5314d5a5e20bf08,82568577
876,416,c835248f41cb65303bec60d767f0299ea458a19c8c04beb125513487,1041988611
877,416,230b51af049fb21eb6aa6c1da19f1ac3e3d70b406e1fdd0ce14c6701,480288868
878,416,c05a3bb916f898f5a4bb6886e7eca889c8f0e337ca7d0ac8a23aadf3,40909879
879,416,bd7adeef28fe4dac020bd73ea7c095c9f634682f730d7ef6cd8d3a93,22381081
880,416,b3f6fd4895d5145d55e82ab81c7f6d97470f5affcd28bfc318bc3056,5411682215
881,416,27e19a4d47b49657009c6265473dd7191ec0908bdcffdc0fe37ee348,192520151
882,416,ff7025065ebb4ec9f6eb52345aa2e26d53b6cef048fbde949ccb7fa9,12288262
883,416,c85e5827ec3620637c26781bb5ea0dbb047692badb517adfbad80321,386686537
884,416,af7dbc337958b4ea8e417db5deff1df389a18d4b3793b269d85bc2b7,16980551
885,416,ee0d3f0402347e81228151903cf5249eb6303bf0e78b4f488263db90,537809621
886,416,cee52f54bcc35cb36bd96e1b47e33be1b6cd35bfabdf74a4ec958f86,155127958
887,416,89e2278398d15fc90fe5ea89ba016a5426cf61dbe67a0a96adc70e04,2492815793
888,416,ecf6df3e564fb3214117ff1ba3fb4532e6d1f2fb80c0015027b291b8,2579359665
889,416,6e1beb91f97d5743780e42d9a3deeb8102c716ae69bafe5f99a26e79,1646967173
890,416,58ea2420f64fe656ec5943e779e98d1fc110179c2458ed15a54fd121,317988911
891,416,0be100b577b01fb14cd3163192a4b4ef9862a633c140ae6f2c8bf6c2,116929461
892,416,6f860cd15e7d9a0fe71735b338fa4ad81e418ddaae95928bd2994fc1,1738124809
893,416,5277d320e4e981971f75599c3c15bc0abebbdb6aea9cbadccb16bff1,9574632
894,416,c72e850b91ecabf6af5dd3da40a26689b9f94b93c00a374c8b3119b8,818016251
895,416,1227be2193b0f03f9ced11395f01fec9baab09491e545787377e5787,1725126537
896,416,1f6bcfb63ce737900a489270a4960a49f698bf29834efedb540f9a7f,145177458
897,416,65be0ee61cc8cc3f6ff9687c6f1c8dedf12ae28ca1510ad182c8029f,38000000
898,416,95cb60c7b06a24fc1280c59df01ea612f0246e4a7f426b366aa9bda3,204663058
899,416,85bcc68578fe0326ae00e8aac5e6c5e734dfc3fc04d8e9a31d27c1ef,2342178150
900,416,4124c3e26995ec7c090c879512610191389cb3a1ec92c0cb7df3c9ce,371495387
901,416,08abc365d15eb5a450ff8ed2a6207bfa3cb5a0df4ec1ddd0e6636026,464913
902,416,727a8cee0f9f9e8a9bee8fb8234ccb65ab6d5f14ab87bc19160f710d,1740280925
903,416,460b03e4c9be9f26635bbb42db1bb7757c65f8bdafa5155fcc3ca9df,2934665263
904,416,31ab20da63adf95f5a9e4ecf297d1d3eb8730f6d8d17946696e8ed91,30473543936
905,416,417c2505be109fd2af2977545dc9f7630bb67a5d692655181cccc676,1584336307
906,416,82fb2871ffbeb518ec1c2449ca26e495b991592dabc94066a84fb247,218089339
907,416,c2d5b272e2f3d057756e4c300cc19643ad3ba2a2be7ad02573d127e2,24771763
908,416,7f7c5324f392ad3e9c21587cfcdc0a526ab5e3541dd2caa56f3836bf,30563186409
909,416,3993f803206b3c6d823fd5286f5dc1d4c91135afbafd3e54f651a411,74361548109
910,416,ef9efef8728d54bf24063b5537757e982a21e3f83f62eef138dbcdae,367974567
911,416,0f444e0062d2fe9becc2db61d1a5d7ad41ca20a512a5a486e9e4dd5a,737088635
912,416,9ef82b39ec0521ee2054f18b3811007af895c6a3248eb9bf458ebedd,379693564
913,416,5702f52da640d5a34f3ab8ee04deedcd5afdbcecee453820caf77825,544759519
914,416,d4274c2088411d1c7c9bf283cb734d0fb4577bc45278481cfe7505f1,2310271167
915,416,bd1ef25d7138bdecb0e6eb7efeef0b3338628a4406d7e482670cdb7c,572706519
916,416,cb57b003edf212f5f09920822915fc2e42c6623428df6c2f9a4aadcd,17215000000
917,416,6e026594a22d65113c775c77f54a6fff8db8b97a637e349bc31be577,388126773
918,416,c9fde66fe27b703cf0e7b2dafab026337dda757a1958d8147b7bca3f,302664989
919,416,18e4a3d3fcc5dee4b932b901795dd9f7e6ac57c448fca07e2f564029,1251888171
920,416,7d5258011fecab08aae5aebab8b28abbe2d0667777ba836007a62f80,1342154432
921,416,815fbda2445993f02e75d4f6af38e7d9c0e61e1d3578b4bf71c71e55,472473883
922,416,7502c5c924fda27047c2cdff8e5a3ebf823c8427387b674b12b0203d,501894536
923,416,725fca12f5495b2d9c9be40376355bb56f673261a0c0fefcc0e83128,16305292
924,416,e292dc90457553865ecf16f586d72185fe4ef1afb2dc708f7099e4dd,568361035
925,416,9a61f7971510f411097fd34c7e4f3c4a20b90565017332f7a1d401f6,105002279
926,416,653389b93840ae7db1d4001ee26e576a3039e59fcb266d6b1f7bc89c,144009535
927,416,7263b9dd48afbcdd9151c3044a290690040aec1508704bc04fee78ec,112047975
928,416,5a3d4f39ee17e2b67b6dd93ba71379a098b16f5f1839a069ce9533f4,1933422255
929,416,4d5da618c7b48388366354c11d5e897d2449b087b523fd083fa0970f,573451304
930,416,02b80d9935da7f00d97323735ff2641d938b14f3ecd24b01a990afe5,71095411
931,416,c0960051779497477b7990f39f17bf14442e56a70bf43f068d1cf57e,75159566
932,416,fd0172cfb6d4f7289491b5316afb91c0f416ce5ca33fc39727bd691c,370989073
933,416,7c134532a8bb72a435c2168b50fdbfb03c0c1cc207953dfb9c248a35,983874798
934,416,c8deaac83b9ca7f1a985b6c69adf60da07c2b3becfd2fd9a69f22b62,212399770
935,416,a10a23ec8c8bc86c8b39bb8d034a7ea407acf952bab967bbd8797d7f,482808115
936,416,8da4658888007dc5604d42ff781ff425ae51926af8c15244df8a3052,120112746
937,416,ca7e76e9e8561ae2439155c41d892b82804326312996f369b5185119,264621618
938,416,dc02ccd3782cd2a25908214624aef4b201639744163010a68cfbb484,45653677
939,416,f5fc2163bd928f1bd4be6463323d1341eb5709ad2fc7780f3a0110bf,12397846093
940,416,31cc994137b7a7e50146010ffc9dab9caf50973961ac098c161b70cb,9753000000
941,416,8bb0865bb4db24f54f482407ac29261fdb00c959aafa4117d0ede5d9,29840778
942,416,8bb170899ad086aaf786240e8429aaae18448301ad0d2ab068d38f4a,33617957
943,416,05f8ebd54f40e71508f9cfec116a05dc8256562162f8024666821248,216155215
944,416,5310a7c00c573d9400459ad061211250ce8c164a1b657d952003f32e,52796790
945,416,756668ceaa6ce6e4d7496885a50692025b312e14e59277ee2df592cc,2603951030
946,416,23d5170dffbfa8d5cf6534cd1c06d52d6d2e8819b7914995fa9a94f4,65887776
947,416,89fae6b961375b8fc1152761eb6e0c30cd8a90ab0134a738216642b8,58638989
948,416,ecdd6a81ee434c3d773a0b6b27d426b3d86ee4f8edbb4016e5a6883d,449452630
949,416,b0d375a666929853733c41ede207d3cc753e58870379f1d35a5981a1,553136570
950,416,6a22c66b1ac47584e99999b61de170878547bb5a6b87946a6f1e018e,559948777
951,416,c8187c41eb40257b5ab91dbaebc86b17c94a60baaad8d601b8d68a67,330036568
952,416,30186fa1d0a3ea83c3c1b7f2be0743ac38009cc629a0f9a47d22d967,187596739
953,416,23a833160c3d6a9c09c95cae9035dacdb5be88b00fd1c34ca6399bd7,651277952
954,416,79438ea6b8e74a34f6f9e6ab6aa0fa0e5c5a8b35f7ce55cebd6f4bd6,197597986
955,416,9757a7bb7ea19885aa7ee7b79fdb8a0fbedf1af89586415cf9a5acdb,635202110
956,416,9bf780683ee09b92d00a465c519ef7febf74a26e6ff45fd9af96e496,31000290969
957,416,9c8cc3ac2810e440ae1d0d41c4d7cbf79b860b5f315f8d4ed8350d81,15065943612
958,416,4c80764f5b682045f12a83303d017d4dbe90f09f76b2108a5c44ae54,332232869
959,416,f00f927995925d46c18314ed041f55e32d1e9bc0da7b18b5f9d56602,7382560356
960,416,ffdd039503cc055c683d4c9448a5de6b8440d2537d7f22d509be0244,2895683815
961,416,e1ed4dd48ca0646503b3a472308164931c2c27c6803489952b9bbc16,2573815944
962,416,058a5ab0c66647dcce82d7244f80bfea41ba76c7c9ccaf86a41b00fe,118625314
963,416,c8af7ec346eb1242adaeebd3ad327b140d37d084dc75a3e026ce4b39,307693557
964,416,471a7da16adde82c613837205415d298b0daa240ac6bb42bdbeb432a,2816417021
965,416,3440301225c582d0a5a6a0a5beec84e9589d670ed742b1cf94d7200c,312839689
966,416,6e1af944114d0b0f4e9ca648a1a8bef65cc380f25f26ad97df13ad54,98587047
967,416,1e0ad68cb0d5e41cd4af8f6891730238a6114198206f5e6f5b822a91,540243292
968,416,356aa4fa03e001aafa876b3eff7ed8f2abd9bc2cb3533de1432ebd07,3657486110
969,416,607b30e34270b5537d464438b4610e8ef7b31dbec118f1300f9c011e,306088861
970,416,a1c4b6a38e79815e2ef0d2d9767ba90b8bb5f670255c64144ebca8f5,194583733
971,416,a3f63e4cbce10a5560a60dc4c7360da433b03e596e9c61f507eec809,1000051203
972,416,d203a585d517315ef60b563878acfd72bd9ba9bd458d8c432ba53f7f,323668882
973,416,4378058a7cccac8210e262f05c01a199aba092f30c3819ac2528fe2b,2228544102
974,416,898c3c9afb579c7ab9c2e07e7a68431f5f32afef7b3c791e35f9f0d1,60007764
975,416,264b3be253f8b7ded1b7c01a483256379777df963ce59e49167e95d4,573942855
976,416,3350a1cb0110a5855f289a0738fdbe0c00c07cf748fd5f5cdf1aa63b,173824204
977,416,516cd880324ddd13b61bf0a6ff57fe3cb33e72a321fb06ddb6197d9a,24737581
978,416,b4104eb088ce03de62e31e4b7f6b60b5c1330bb82b8514a44365689d,1532813468
979,416,de39f7ab04f04a2bc7ae856070da9c729ab014f9fbc7366ccf04b6a2,49993529
980,416,a4bb846ef68110900c05f24352c1648db506ec921bf6011e61e01684,427633541
981,416,50d6ae116ba29b1a6b1f0de2e4ca6cd7468e42718117e5c60b39e845,1980625905
982,416,34cf2ba5230a0707a588f234af528b54521803ee0e42652343a50860,2353380290
983,416,ea7c3e2882939e24cb8aa17a942a21d2ab7dbc9907ef5cb8c12dbb24,147038681
984,416,2b4aa51896041c905eac490447f886afe8eb67f3b05b1000ce976cb8,11569606480
985,416,b0d6004a93f5ebcbca3d9df0d90dd40d56118c2d092bf4073450c7cf,53598450
986,416,30608ec8b48a9c6715a40d231871b98f28b3ff401631fbc67177f0a0,0
987,416,83d6a70fc8175ef9b6c28e852325b084bd687a20eee6a91a074032b1,67966000000
988,416,a74340a486e8463d7574049adacae6920b126c6776c41ff1fb0ed2ce,289581278
989,416,f3f76b39880a88cddb5894d309d3df9ca801055c5067cf47a2273d48,1113400921
990,416,7a730560b9ebceba314474dcd86bef107ba8a3ca8b51be98d68c1d05,242050180
991,416,52c00775fe235596935e769af6c0805d1f8ad057ac247668aed449f1,3437132253
992,416,6c2c506ec04e624743404ae1688a4fc6f668de7ac6990612e26246d0,6524837
993,416,690b0a92962d8e5940212f11e4e414db2a6a773f06923adaa063bf7a,185583647
994,416,f04b68fae7139e08a0830a7ff9a4146ba44d4404c1e843b8ec59d2a8,2710227460
995,416,712888e3c4bbfb9c9ba3be4b51695d39507fe52f35b0441ec2484e01,6253000000
996,416,ce736383a9b512a93405b76edf6c6dacdcbe28d75891ac1de0aa339e,672276325
997,416,01bef998896e98a7da9e8c730f444f02531fbf1d3ab31f5dac05823b,531097474
998,416,df3d3096984141dc893331e5dafb79e9f86c93e769b33b3876d7f2fd,5170145664
999,416,aa80189636dcc8158a3867734374b720e2478b679496c05430f410cf,5260997693
1000,416,48b0743ae3cb7f03a705cc0283e31fee0bde1fada52fca0985980c5a,12590517
1001,416,8d995bf956bbf2a69b6549ca3a6830e9292b0d2641e9fa520d0f294d,1126867928
1002,416,5ecab13ff044936c1995f6878a507ab30072dbd58fbac220dac6bbfe,1219083846
1003,416,2c792d2d01687a97c4788e1822ecc017ce0063767d9a4db2335806a0,93185145175
1004,416,57ea5d39c88f246532413ccaecf9f3b992b3ee65abcddd5c921190e1,8309926510
1005,416,e59513fe36ef7f5a94ef7c7dde91d74f3d7a1e30d34fbdf00fb1ff51,3600956342
1006,416,86be47e3f02ade0055290f56554a21cd9f6d9e3f037b34301a28890c,4538703961
1007,416,56ed84621876a312cc681594a7465bf2877c7050322c4034c00ca32b,69566919
1008,416,63ffcea431889194cc4340feb1b96c81251d0dc547fd50203de1eb83,27262185
1009,416,12f6a51a346513c205f3d56530dab31b2ffb5a92ba6bd868c668b229,90688064
1010,416,29512c5afb810967ddccd68d0b66bdcd884b0a6d84cfb0c0fb5a1c89,608537265
1011,416,fc1c84e08e8e47cda82dfe5d2778002da43570516efe2517c7878226,38092361
1012,416,cc61886cd84b2810e7509648dbac8024a15547b5253af083842d07d3,104904644
1013,416,9057a63eaa2afa9e1f67bdb5d29fd62c59c91d0c79a30e225f079aca,1589405300
1014,416,e7e403e44dba57de0f385a4cc97784eb053d1a864e4932f72939ca66,39000000000
1015,416,cdbc08c8fa42aaae830143e70ea3e23afafd4ff1aaf378084d878a1d,54734221
1016,416,c3cbfb902edfe30d832386653f9f0706dcbfcce3578ba2376e75b14c,1259930046
1017,416,94f50c8eaa6eb7ac799eee225b05656d47297731cbd4f071bc5bf7c0,405140763
1018,416,fe4cf1daff7052d78068d03148718bfa73ce6d7dd0218380801bd768,2012821149
1019,416,ac05ab1c2cd7af13f13b2f9eb5c7d1a1f35216613c58f6e78b35f67d,1078420829238
1020,416,f2b6cf66cf3dced0bd0a5048a91cff7d79670d90adfd6db96278e62a,1700000520
1021,416,946c74a18ccd97a6cdb64318cb3374ab72e83c616d30d604e1cb8d20,100587150
1022,416,b18c6ec043fe8be54994fea40737423de41f59bf46b00920c2f9001d,1757737602
1023,416,4a327222227863b7a44a7d9ef1e8148060bf75334ea1015e18617e17,3428744407
1024,416,c8ca667b94b226c0400fc4f3f8ce935ef841edd752b09fbf28b1cb16,25094452817
1025,416,9124156d56646d11e50b702724ceb71ffb59238add6deebc4e176f9b,870689687
1026,416,db65acac4f16266b7f8a861554967ce8269de3b2b3a37ce6d225711b,2130621354
1027,416,e01c3445b0cb419904ece29143d8fb015d498e90c33f8052545ba1da,62591055
1028,416,762ed87b67f99ab17ee69bb8a71e33c124af01bf29b0045d7bbd313e,2108497613
1029,416,55f6685cbc8c1c99948804a10f2eada7ed6121822a45452582ead10a,400000000
1030,416,92ba863f983fe5f98e487a0d09cfe201164565ced6e7bf2dc1ebcc93,379204080
1031,416,5f7915de6b5e822a04f67df657ecea26d6d7a62bf41cb374e8c970ad,197221937
1032,416,ea374c2d569d63853df7d92c816502210495360908aa4df12568e567,72055206
1033,416,77e222f372bcc8b0be973c9a882839f381170452667df9938babcee5,64360430
1034,416,fba8d8b4540834cf4a429dd21d96df1b9aa9232c87cb7c22e5a91ec4,326247084
1035,416,103a18c8b3b964841f73d52e0c579fc88f335d20d9c8d7f4de033b3e,140014783
1036,416,23d61360dc8643e3e24d596c728267db0c3e4482a8b427aab33cda5e,187565206
1037,416,1c084aaa1b821b6e7d21126bd6889b7f3401ebed2d199f53a64e26fa,66200803
1038,416,c54d3b3eac586665a5d2406aaaab7f12c2f43bf15eed59de51bb81ad,1682042697
1039,416,8c744ebc3c21db312467862b8c78e22996d630c4ad1cc68063763124,5521095450
1040,416,9f32afb76121b1f7b8f95eeb67e2e8c13346bd110e2f99ee02647139,264829301
1041,416,8e253a76b29eb45b7574793772261b6bcfb20df13aa0a71708db9025,751482475
1042,416,811d81c21b08352b6d13adc8815022f120336e4eadd03f4ee1a1b0fa,9400000000
