owner,indy_staked
dabb32fbe6705b30c4115902bcd7f9458bb697a980bb7c02ad4f4926,35200803
87b9679714eebad39554239abcc970b4937f19ce07fae769da678184,9639397
c8dd59a7a5c810087c8d4cf292f7c083d4f4e973fb397950a0103c4d,40496751
32e908a47133bf035a8e00bd458925374811b3358ff382360cd3b2b2,59326925
affba47e1ee5b89b489064abdd4832751f9e4f647c388d76f7638c1b,8879489
53ad03696a854631cba8cdf7d2628fe142aae67a9e9ce8a19b81e4fa,50200803
4658b7af5226b8970b29067a31a209ace0d302ad56764fbf56dedc56,17000000
16108700c74e4e98c9be8419d20b0cc113ca98ec34759d309c926798,20454287
d1a2c9c2ac9bd2f3108f7b0b9bcd5ce9140b4eb7fdf67c025400fd46,969098267
03cedb84a8f9be28d7671c4ec26122e3d6a33c219dfc6577226ac83e,55200803
b549deacf00932ff64dd9fc014c7e4941fbd80eb2e9adc7c65aef58d,50000000
4208e35823ddd862e79dc2f11a6a89acf9db6d1314953740c2135edb,32503248
ffa71583cca7e3eee6d517aab1189076939f544f54bcb4fb847024cb,55200803
3872bbc9ab42934449e0806d376c7fe16177b4fd781edf43e0703f21,18000000
58c052676fe5b1cd52fda1ba62bbdabef2b3f261258e1fcfaa4df833,55200803
5f05ae7cd5cc5339ce2b65abc1a82ec974799a939be428eefffaf319,50200803
e56d333d5f95252d68f7c7bb93abb5597fdb6e7853fd3b391a2896fe,70000000
a65059f2283e5ff29d0c818cba02d9f700fc7c3e891c324bdfd5d1ca,46338009
d71882533c70394cfade226a4b2338786ffcb27bb1a360148508c28d,1006948
9a2e3c694ac64ac5c0080e1fdc285df47e291edf26118d93cff447f3,5101587
e0a5fe8d81c61f33e7b47c1a5b07c02ca836cd80b91e2ce18e088db3,20200803
3d1168af1573bf5b74d0cf10c8fa32a1b4173649f230e1c90960183d,25200803
8ad91bb38fa2cb05d75eb47773ec43267f2cdc6f3763fff9c6c2b472,50200000
53313be7f4738a1ad1554126858d052f318ccbf66d88b5016e9155d5,1000000
b72aeceb9e9ecfa02d76206eada3945ff1195f5a1e7f3147681f115d,17600401
86b1a1942b38354c706326958259163fd86d8cd5a42b19ad92a9ed47,5000000
3dff8cc5b2384f33949d860a2437868ceb61c90eeae9c4944124a773,34230002
61e4327e7497a9698c5e89691264e91ad955ca7b2559b6f455d94acc,50200803
d8999fc80d66caf9be7d1272876ee2c36ed74ca6671d4c421b38d3bb,52019365
582e5b3762d185fd2137bd675b2af9664af6f161201e6a50e2b234ae,99342908
17269abdb3bb645af9437a9cdef77713ae3d8c1702f4a9666f249df3,140637469
6e3705283abc36d62e5332e221e4f440e90b8f716b0b412c8ffe2ef1,30000000
5495ecf15703a2d5fcf263a897cb29acf9c03b6f6a337e16dbc6ad83,55200803
6bfa236448009db2c0cdcf14111c24fb4601a05d8dfb4c18c6e83ce2,50959316
f785d9e43dfd3dfc38ed9fb3ed2703dcb80bd3d08d936164cf75f5e8,1000000
2a229ef2ed60a5d82124b3b8abac63eee3bd1bf12cb00e56778c5f4e,4999999
4199f4bb58f9b3c60dec5310a8326d46c90318b83d2e96ff45f30bf1,12758
6eb4e9bdec0cfa3e33f3f34c84dab1c29653953bd510b1381342703d,5000000
7de337d83081a32aebfcd1e0d193a2bc16a27bd6b79d4cae868e10ef,50000000
5b4146d87658aa97cc91e145316cee33961be704e53e38f993c13fab,15000000
ed5b9e25a52b5f3857b648881cfc2664349c25713f7efcb56c6cf499,50200803
026a986627de817bcb642714112306ad7b7fec5c593af507676d3835,18000000
0abb6c8c4fbbb45d7ec22b09773f1ec94c6f7807a8a8613a60b1348b,55200803
b4104eb088ce03de62e31e4b7f6b60b5c1330bb82b8514a44365689d,804719075
e22e374a65731b7dca2bbcfafaed3cd6bf64cf8a3e69bf898d5a9426,105401606
5f841de490d21c2b60d865852552b8a829e6ef4fabd1fee7ac7977bd,112034508
5cdf84ad76fb735689a463f081ce64455d07208781b617297b622830,20000000
bea154f62b6917d101db620f33befb5f111ab157744941a9cf82086d,477170190
5472b179d96cebcae06812bbaf84376c78af678540e9ffff3be4de22,50200803
eac9b8627964a479762da2893801a7f69d47b90769d60bc2e2b3280f,40000002
fae249fe9b9f81e676fa386c6e40f030575a4cd9ee967b97767a5add,106937328
aed15a9640ddb1ce9e762e05d762f697408271d99000dacc908eaf6f,55000000
378fe198237c90445a579452585222f4607278016ddef57b000ea2b8,89742495
4e036c22a66017b6812ae2714e328a1e467f248825f837d46ef42273,6849750
480162a64c53e1f9f76d471d5166e722be81296144d422344254a54e,83249161
60aa4eb9f3d2abdf9816fa92d3df26477de6be0f8f22ae7f9b68f897,6468750
78e15c4ff6e712e8ecca7d9935f63ced0319689c3acd9ac05fd79d98,50200803
b19d4ad9096a58f150df5ded2b337eb4c01c83cdd84ac9646cf7d8ad,329062708
c5c84d8aa2eb2af565d26b8b768f65a6bbbe5d6a45d2426318ea0a54,61333438
60fea11a301aa81b05dfa5a6f2894e614324dcd7a40b3c2df7888ae8,30000000
aaeab9b7684986211df7822d6a65eb2bd62d3ce9abadd1cb60cdc59c,61607194
92a18583ff5b6549b812dd1035b420789020d999240b9d122ef5e71b,21358542
016c2d3655c275d14fa1c488bf4aa1c666b13231e5311e79422097a9,277753617
e482adc5d5ccc025e8cc5faec684ab2c6b44d7675fb5a7d4574095ca,45000000
7efb273865feb908d7ddba513de17352e1554b62e62f9f417113749b,58065424
fdcb54902dc7bc60e24787419a88341930b50bda3efc4fd2a381ff3d,58065424
ffe1965f87ae4ce47a05cbece25d5c618b1dff720f88581f5bd5b2b1,58065424
00c23272851a0a01e99fe2d78fc1195e7fcc4dfcee50e67faa81e9e2,19984236
f8f559545ce721d7840b7be2a0a6a3329deb66f145f9c82472cb30a6,105602409
5aa6c0a272274e26404c4a61647a0f3640aef587a5f070346d2ad1d7,55200803
96cf25856115165a58985a79380745ff06a21e5000559d8f98bccf5c,57952479
3403fe6e055b5bb87ac7ba4ea21ef8b1ec230896f64993845e7aeda5,58587113
7f3035e70a52858a2e16dc8e6f4ace755235da1866ac6c40ce82158f,114021548
72840ba35a6e9ce8a523d6ba64bb70ea14031f2875a718c129800680,286685693
e796bcb50b9cad39dac7649d82e9bd8a72e341d117aa96815472f4bd,279353822
300d6ef4408477ac30dc09785b970655ef57d1ef3ab3469d6eb9bebb,198017629
7c7196a2e024d2b4ea5fa113dfcb50125d174f190c7a8535bc29184d,55200803
d65a728bcadfc7a322256780b59a9727c28dc96f1471d03923e6935d,50200000
251afb45009e8cdcc4d95ce402b280fd11751704e540c5c12c5d293c,30001821
1a8d4bcce514bb0329f23e50f2af102e56fa4d2d40142dc898916d28,160200714
d651ba5a9fa1534f863a2fcb6b286f00b72ba814a3ac498ce7329b4f,1309826
fea32511f9a826f9d4356a5153aaba989eb8f31272a64aafb8124769,40532313
0b1db916e7560c61e187d688e00f936a0730a88d1049e89f4ece9e9a,187934182
09575db3a66d29e820a464f9a5784aa42e3efd96396413c15d5a1160,50000000
0b946323e03134a33d33f3eed7495a9ca6e2355e05c86612a109a802,236803212
c1392bf9eb9d060a2a46e64d01409eef8d3d9056fefa25591d403ff9,55200803
076fe746635376963ae1c07c98dfa6a84168ff429673d2546ee5e744,105881200
1e8dd25c30f9c306824fa0a508c0f195aef1dcef59a29e4c54ea951c,63000000
0f9994357199cc942ae21db1166706be039ac30b9aeb51668c06c820,63345491
c54d3b3eac586665a5d2406aaaab7f12c2f43bf15eed59de51bb81ad,1343832271
9ee8a6d78cfe08f711db707e4943b1ff84dd0b0d24afaa162d6ab7bc,314421617
89a01cf2bd9ed786ec21c34dbcf0c12c30fb04e0b703f7aaa5493804,276735040
0ec77531eed2fc259fbdb315937e2e94e8f988b21af6db8aeed1477f,20000000
a06113a3938ccb49b7ce16f9b2ab9111f914884df9c0caaa289937b8,50000000
c8af7ec346eb1242adaeebd3ad327b140d37d084dc75a3e026ce4b39,198859130
0d4be0ad7df529963b184fdf0a4ebf4bf745aaa55d35e66775b24c34,37593492
cfac2849597e191f8ce7e3f3555150761a2f661beebc6537facb738a,104310442
11a264bd8da8b3a491a292e52b16b46c9308d79f7c8bc0d26b1c9007,48176014
dec779d04e72bb0665c0e872b0518430c847c7da5652612e24323d1d,25000000
bed90820701ec88d79cb4536bc0f0d5d9eadea4038f704ea26aebd7b,320701992
118e1971cf74ab99eb803dab40d03ddbb36aa9fc9d849c8ae8665bd3,20000000
b86e732c78733ceb1d2f18f0e4048aeb5811d302644febabd90f7c29,71075956
207da1665306e4feb2e839893de459af9e41c57839cd032ba39f6738,32199376
5b06d393e8dfcfc2b19ca8ecc91c242dd437ed72d917391264183f36,99994658
2fbdf41fac86b8215049143086655832bbab1c197f3768f20cd72cc6,30000000
ccc25cc3789dafa8d0fd76d139cf2380bd9f2f422559672e22ce5604,5000000
6ce98ddcb14709f0191f771216fcb60396091a4a004b691baa938fcb,185986742
8a4c3daa12883c0f1497bc247769e75a9780ccf05e91a12ff2817052,5000000
95c097f8de85d1ad61e7fb9dd4c9f1806532466e8ba44e5b9ecaa85a,10000000
54007dd63152ad9122e7bab424920e99fc9421ab02842f578cbfc909,51862577
55c68b3f96b346aaf600bda925aa29fcb4cac6c835ab16647eb13ff1,359403595
2930cafa7a43d98c175f6714b78c01ead31d802ebd6c0102f16de275,103887721
ef1b8e5788243f98f97c531b88761b54587163b6478ac6ff99fe359e,78166375
4cee593c13ba695c56586d315642f8b954320776b60e6f476123ee9e,155375272
1c17a2b47f85fbfb39d92c74636c3febf1c4171c923fcb69f1d9cc15,1258662070
3f6947729e3716f8d574291662fbbe0b5f12012b729e81b71e24f125,3605092
6b1b3b6c653239a344063df53c885e3bb0aa463431a7a52b1d218c46,5000000
af28fb0c496ec12e14bd2b811c3e0b14af9b5f18832209c9403015b3,79726117
38a6b071d8b300a0a8219cb49ae293024f466985a89f62d6188d0388,130252763
d5783eeb99454513796d07833a55b33d041157aa2557f641d50b7f13,14837988
ad4777b70337d0ced4b52aaa6bacb63de8b472344b8f00f330bd09a1,736992153
3f4df688832af85a0f6229a527551a9ea9e842325009b0f350d360b2,2075290061
47a70e7e1e30fa7879992e6d45818928c30ae913cbebafaab2ce71f1,101159724
d2a9e3449671da65c467670745d3d5ba2f2f261187808191a95710cf,1008282849
bdea1a2fcab12f296699d998c594e8385b7342f2ff6fc2e60ad65ab7,68141343
792e7d025df8f35166d580890e3ba2acd6cd267c10a86cb79f7690c5,24724344
ab58c0d60883d0faadb70a4d7afc496edbad843100ace9f364914342,5075773
2774b527cc66118eeb772ca5553089dc2f9d0a675d5d4bb0615afa56,108331918
520c457ae4eaf3b701ef53044439beb9bf38336fb0ea940e0ff1b94e,60153913
dd37137c9da4da78e2b45301a62c9b42b9f201be4082d5c71531b926,45567462
5a4fad55fdeabf0d0dfb5d4b75464bf5ee33a8f1edd2015dc0b39c24,86557358
9d80b9f4238f52c9fde7e7d8fbd39d1e68d713cb166cf74a94a277f5,55200803
727a8cee0f9f9e8a9bee8fb8234ccb65ab6d5f14ab87bc19160f710d,1000000000
68c422b24b256d0fe88baf824bf11188b7dde53bc3212e39b57fbe79,140958328
65dcf1c8a4c64db03f7aafc5feac36b78ef5d0f6eb46d7968007cebd,63202665
a2b3fc71aa466e489bef35c30ca8b4a9388f701ab0cd73c9c81a5409,50382611
75840f9ca325b001d5aba750b5179a78a2d018f47952f2cbf2b49919,82655190
d203a585d517315ef60b563878acfd72bd9ba9bd458d8c432ba53f7f,218556572
44e24d780aeabeefa584edb5490833b252b7ffeaa1d2bbeb92e41394,721023165
315da5b171400a2b8d131c70ea53f27b1977bb1fcec1537d70649dac,50000000
2c19a094c5f1193406dbc39958bb9c8ab662b8fd06587e47060c2718,331518039
6487ce4a259e4b3bb19fa9c25e788f68f30fdaa7d3f8f9afdcce2f70,157825867
e10d088abd5b08f58a16cc3ac32eedd30a584a14537785f7c382530f,519077243
76acdf55012635af253d2743b41d17dfa4459293ad2ba44104050c2b,3111362
8d56b95df6113023461ebfe3d7be31dbd1f67ee4dbe6fe4d7536c099,600200803
6bdf4e6548d770125f81c51ebc92b583787973ead359912e3ccd8e66,110087312
cee5ec79ab9e160697c752a98f5da46e24e4c893600f74ebad2be015,67685227
e73f8221818a9210e967ecb08660f46173cbf8e00e4abc582d751bcd,55200803
a843952052121af4fbe1030d1f04efc1e600e34c01c56f48ac6c7dda,20303444
222afda7939e082f26e12d2ce9cf584b44538b31a60e2e1f3f333821,7537001
9d6a55eb1359d4a6c2f1466d1d65dd5083a6fa692b69702af90b51bb,858442929
a39926586271cd40910a9efa7a9bb2d6a53d7852b444ec240a99f0f9,5000000
54b7fb4b69eed7358b816f23a08ec3a96fe6b80be6477682caffa420,121076999
b38518e0cc280c2a0b87ceacc44e99ec0324813834e87cb802e806b1,105829164
97b34949bc90507dc43b603e6a0b032a7dedfffae48bbfbaa3fa188e,55200803
ae410e87b18ac10b7b28dcc401248dfe43d8bddcad2c349f315e9d55,20000000
26d702686fa341ce1601573e3789afb5134e174afc194ba4ec6a1365,396007268
9320b2e201b2f4141b4ea6e17e410f4696c911f77149408d632ebb8e,10000000
7dc6d4218cc6aef884e3bfb394ac7bee9388948fa3cbc58e99074cb1,179660506
8d589e8e00fdadd913c2f769b43d341a03fc6ce5823456e7a3deaa01,12947849
5c388590260c27a11e1ee1c0e753ce29e204c58432e25fa2d66bb33a,51033466
18186ace200eb42f8d9c606bab39fe37daeec8e36e343e8fe459cf15,150006683
425432cbd6145e63f57c6bad51c84a21b6f502f8f4c7e88694c406ca,76702462
eb3c8afd6a7957c098588ae417a828fa7406802a50c8cdda441b341f,58926613
df3f275fbe66d59009dcf0ce7c0b45a3a39f9a756a8dfda75e5dfc6a,63302678
bc5fd0a5a090b13db7903844363ac73377c2bcf0aa027621dc02dc64,23101960
746e049236b01ed655d89652e16100bf4836bf374b1f58cae0319d9c,63776861
30186fa1d0a3ea83c3c1b7f2be0743ac38009cc629a0f9a47d22d967,177505363
c1103b9ae96ee270c61246bccde40b2618d2b4bd18d2f54e7f389961,123000000
d62f0f6680733a1151609ec79abd96cd2f16f771f68cf1ef3e125000,28761199
e48944300bfd7f08a14ec4aa51b0002095876e5b4c49148210f97e90,50200803
6f27039ce8ad07c08fbad0dcfe5b70bf7b5709eed01128f3c8272841,5000000
bdb8c089708bb3dd3c626bb9a286a3aacbf77517b9643161db4a1452,1000000
a906c9214bfd42f7299dedeed943496d866cb18ce0f178b0e37d9a97,250060427
efe9452ded7cbf1f932a9216c7d85bdec5a2e9155e3a584336414115,47712638
e0bc89aa5a19aeb67cabe285f2ac3b3312db9b34d7c62828ff427983,100401606
ee51a274cfee8d4af313168a0d4e56b2e077b695121f9fdcea7ef2fe,79772970
45133390b119b3395125f3286a6b28b5ca2eb4ed87c91d230aed2f21,95000000
08742d61544488f622ab8c6e009a88475c4de4db09c452035f864694,70200803
414f01861ffa02e499f7570051c6d27c590b47150a3db1110f7bd8fd,55000000
02dea5a4227b3f3ea4c25cb9efec1c9d21d6c84c094723fc4d0ea263,15000000
e01c3445b0cb419904ece29143d8fb015d498e90c33f8052545ba1da,60000000
5a84b371c575408cf3248c93da89915d065c4196b90e3b731f56ea05,217551944
043d8e9713cc891c44063b5ed31d9ad553a4cc5b6e6bd688688f4446,60275010
26729fcd2a144369888b3dad0a4a38e69327c9d94918350bd54fc2d3,24215899
54933a94ed62ac996582a2c1ad406265d1a5c419f6f7084997fe64bb,300001162
8e4dc9904be669d8de3911ce94c85d2ba9f01aacc990879ac856c87f,166934340
ee956a31ef2cc051e8a7890deecddeafaa26c189d1e0506ecd93c0f7,683541404
0592e82937b0e1266616456d422aa0ec33044e1452627e2ba8319b46,55200803
c84a1d57fb0c8ff565ebbb412f83081c519276869437f255b0bbcfc1,449289239
43b8e3375ecf90169230d91ce92863d0b041ed4c8668cc87d17ea980,274204157
abb253e5b6a7d55fa17e1b44d424d331db044cae077e8cd02c52c35a,202995082
0828ade7d9428876467aa4b687e6f238d9709264ab55d52b9fcd7259,215091463
c464695e2c4083f4b8970ccd70486e9d17bf54792f1a167b9304e683,573755076
6537c4f74f158a9511a2540c52d32fc302f74acb820acb7e938138dd,165750232
58565b9a0b90f766dad48a3cb365453b452565ecb6773a55a5517b48,1628220199
451fe314c4e9a41bb5804455fb4057afc1cbf2b74cde2d3d737b3354,7644575
7bdd0506ab1adc6beaadc78e64b18d9c9773d0a67a79e788f83c7d7c,74643682
efc895b6092643fc908c83d2417b2af63ad38ad520589c8b541a7a60,706261899
1a6bd66047466d65c4a336460ed902a8aef0801554a8bc831a49ea18,1555978451
2f6e8d94a6abb81316eeda88b180faf28515315bd3763b606658d268,58556979
d03cdd719860dbb0f0aeeb1cfa0e0237d8aa622bf9c6c39c08801fd2,1009517014
44adedddf01b45040e205c1a992a56133078dcaf2004388be9bef6e0,269000000
63d743b740615f2d12bc71458bdd64af6095903c952273123f6201f5,2618462977
adf9274c6b2a09d1f352088cee4c939f9c8b95f75f761e6927bded63,435903564
3acfca4489c2998454b718c7117e814d1b7d52ae6b724b784f30555d,598138358
9c8cc3ac2810e440ae1d0d41c4d7cbf79b860b5f315f8d4ed8350d81,4253227827
8fee6a42565c9c1ebe2fb3caf8c3f6590df4a8aa40aa37fd672605dd,15518732
7f7147d6af61e9c199387c5afb74d8fb307390dd7fb9853be1fc5764,204900790
be552efef0ae24a7f47968faea2c71fe28a7b64a31469cfde8731017,11509836969
36fdda109bcf8bdfa210b945b44f0ea31e5500e23f46b7f67a5bf0fa,50000000
85ead69c8e7ebea3a4b2e2eb7da7da79b3a949a120cf14696afae74e,687909186
eaec8a1a356ed27fb30ce01dca32e642e85c0c7e0c330aa3b5e6143d,140858957
06efd1d2dfa9f2121644765e0bf1d3c2ccc3db6084ef3724de2e901c,50812040
5706ea516b1a0f350b6876b84e02317af4c8b886c74562d9d9cb1764,42811138
3f561bfaaf483a3dc74d4a012441c4b5c1d186888d2fbad5cdc92449,200659208
974a981a7e5b9a818df5f54f6430b9d696f67ae1fdd13b5962d35f93,208314194
01d003f6bc6145753c74e94959c6ecba6cc1e488ee24c24d5cfc7dee,67986284
453f1a0480f05afe29b6f1feee90038d23379ac2eee5e412c450a62f,187458840
1215c650198e8fe85528c3640a864a2b9202f1fdbc5a63e3c7663db5,104254850
c0960051779497477b7990f39f17bf14442e56a70bf43f068d1cf57e,72808832
f97eae728d16e144a61fd42676816422695566339712e2da6ffa5993,123408963
9617caf69deeb22a982f43bf9bf22dcead52f9863413e69292b3f89f,450828626
1b1ba287e7816fd86a470d6e56a89db3741b4781b0946730482f0c8e,49833782
1f6bcfb63ce737900a489270a4960a49f698bf29834efedb540f9a7f,60606440
d9276de67208990e83fb2921bc61b9276a64a1cfed5225e3edf3e8d0,15400000
13a1d9bb7849716bd993b520f975175ae1b6720fec18dab37435d095,105630031
ac9f05c32ba22bd69c748a56ebfda32353e10d3a88e00187ed27bc98,4719611952
446786afb7d5362fe58f7874942fce0187b9d65c1bc30e6756482b6c,362281997
6e026594a22d65113c775c77f54a6fff8db8b97a637e349bc31be577,371591312
1a6ad2d19e7fdd03bd012f4a96cbfbbfe89183735cd8b16ac854a121,255000000
1d7e8eb3dd6489dac6e730561c06a6ea6ed72797be71c0e0eb010d24,50200803
653389b93840ae7db1d4001ee26e576a3039e59fcb266d6b1f7bc89c,65494129
6e1d3d309a6f67c2f13bb942991334488594a81d11286e18bd121d98,55200803
5b7a74125267d4c4d97167fd173b52a325787c0f995ef1a1f74af468,54181073
24c0af03702aca77635142b03003971246b68cd205c38c495b4b39de,204009845
009db4768f9eaf740e4de81848de05581bc52b543577fa5b70a89169,428954477
e0f3e44d96ee509d6ab6e2da8f461254ca01f70093af4449dc4872f7,136289702
f28382adfa047a0f4258f6ebe2dc27f1b31852ad0afa692e553d75e0,65000000
0a2ee1550e15c6b2a2bf8b6f3414a2013186580f943486351b800be1,62388648
0f7f4e5408110ce76fdf5bf5a101afbb9a9ea8ba64e37bf9f5dc2f6d,55200803
ecdd6a81ee434c3d773a0b6b27d426b3d86ee4f8edbb4016e5a6883d,321792276
78f90617423f07905f4ef7437a2f42f9e9d93f1c42c4c02862968533,58323718
33aa2d901716ff3f637169a618cb88361d1c8a9fc3a1eb34e4e27b80,53079162
dceb6f76062e47c7f0824460a7cead1eeb4f9d450f5af0d6fb9b4b07,89246929
9e14c25514abd4e463b4b90cc16403eed16e70212e55fa09651e5426,141385487
a3f63e4cbce10a5560a60dc4c7360da433b03e596e9c61f507eec809,625872794
6eab0c08ae40f991103f4c655c385f319d840a7f1f738d573fde3d07,55200803
36e441f8f0802b4833faaff12da90441d3c4458e00a6b8fc617d5233,147107716
4e1b5e33ca40177148b9a59b602070a93d08c6d28769fa954879cc34,76778304
6864029b40a03d1471c7afd0e693d97b4a6c37dc560d4a9a8039e14e,223251144
0016f0095d4272c17a64a2234dd6e9c3ae6bda2ae42394a012d8f34e,71378253
47ae397a7fbfcf4e3ec5e628bfda2d3bf5a5e6f4bdc43226cf840f2e,20715050
b86d5dffbc00894203fdf272c003fee91969d85b806859edc242b34a,35990431
8a28c4dd17218ab3a0801ac06e12700f4e764caf0cbf2bb6a9b896be,53794242
019f3d35ef1c1067784c46f9b165150919cdefda177dd301af373051,63564463
945cd17ae5a96a439a8191283c8459e67ab18c7e2d93fa1dfce4671c,107295500
8a116fd370e6f96a9c008b885423555af7b57a39644593768bd24ec9,22017284
554ec941fb4483a020554d84d430d5e015074f2754947c6394c4b215,238027103
bd7adeef28fe4dac020bd73ea7c095c9f634682f730d7ef6cd8d3a93,5000000
cc61886cd84b2810e7509648dbac8024a15547b5253af083842d07d3,86034901
29591a827b0e6de042edf2248b6ba359fead8849cacc74173b8d24ec,2500013060
66e6bbe9aeec09b3f260bc94add8da1431a39a102ecd653785cd4abc,59896524
a6275c87fe29638ec63e529f7ccbc3f29b77d181cee3bb24945a9fe0,107336812
e2db0579454041b6d16ddc4745cf7f3ad3e0535ee838258f7af685f3,200679916
08be575a6138b69edda2352ceeb7fd72b3c73597bc6138a41fd7014a,86751477
ccd0ac6cd603858b66ce39cfdef4f72b04d1fc53786932b3c4ef46ba,335679137
459c833e1a7547ffd56df2b61dc0deb0c93da2b86301d9701f38978f,373878998
9b6747eb7991dc0a8b5fa0192ce9431a85b2c64b3c4db6dd31415ea6,177456463
742e13aeb9130597e75cb1e4201368884b223a027760b1614ddcd514,55200803
1afac53a4d1a00fdc5c19991c9ab585d92ed50cb9c71ba9c61a36106,78886847
41cc126b316155d186252cd866e27535ab3614176d4e45b8d3f69737,119405449
2d2698946bc0f751dfc642bda9716d9c95065c4bb6aa23fa36379917,145682728
bd96fe20f8f49764a9bf949244b85abf65f8e99cd523619b535e4b96,477167109
34b9eb31c69076b836788f32cc4f00a21725cbccace3077105c00801,56850551
2af7e79b4c9ffc29fc6f7707b77609868df3f0af5b457272c59413b6,100477746
4a5fb84e085bfdb89b7d86baade222812f95919355c07edd4612d4d8,105325906
cf5a71377304beaa326262fbe9c2c4bdb79a2c9dd8b58587361d75d3,63423781
297a875e4ef78f68ce4962b478f389ca0c4f85b14ceebf841a51af1b,50000000
e071233438a199a63feb8745da99e4e47f579064b4e6313ee0ec88aa,183561551
4d4246c81633efbd83760e559534edcc35830e9f84ad4fe9aa0c10ea,10000000
a047569358e6352e6713799b727eeb9f160256a74ab94a0ea8cd1e6d,60200803
1ba2ea8285e0bbba7e21b479579ac18fa99832b93752a7d5817ab96b,54914931
0f674b204b8457a13c2580ac3e3ecf71aea892ca17d68d7b2bee93fb,804755876
63b3889ebf65aba913b3ca44031d7b2c59b04b0727c3f2e67d52d034,10041457
c679ca09b6d1e4573f9e39f834f0058433b6555f2ec8d3afacd2e278,51472286
e9a40ddf87b256fb83249091f274bf94b94f0abadc1004e5ac90c47c,54917971
08539981f38d05e27a930283d06523e278cab768ea7608af8d0115d4,87186086
c1cd747fe18cf8260a8115694c82c458f6facfafd5a382447a2a3e03,126348394
13f84654d1849786e058f664746ab5d064a1791a92bede515dda943c,5000000
aa8a6152ba9489457114006e698286a7ea29469640c1cf703db3d2fc,55200803
75df5da715735841b5212ec303a6ee097e9090f137469d652e75287e,500000000
71b03bb1f2db64f230e74c08d8bee62313660b1bf9649fbc28f690bc,204342394
85b0ee43cfbbf07a8c7e5a6c1023e1005f4483721f25f4733a8ce11b,174200378
2a38fe999e0e75a82a46c4841e9cb6c5cc1ad23da92ebcd58f2181f4,59350083
b9127ad6a07fb42d0a5323ce8a79edbf1fbec2c87d010884d650799f,84520904
17e6192c507aa42939888c9354ab8ad76b387cdd923668c0999a198b,50200803
29c0e417791dedc303eda7e67643dcbaf430c4cb1ca20916ac22308d,201477305
6bfad24902340f4237017493bdf4490613343a1c2f02b7a5b4f4e337,453764718
ec1b44fc79a230aa26947b8341a0649f049ecf26a48177a990efc430,25200803
d9467aa8366e0043e34e255d5aed0241df4a8ea3d53498fb3c4e6be2,105000000
1f04add335090fadc3bf0a766b50e8e12e6ce357434f805a3017d1b7,1000000
b1ca53b12a8c7f0b5adddf9157cfc2548b93fc854cc124174394b8fa,235628038
e2759266f8550de0789d43375265e9c4f82c017e26b6f7275407acaf,146622780
826d2683285bc4a4de68fc10eb78f2631371f48a5d4c0af654badda0,60200803
38a8fc64092a8494a51aa737c5ed6d1a719646dc471a3b5e71a8aa70,1561412373
95aab629810acf425e4448592d1a5a0265255116e5451f90d7034b58,10100055
45ee012ca90633916708b7a9031bb84a6dea6534024a73637507498f,10276838
f1f9e8b239a421b4a4d79b1595e671dbfcabc38edacd06724c867e82,10462883
199c3ae4a00d29e5decc1784ddf540928095f4dfd424b64c150feab7,5000000
d7f411a2d05b49de04d03a3f741e944e144104873ab8eed5fb571752,648451837
e37277b47b4eb0cc6ad654cb32d26d28ad389e492d7ecc24eddb1805,88660000
18757feacba02e76aee75167b6184c2e3bec9df964aad5feae511632,5000000
08c3fb1288800e757c4b448760875b613e9839ecbadf2ceecda7c936,2022485400
3cb106a8308c9af70ea7a1d158f730a10b2ad6b69fee1a223ee0e73d,880648835
b89b769893bf84d3526dfc6c158d9f046bc019a9162cb6d915d83b09,18211956
f30c8d52d06adc54518b2b7bf8367685fafcc1d598b6235fff1674e1,55200803
f2cc6896ef622ffad94ef01c1efb7f11c4b2ab928ccdb5e84b5dfb4f,232839125
cb4b49e034ac684ab686f3ec2ad725863a34e8b3f2c4d5facb3f5ecc,185159258
66e2b2931578c427c7178d607338d87801f7b6f7997edf4ec5161bc1,130000000
f3d34a6a18bd2ff8c6fd152f6e0d9d15c03a17f419d6ffec2fdb5372,23421905
23d61360dc8643e3e24d596c728267db0c3e4482a8b427aab33cda5e,176585899
aab6a20065716b8616c35e69e406847fffa76690d1afc7eda47e1a08,21814079
af614ec30e88547605c2dde1770da1191d742d301aaf7f51b59d66f2,81000000
19df790de68be8b9ddd1eba594d4f4fbe1e54dbfddb5dafb348f39a5,44566290
3be428fc2cb36728ab76aee104591046834cc83661f5855a7926897f,122419800
05f31a17a1444cddbf80cf95b8320c5c56b8fe17cb6601736ff8f115,200000000
273800693d37ffa17b10fa9a8a2ba3ef04ed49a55f61c0dcfbf84a9a,510776951
405966152e910c43c45f1d21d8420d7ce66c604b9750824741970780,21472236
d6da8505265361305b0d3b31990c6c68aacb8db033b9b5bfc07c9961,50200803
65cd766d46f62eab67d9b1a65439c024d447ec9d16411f69728a1ece,55200803
c8deaac83b9ca7f1a985b6c69adf60da07c2b3becfd2fd9a69f22b62,56472898
5c9a3ff40abae0bd9120585288288bf4a20321579536f74023b391c4,18286587
51efe629a2a27ed7854d11b8c1f5e47e5a2a502a73beb25aadc625fb,56213103
2722b73e6fdadd44d7e771dbde649d36ff3ac90277ce49b530355d3c,39130031
81b9a0a03bc7fdf55630aa5fccd232cb4ca6f971a11bb174d307852a,159446001
5ba42c2d64fcfe6fdfc93277b41e6d872049f90b4c29f2fd21e7c110,53589132
8d936446136ef1c56b2be4d5a4f98e6fa1012788406a466f9b713fd0,68261380
dc121c4cb368499e51b0c49b73bc001dfdfe249c6988df7a68643d8a,503940552
103a18c8b3b964841f73d52e0c579fc88f335d20d9c8d7f4de033b3e,109050734
9375ebd020966513031a0c673e6ea6f9552d47b78bf0a27cb7278fca,50219308
c11f654d8903679a66bb77686c7c6f49d09af62f797185f8c7c0e49f,55200803
832e90183c6eb6269627501eeefd9248d24265205d2b3f92b7e8d5ec,205349584
7f1aef8affb8d4f7079ede6fa56ca2a43054aa8080b35b16e7cf1ad6,55200803
b8c227cee34d9dbf5d26db07c2b7a0e873838135cf86021c2232fef9,1231738831
4604467a331a2044f37e747d8d081b73538f8d1001a17b6bb55bb0a8,25052752
c55b4e912c5d71dfaa4f0b7487eecf8ed26a9ae779a9ad422639fd45,63800000
30e1d879e58f4b99aad070dce28fc7d759522eacc5e3a06e79aa1279,258122471
fc68779ca3fff385e39701a57cd62ed2b1a07b650bcb7cae4719bc1c,207548616
77d4f920c89d97bafd74486a38aee4f1bf8642e6e9537dfb5fe4e3c3,66918559
d241cab10e6a715e9f1c2caec558e97220c48e86b7c14609aa88e5df,5000000
db65acac4f16266b7f8a861554967ce8269de3b2b3a37ce6d225711b,1568303367
5b1af46cec17d48b26b69b2e643ccd5bece471f4954aeb14bea90586,55200803
cf85115658e6716b4fec64cbb9878c06edb3ce5b5015eb4c8970fca4,81051689
646e8696947a0c57eb58f392443eef74dd69b2b22e66ecab0f8af785,68288234
8ae7c1900973787d73c17eb1ee974babede3d21b69489f0413815b9b,144111933
5c9a0174d12599eebcb69d1cf00df2db4bf9fa596b9dacc91a8eb89e,513424762
d33119934f905c46c074d86b01e9ed68d8df9416c1f98311adda04d1,7309590
085e11996c8e8b9130172167a57884ea082e5424d0907f5be39ff71a,50000000
e7b79e2d8428e78562d1d5b2c43827f83932d07906d1b22ee82f32ee,100486931
89fae6b961375b8fc1152761eb6e0c30cd8a90ab0134a738216642b8,56817236
a181fb98e93e123144d85fee0993bd560ed91d82ccb4b9681bdecc95,1143421159
9787b274f1d942ff6df2a9c9acb9743dd4eabce1021eeb7e3ef6f325,231900793
4000403905718b262c8c0038569b478ad0a51ed2be05a1a2406e7012,7999999
a1c4b6a38e79815e2ef0d2d9767ba90b8bb5f670255c64144ebca8f5,375882086
482487877cece318653a50da61ace938cd315d03918259c8f7a52f2c,27215944
6974e75dc85750b005d67ff220f63cd5ba47d03cdc1f7e5ea5633974,818110031
8105d0f33d443db33095e1de7e3c084af5cefb8675af79f718bd3e36,21368362
0392279ce70fc3bc7d60fa0437da097cc264ada08fd59acdba593965,11986923
45aec4e8970cd2b94ea78aa8d476119e2b5ed05123c55b1aac605aa9,23355022
d0c6fb9f09f04b9673f6036d6318a6b5ea4023d875de62d2741b11df,159242521
6cfe83b6cb535525f2403c53db3036ca11e0de496365a762f2ae261b,59327118
f02744e07f65bc9f2a1a4cffac83e0b0e7777c6d47bceb5f8efad5f4,50550112
9f32afb76121b1f7b8f95eeb67e2e8c13346bd110e2f99ee02647139,404400321
6f4929b4cc2fd65c274d58dd1d08ddad02a9cc2e8f42e836f6f57d44,30000000
e7dc57922d735adaed887f06044db8b95f9cb86031d73b266028572b,10000000
530e91da3662110b551799b066ca208a143fc6258d65641f9b6c456c,402556939
f2b6cf66cf3dced0bd0a5048a91cff7d79670d90adfd6db96278e62a,1500000520
e7515f9075f064d8d23ac584f85b9b5b497222bc2b8b4d833ddbd4c8,93000000
895dbda6ce8ae6e05cb8936861ffdc934ef3f8b289ecbaf06f20da59,1068502585
1e0ad68cb0d5e41cd4af8f6891730238a6114198206f5e6f5b822a91,441559071
7bfcb0b4a3974232c21fe4440a2befb5aff58093e9582c9d447c1e0d,737745966
617083b7dce2eba97a9cea2286fa2ce09186a0ed13612bae69697bdc,727555986
dc02ccd3782cd2a25908214624aef4b201639744163010a68cfbb484,100000000
9bc323445b8ad514d3d0a7d94e799053e8c55ee699a10a8884f034f0,207280263
52c268db5373bd8341a1b9966bcf911fbbe609186d7e1ba0d3374c41,227912702
4e97aa6be7488877b0e0444a7499b89db7dc6e2b6cd2c84aa4396025,9804187072
7910de78b42fa36cac41e451ad498150dd3532e2f2e35777735235bf,398639377
ba649d845790903d59c5a04676b782692d68dca6a586b24e1d7455f7,1212003053
8dd772c5202cf94e33ca5d2be467ce55ffde6caf75a18629e82cd162,52850703
37659fd936489ba08c0f7122f30d034594d20804392ba14cd2a6d362,68802836
9124156d56646d11e50b702724ceb71ffb59238add6deebc4e176f9b,742513470
c0db7e2df629334f5bfc704d414ae5fc6b2ce09cfd6532728a6f1270,534560337
0cc3fd8d76cf6637dd2bcf040015bb20a7845bee40ac164df50254b6,59641600
9757a7bb7ea19885aa7ee7b79fdb8a0fbedf1af89586415cf9a5acdb,618412274
3c214daef68d919ae91cc5eb7447fc6d795b6019a6df4e3191028999,1234529410
45485769b739bb77f59c97caab96704353c0bedf7afb75094299b535,65200801
b80fbd43190dee7562d7e746af746f44fef0dd19640725d4227e5ec7,639851975
56010f08734872c2355041fbf98b9b60eb8487ec8bf78dd1849bae23,1454032207
6b93b1f5b1d3a2362a1e101ed1b394ea55950a330d4c147fac9f92da,1020418411
a74340a486e8463d7574049adacae6920b126c6776c41ff1fb0ed2ce,173944182
46c02bcf34f831b8605940841374d4dbd7400ad080322461e8c9bfca,120282511
d1b647f0bd8cbc6d3120aa72c5bcddf10332dba84cad05eb3f947d29,194910124
b3c72cc872a682f6b3d1b8f87ff3976f088126529a6fc791da10f8bf,155702661
914c346cd6bb0b50ae48c301419981cf847e1a056eb56f7d91d30734,220308163
f9f2145a4745019f15d0b21fcdd6a58e7f2e4f7b94337fd9b5c5db63,2173442228
170c6964ad2f725504bd190c5293d8b4e7c7770cebb7e7ca798b3c84,7143283
2c50e77d595d3604e4878e23e2a0b4fbc124b1378bd57c5a41bf398e,1709371627
7d9bd96bffd557031b105316885d46d7a6a2cfbf4afe31753e92e61f,178793310
623f00f49ed872b8fde76a4d5520f4ff63e50dec00b938701fe2aedd,333277387
89c8cddf9c306ae2f45b1a329759525c94d966176985eb15d5d6d3b6,761758934
c8187c41eb40257b5ab91dbaebc86b17c94a60baaad8d601b8d68a67,321365616
5a41cab4804c774e0d9d277a19e2e3716fefd6e4d164fa8a771a1ba8,698560242
779311e3763a0548a21966fcbaee04af77a5c21dc863eaf8dfb7d232,87486289
b03fc0f810dd2efc888d5f89243e67bf584b1baeb0085d00336fd44f,223198203
d1dfdc372473ddb4560329d7f25e0ba4a82c9a515d69a8b210372585,259554449
23b7c8d3ae97e99296c08589879b5aae794ac1839127ce69cdab699d,112642680
720827f0338c69424715e7bc6311bf9a7f389d95333d9b8c6bce7e61,295047738
a779018c783d6816394075405541d8d8bb03edc94302e8b87ce66ad2,240490471
28d3f61211e7f5bb1908e1878064c406314f88715161c9728b497732,99347226
572254ed6963c27ad3b9775e1f6940ce15db15f6c4c31a48e9b66d80,1
56f657fe0244e7e283418ef04510779eab7f5f4791cfda7ef19b020f,65864146
d085f4d3f567a3b329a2048295317bc78bb372e4e6c7800c2a9d0107,186424681
5587b9dfa177b7a4c181b3b4ccfd0704a2c46a13f59bd76044cb6066,204296510
5702f52da640d5a34f3ab8ee04deedcd5afdbcecee453820caf77825,517939852
5aa2ebdddba959b7d986f865a0f07c0a5618cb4b70b30f0c4e28bd7c,1014094181
af7ea0c07f8c05d8c8e27b25a70ae93cff2159b4224f0f032e366d3a,124720966
b0f6f6c285e1711e5cc0b237539ebd40eed3ef96be5b78aac6c389ce,720349999
52697db9fbd69b5e179c7efa4b0d97cda28024087875c212e0a7a627,1686914621
b6f16173bb13f9ffc0b9f25426ec7219bc2cef6683f3edb36fad318c,21101326463
b82989f36f9471ddeb5cb48abfc4b3db92692b938d9adb90b2f52437,4102288441
e445710004486e840bdf5ed3d7b0b16f2525b56953acbcffee8032ef,4950294353
f3130be9403c8d8e8ceb4803c8ebd09bca4bc858cc1a2f3d5df7df44,733938643
63aade055d90301cd816870ee5a3c9fc67d769274b8633e7a7893f05,228412655
71995412f0cdf4fb3b1d74d635c4aa6b9ccc26aa02f37b966ff7917d,274099900
d8dc639f4acfae62f5542765643c3dbed62ff861834dbe3ffe374e2f,28883983
ae6b8f00e7d5c35f9288bdf57264abb8046581f24f9e91f95d475203,27257135
040ef2d3dcda8343fc298416745f781764c418cecc4af2de27173075,703023119
4a327222227863b7a44a7d9ef1e8148060bf75334ea1015e18617e17,1329978716
9df0fdd3db0158ed684a408f5e5dd9743ae46de53da4e3d5377447e7,1277104212
2e5692429e007cf9257b86f3685710aa0f98895b86b13a0c5ebfff47,62556421
9d03958dbc161d2be261ca4abefe912514d0aab8fae4c6fa675179e5,2781857996
d5113d9fda58f5ae5e6c70f99a3bca807ccac296d7cc95500b68fa7f,111663198
597619e9233ddb715df243a0d183d89891f3204dcac08dcd692732ef,518854803
28a044041667943468d6a5d1d242c7c6522aa1122cfd8064bb61813e,760708838
8bb9c1842b5df8a44359e65982adb4d2a7d0cb745a2b8488592e3d9f,1082676706
756668ceaa6ce6e4d7496885a50692025b312e14e59277ee2df592cc,1016876255
4026ad84915429299bf28a8dd1a8f5b4df65d5a8a49c4e729d0f2250,18873808895
5f431f57ad76f9c3feaf03809fb3ba95da61f53fda601021a73f8040,2069824778
69db3ddacd4bd728026a19f9e8be6d41771d6cfb8cc1706798b3ad1b,1085994233
ebb3c77c9d613815a380172a1ccc3f14b656b3a637c068209100501e,949347680
9c6b26744bd56fdf8d153edfa533838c64edde179e56ab43ff39d44c,382041893
e892875d741eeddc536eb15bb8df712f375ee8b043312119ae1b3742,126186665
a4bb846ef68110900c05f24352c1648db506ec921bf6011e61e01684,357981012
114f4683535d7ae8121d8287e8507d705177dd8d6eb449751ae88d9e,851007826
a836e9f32647485865548db5a020c7cbbb98ecdd4bd7886b257ed155,850333535
6b28469ea3ca15f2ca119267bbebfaa93083df2d3a54fe89524cb26e,41894936
92ba863f983fe5f98e487a0d09cfe201164565ced6e7bf2dc1ebcc93,280245807
72a4f8762086be088bc83c7753c6c075ffbce4c2d5c436d5bb14295b,243989231
bd1facdfaebaaa1e6ad72fe8875efa4365dec911f322dd62e5cc1108,38905083
a14f4a27f024334275d51ad9088057418abcf1bf14ea5f873c145da6,159438444
4e6357b65b3479d5e94963c01f5b6eca88a030a35fd9851dd3b648f3,118831130
ed2d886c9096287956f5c505925a4921e587a7fb6b9216a178616076,290676124
0c427a38f091cbb25edef7ac1773ad91184e64888b68833d93237d79,856526275
87e1caeaf37c5591c3619675cdb9430d22ad0cc4d4f20640ff9f35dc,900724772
07f8072b057b786413cc9d9d0f4f85401b2cbcefa26ab759e29e4967,144797570
7328ab6d917830c7db07347e34d628bd76421d260b9064231a34955e,421605309
7f12474eebe2885c3fd23383158ee250b7adb28815ec7cbea8023a19,17509643910
2150b9ec8877b50d07e54d5b5828c1eb189029f26a28d84ceaab7f35,517665291
eec262031b5b78bd61e1f5aaeb37110ab6599407ab82682ad1798d21,95606627
05f8ebd54f40e71508f9cfec116a05dc8256562162f8024666821248,176316217
7f8e44829cfa592b7198af832600fa6279f440a1eab915074d8b7820,1029212073
5cbf5f0ea9260bb305078b3bbfdca41a598d232d74c9a30db243ab67,498600947
c3d7ea2d7543d7277a7c9af2792d4f177ef8bf0f08d4b474244f70b3,354052214
b0d375a666929853733c41ede207d3cc753e58870379f1d35a5981a1,521204398
3e608b808ac2b73e56d957e5fd8cf54a8e3aba6cd767ea493d43c857,149783374
eb4632e83ff3219e6198dfda1fda37ffe0006dc4673dca0adebed6f0,27607257
b0d55e734b02ba0570c224a1a2a708e9309fa831c7f3f5caf301e885,3842217009
66e3ffd005114cfc21b0c23f3cbabb2b2cfca746286824d372d5d839,522351370
79438ea6b8e74a34f6f9e6ab6aa0fa0e5c5a8b35f7ce55cebd6f4bd6,140989593
d5ffa4e09c6eaa4c882e10d3cc94b6c604e5982bf3715d40d4ec5351,351470311
34cf2ba5230a0707a588f234af528b54521803ee0e42652343a50860,1298750271
a4b80e87136d073229a2eac01e78638540029c1d4cddbd18caadc738,167413614
9ef82b39ec0521ee2054f18b3811007af895c6a3248eb9bf458ebedd,237659517
39dd7b21eabcee10c53c4bc79bf45c88d0e776e56014b9b3eb62dab2,322334743
bb065d2662a76b6a4be9b01e41d5c3f50462c1dda589da692b9754da,11461980094
bf80faca49b6c4b820d11fd8028343afde02b4e9cfeded543c4650b9,127712405
29512c5afb810967ddccd68d0b66bdcd884b0a6d84cfb0c0fb5a1c89,440223197
dc9c8045c4cce223696b4c661a7658409e31487c0b007e9615e8f0cd,223373700
fd79020d34bdd47dbdfbc9bd9b330d43a0ab87be0e6f96a7328591d0,1177721028
864f7a3b00ec7f36857c76b97cb1b32ea61360522085426dac6de657,54894345
4c80764f5b682045f12a83303d017d4dbe90f09f76b2108a5c44ae54,477264273
cbf2fe83219efa63b2e1d6c43e53fefa9280e4e862b5cc88d5bdaf7d,819625468
5502991103fb3f6ebfd0bae6995312e29b4ffafb852dd5d0d8ff2ce8,63000000
828ed564ca4ad9f96e30ec114aee7d724e72567e44537c8aa264ebc5,715200493
2f5591d28d1e274f1f7702536ccb8e024c03a490eb5cd8b6eda72c8d,55200803
06556a8f037463e20d7e11756dc4678acf7694ae432fd6cd2b10d124,1000000000
66c327283efa19d8651c511f5f84dd3f1f0655807859141c95a47409,107644262
d5cc8eb6d4400d4f86c6997628000f3c4f70e43afe0ccb121f8ddfcf,114920099
df3d3096984141dc893331e5dafb79e9f86c93e769b33b3876d7f2fd,8587223115
cdbc08c8fa42aaae830143e70ea3e23afafd4ff1aaf378084d878a1d,53474686
946c74a18ccd97a6cdb64318cb3374ab72e83c616d30d604e1cb8d20,3092898874
afb7b3ff7c7e774aa19da088896aef1db7481b1f3d7d56c3adbdb495,2631499911
07a678cc14e6db47698094e252044db3014ae3d4008fde18212ee5e0,484884678
863784409589b69889994677daaf6bab1d6477d4848cf999c0dd5570,30046404
7f6059d261e406c5214fb9e414f994691820fdc13a185bfe47beacf1,70510496
7b0c86a4526e23a1116c0b40d50e9c298db9828174d6d51e9a656509,63469161
b6c59d7ed0666d3b989e8b4c827f00b78d56ec009038ad701ed32a10,356778697
6db6a0cc3bc16b7a83677e4214142566720c6cceafd7fad6989f03ac,223817295
ec3543779054d04588489cf33d9ec5889566af60493f4cbc45a06b20,1349777119
d8120b7ff6f379164a6238e94a02be9607348d66de8cdd6ad923a1e3,238608344
3275cd12069ac276583185e43e3c480e3c984ff72f3ecf3ec6c0216a,15446234272
31161a3f479812bb1b676672d89d870a9eb53209c5ac33bec960388e,1607691781
965a5c906c1b949c4a11c34873fc394a99d785f9d2a401439e89e7b1,2012718790
c89afc2da9175089b41172171fccd8eab4fab0a4c4576d3240e0e2a0,1517874124
534fb6cb7e3918799eb0d5eb8e8b46cf921a8b7f53349808c14a7c45,519589733
46bd39370e967bb8f02258034e52e067791859c2ef94f2fbe58aa952,369533953
eb399c4149c7004a187d460e10d8e524215b9b39e600560ce8f42806,1792603609
dbba836420a3c3d863f618811d8576f926c6be8c4b9215775ab6178f,108086027
3029f0f969f6d032862cbf74a5fba13bab59de16247d002ee7a7993b,6811031115
c0032e1e478717a8f6cd2269c9c5877b625c7fa9b4e4f3e8aa8110d8,1465515538
460b03e4c9be9f26635bbb42db1bb7757c65f8bdafa5155fcc3ca9df,2384949464
ff935aa9517ed6dbb666d91a00c0172972ac4f6de32420c025a23e37,18100725176
867d0bbc161fa9b4c7fb242b55ac34e39a4c5cb3945ecee645ad2061,75488174
9dcf132042889673839ea86796d3ea30d6fd52682b5bdf524dfa15ce,201823261
d94f9bc0ffe11ad1005b22a6e5c2b471b29c53510aa81514fc24d95a,225028934
96700814f5d8d43bbcbd1bf9cbc9f6962211a552b1d8bf8435f082ed,123391163
0bb67baf3148157625daeb00d942466bc473a3ff85dd49afa7658f89,705390437
63d62b85ce675ee25e9e0da4c846d9843afc136a494b52ccdc2e48e2,3430966860
1227be2193b0f03f9ced11395f01fec9baab09491e545787377e5787,1317244788
e8f80ab5a500784837cb0784bd69af8872dba96fd5a2f397e0d21c02,14930370743
ee5592e3bff712a914258c52f57873c0cfc73a7b2c25008fedbcdf9d,601104161
07bf197f0a2b0ff2dac9489cffa6b99fa0ad8c1f70dfcfa3ae7449f8,1858949315
2f20b5fb521c5a954e3fdcb2dd35ebacd6b3f115f547669044c34a69,164252909
85dccd823a8eda33c9f680bb5dd7c09479fae10c95732a968f39ddad,595781496
6cef3d5e5f6ba54271fcbcef1e497d10edf28c41a9c87276c5fdbe64,239581362
fba0d2c2242bf4794c16df6438f63a677f173b53f5e57c3646431f3e,1249098991
243143a1edf725605b078e3660ccf3ef4811e54ce8d70b04ae15a4b0,219718107
4ffe4b2f17149ca44a4176f604bff3a57b877d4e456f051b21cd9e9f,793807547
9c27d064a05530a230fd70489e45395ffe983454d84321fe4e75f3f9,1106460478
fdf0a8011a7e976d9659c2cb25975ca8bc604215572f91449d0a41ba,12200109170
ccf0463efcfc0be16312d889a485c827392edb4bf32af4b43af4aad5,1165849088
c7ebe5d764cf43b3e96199c836bf7d11b37a2d42395a130e71dbcdac,4061463081
2a2acc24ba402b8086208c7018a49ae417d95461d2979b9d994f9035,482563642
0f444e0062d2fe9becc2db61d1a5d7ad41ca20a512a5a486e9e4dd5a,417563735
31ab20da63adf95f5a9e4ecf297d1d3eb8730f6d8d17946696e8ed91,24556381495
55956decbaff2ee18273cf3cd9bde5092f5fbe7f3768712d553d0288,3135732773
23a833160c3d6a9c09c95cae9035dacdb5be88b00fd1c34ca6399bd7,319274994
264b3be253f8b7ded1b7c01a483256379777df963ce59e49167e95d4,535640471
e1ed4dd48ca0646503b3a472308164931c2c27c6803489952b9bbc16,2316002245
9057a63eaa2afa9e1f67bdb5d29fd62c59c91d0c79a30e225f079aca,1874054032
d683ff7b8b7ec25d210d61d015c0aa66c0befccaa031851d067af87b,51657607
61f84edd7298606d91d2e108f842c26bc1a573bc3b5d57044fc8e2b0,4571553686
c835248f41cb65303bec60d767f0299ea458a19c8c04beb125513487,782417853
8732d6ae48c07b2694e9918fcdfff84e0995b165d4615c32fc76a978,861058216
5df12b63d63b10222bd9fa61b074f72949c4805d17eb18b349b3adaa,1192384704
82ca384fbf3ed3f0959fac2294644bce323c2edb83f76a578f61f1e5,3188441145
a3857f6dc9fa15ac685d02ad13824292ec40648c7af5b4fbe064c0d8,76961455
7c134532a8bb72a435c2168b50fdbfb03c0c1cc207953dfb9c248a35,1879223178
559d23a5db8f1b809ba9b48e7504582c96af34f68495f3ed51b2cce5,72573395
a0cee6e15f6846fd716614ec5a50af48bea1082e9773a50867f81a18,495553605
e59513fe36ef7f5a94ef7c7dde91d74f3d7a1e30d34fbdf00fb1ff51,2134364391
fe214b004cc1504fc1544acd5b5e0d6dfe76484168e6c7d57d752b79,159891135
d0938626de945c4a8a995d69361f31be580ba3cd210bda9a9da59560,1780840329
48c1d2e21f2ccd6d9a9ad2efa6da2efcc40b3bed0b94b918408f4def,468998927
1ff8ec747a4655f4f3abfe66233fb0343954025143e9134ca779640d,21765881571
9204bc66b5075a98249a520231b5c28315f603e80410c19e79b79739,57567812
18ace5c61146b0b26f7d74e411da1394b5975350078e18d652c0f6a5,140388779
7f7c5324f392ad3e9c21587cfcdc0a526ab5e3541dd2caa56f3836bf,18424644602
fba8d8b4540834cf4a429dd21d96df1b9aa9232c87cb7c22e5a91ec4,202544580
85bcc68578fe0326ae00e8aac5e6c5e734dfc3fc04d8e9a31d27c1ef,1573409892
b441ca29dc1d111c2bd998f8b347f57613bc68458a0ffda06ad65066,929442530
8e10e8a74dd1d2d16fb65bd52c367a037f7058195832a2c0681e8e02,56914269
37d0d7bacd94e0c31b8a3a88a5b9e075dc47a7c11720e9806eed4ecc,356698307
d1e84ced90cffff9442cc47648e7e407a8fc75dbd8eda0c7940d0ba7,595483106
19565434aaafccd0194564707c300abc2d35a13165c02cb9c761688e,1200939782
ffdd039503cc055c683d4c9448a5de6b8440d2537d7f22d509be0244,2571078026
fabbe2e8d3cb9d28308daec83505e4eacaec50dd0c8f30a92e98dcc1,335565201
02b80d9935da7f00d97323735ff2641d938b14f3ecd24b01a990afe5,215330386
caea35af15cd8bd418b0008d09e7f2d90d8e376d33148f262f76ce2c,255749694
beaf7018117b8306d327558a7e0f0ae32264fc37610bd29eb90d3cd8,296394246
43554050d4b81197d15d448aa81b825612a4fef4cba3b48ba25be4e4,3095149789
811d81c21b08352b6d13adc8815022f120336e4eadd03f4ee1a1b0fa,4202113566
a10a23ec8c8bc86c8b39bb8d034a7ea407acf952bab967bbd8797d7f,369346766
e0ea68c3e09114bb8b746e67a3e44b5e4c0cdce33c07391dc1f61be2,3701505693
a90c9789e1cc4e2b2b3f0623af62cf6c143918214776980f29b12d12,198697087
0b6e0f7a4d4ceffa5f2110343dba309bf987ffc191626e731490732b,1105973507
5a3d4f39ee17e2b67b6dd93ba71379a098b16f5f1839a069ce9533f4,1801749785
ef500acce9b7728948264268d5807c40106c9cfc347b884efff9db46,1431700596
577cd4ebc8dd617a8bd294f1b4bd853e1c2c82a10616ef099601b26d,1310517778
ac50c97a84362198cd8fde5a960e06f04f3599bc381042bdef7504c4,148543799
42a9b7449b9ba23da79cfc754f2172d52b9a8a550e0e7b6eeda08f77,384593342
690b0a92962d8e5940212f11e4e414db2a6a773f06923adaa063bf7a,4874792829
f10f0281f07751a5339f243b6f3113406cc9a9dd4038038f9e0ed2a9,1628160898
f7315c71937b8ee2b38ba0cabbb3d24b34186c415cb1a75e1f383666,6731619
ff2f9f8b5fc9332578893ae82708ef8f0c578837dbed3e5248cc7bfa,617571437
5ecab13ff044936c1995f6878a507ab30072dbd58fbac220dac6bbfe,1152395937
b4617decd0f96ee313c76e9849ca171b4d3dfb2c375cca8af1c0bfaf,541033364
4658b8100b35620ec4e82e9926564ad4401136490745d40ef707496b,71794460
f6babe82e81a1d51f5e4368647e69d71363450dec2d259c239658201,94541773
1be7677761b8b57ac596e6eea4b189c82347c81a16883994ecab3bd1,472695600
0c92fa5f3f54c836a2e650cae5cdcba7fb1c73465484b6e5870aa541,1198779825
ad84a338eed8f6d5869af66f317e552d08109491c268140cb35c0db9,68600813192
9e50ddf52e4f10e463d16c990e8523f3054d743f07c285ebc1bfe805,1432555182
3d4d56f02ddccf47cbebceccd1d5fdf9e2f8020e8fd929e08318922b,147300667
3993f803206b3c6d823fd5286f5dc1d4c91135afbafd3e54f651a411,58875926870
0be72bae471faf8641f78585a0fcdba99ae765de7946e46e8b7eda5d,1192703400
255a97c61a4b63163aeb3a1d584129068b6a9dc221de67e776d2cb3e,478393702
058f356380a71f1d3d1e14c7f1abba5f716847dfe200f36c3a5aa949,6078840915
cb57b003edf212f5f09920822915fc2e42c6623428df6c2f9a4aadcd,13005000000
ba0a5189328a2fc2a06074174a8cae39b7c8fcb57e03038b5f74e410,353011518
eb7a0af8677832e487f154e7cb7483878208fc5f4bf6cc1ebd63656d,2662173525
4613c7a03b53d3a7de1991289304d848749b9602fb602bab2ed697cd,17703166
0be100b577b01fb14cd3163192a4b4ef9862a633c140ae6f2c8bf6c2,113052699
7968a748b588347106eebc57fb2cf6afc0bfebd72784ab489dbd0ad5,4947455949
6bb92edd051df976373d32d0c46fedd2516de9f4ba5b02ad23758695,1136434557
a037c3e74610d29646a4d9df4f124c0cec09b5320defc9d06b57070c,1056203970
95cb60c7b06a24fc1280c59df01ea612f0246e4a7f426b366aa9bda3,204663058
fd0172cfb6d4f7289491b5316afb91c0f416ce5ca33fc39727bd691c,356544089
c1ecfddcc1b386980d2cad46efaad99e373cf70398b7c01db68e4f4f,97820211
1741556bb8f73f9ce821d81a273de59e3cbed3ce6ae3358763709f59,1310475364
b3f6fd4895d5145d55e82ab81c7f6d97470f5affcd28bfc318bc3056,5155723174
cc49c427436479201845dee1a19f6148e015b178c5cace194f9628ef,3999714140
23b41dab65f698716d09448d4c399e10d2f66ba2fb6433671643c280,536947153
55f6685cbc8c1c99948804a10f2eada7ed6121822a45452582ead10a,641222395
08abc365d15eb5a450ff8ed2a6207bfa3cb5a0df4ec1ddd0e6636026,1175487
8d995bf956bbf2a69b6549ca3a6830e9292b0d2641e9fa520d0f294d,1055781996
14fc008ac6352f57f44c154289831c2989dca8f7ec1dc45eb19c5b72,30718835
f357aeab5d6038af73b7ce783bf505ecb9ff382a18e2b211b18a513a,1174272944
413db31f3431a36ed0a6278f9739ab6224bdfb66565ddfde63d03f42,35000000
6a22c66b1ac47584e99999b61de170878547bb5a6b87946a6f1e018e,506385723
64b03c94c08691790077f8f113c8f4f5732f44bb689d5a16472a75d2,750095782
a7c6a6c53441b8316576bb50792a824bc0bee8bdd7f3ebc6c84f7fab,413257984
ad122b9fa3ab86495712afd2a6f655430427c2cf21a54fd0c8fe8e63,271928656
fe4cf1daff7052d78068d03148718bfa73ce6d7dd0218380801bd768,1838349499
ecf6df3e564fb3214117ff1ba3fb4532e6d1f2fb80c0015027b291b8,795352854
233d582530b5049a84b458fcf216c992aea2c6682f787e7d16b02cc7,360006384
83d6a70fc8175ef9b6c28e852325b084bd687a20eee6a91a074032b1,26900000000
20e6fbd5dc1f0edd267fd7d81a4ee11caa622a2d9f0bf88f98bdec4f,122937097
67cbef89ff3f9e791b200f546f3ec85f07a109ffd8844d31e470f834,200000000
8d45c98d7da748a022bed9cd4a284db1a38c6ae3923f9c0f6d313df7,26591868
c590affd526db47b19bcb411793bba5d639c1f5885fafc47838cd22e,2486619679
a275e6adfe37d870c950c9ce38c6944aa64586b83b910391b9e7209f,90000000
c3cbfb902edfe30d832386653f9f0706dcbfcce3578ba2376e75b14c,882845723
d1a2ba012916e1abbcdae20a1e2377a46adfc1fc09c24ef36213a470,117589738
d293f90ea2fd8c346edc313e42d1d8e3e739282dca078926377f6e1d,50742841
df7913dcf197ce420559c44053ce7de8c847e050f02e4ee7ee8aa697,1111796551
8b96bc568359236c14872961a61d2c390ab9810f1ec071b2e23b4cb1,329065182
