,timestamp,Date,epoch,asset,opened_at,owner,iasset_staked
0,1670881500,2022-12-12,382,iUSD,1669041696,df3ed3c34530edc62131484128ad73c4a256a8974d6a52ec845b64ed,755524720
1,1670881500,2022-12-12,382,iUSD,1669061163,01d003f6bc6145753c74e94959c6ecba6cc1e488ee24c24d5cfc7dee,118989452
2,1670881500,2022-12-12,382,iUSD,1669065272,ad122b9fa3ab86495712afd2a6f655430427c2cf21a54fd0c8fe8e63,162425510
3,1670881500,2022-12-12,382,iUSD,1669075286,8dc46b205f4e3147a3bb91d9d76b188da58b1da3f1bbe5ce85093ba6,13186178
4,1670881500,2022-12-12,382,iUSD,1669075872,9c8cc3ac2810e440ae1d0d41c4d7cbf79b860b5f315f8d4ed8350d81,4110728
5,1670881500,2022-12-12,382,iUSD,1669079231,5f6ab7016f3028000daec9565ee2eaf785d1f4d5c5fa75a364c242cc,4271673
6,1670881500,2022-12-12,382,iUSD,1669079476,529828b5fb8e3347ffc11e615fead9d06250f5457c828595bba6d3ba,590321540
7,1670881500,2022-12-12,382,iUSD,1669081197,583b2c59a9b7d356745f0a1a03982acf2ef69764628e633cbc3484ba,78295278
8,1670881500,2022-12-12,382,iUSD,1669081301,a60371ac41750ca05345ebf0568979e43a8182dbf8faedc914e5a253,9919424
9,1670881500,2022-12-12,382,iUSD,1669083103,7e61985089f1607e9b2bdde0d6958029d4d5a24132e7eca703d7b9ce,26986127
10,1670881500,2022-12-12,382,iUSD,1669089167,b0418646136117e82f751e82489d865a6ec05301689d2ced4beecc3a,142309656
11,1670881500,2022-12-12,382,iUSD,1669093704,316c81337c2c8074c899e053c63bc80bead0417755769c4e48912150,104153960
12,1670881500,2022-12-12,382,iUSD,1669102039,ad47602fd2e1cb7a8f94dd6aa26b927b7006651f8e87123d60386c0e,248498892
13,1670881500,2022-12-12,382,iUSD,1669097974,4e62d05de1165f2aab05592b53327a50255fab1764d9233858a5d0f1,178619403
14,1670881500,2022-12-12,382,iUSD,1669110414,cae0107377222dd28279aa012d84e5cdc947996ecf8335e6f42471f4,93927149
15,1670881500,2022-12-12,382,iUSD,1669110599,1953869eaeb9c8469b24c7f63d41abdef1b6af8c17db174357b012c1,150283439
16,1670881500,2022-12-12,382,iUSD,1669111331,0c879d816213df21eea5927738fb62a99c6c3d83b0ddf741a6cbffd5,185997928
17,1670881500,2022-12-12,382,iUSD,1669111388,3b482d1b4a305fb95d6effb0ae2228161c2f75f2fbf7803c3db60ed4,49617640
18,1670881500,2022-12-12,382,iUSD,1669112083,f0cde7772008d840812c16a10b033c4b64949c7026e1cd26384b812e,9291431
19,1670881500,2022-12-12,382,iUSD,1669112799,03eff44005d2c091c2647b45a89f9fe5b0ecea143c4e954cfc2dcedc,14887052
20,1670881500,2022-12-12,382,iUSD,1669113292,0dbb67ed102393b0bf27cb9d1c2f8f83ad7a9f1689904879a5191c92,248117536
21,1670881500,2022-12-12,382,iUSD,1669113871,5d4b6101ac81b422f8f05c5b436b618eac9f0eb74dbf3d7c42cc89a0,44604143
22,1670881500,2022-12-12,382,iUSD,1669118245,1ad8f1de1f4ac1041ace8658d945f7f696eaa08ec637e25ae9339b11,178644626
23,1670881500,2022-12-12,382,iUSD,1669120988,a843952052121af4fbe1030d1f04efc1e600e34c01c56f48ac6c7dda,112514956
24,1670881500,2022-12-12,382,iUSD,1669124599,81164f7787acb19e784bf69e19cdf3e004ea6add6e543a6057b17523,99247014
25,1670881500,2022-12-12,382,iUSD,1669127510,0f089d3da70097cb8d79b9a8e24586791d33533b177321ded6e0c412,9715538
26,1670881500,2022-12-12,382,iUSD,1669130259,2088d39d143c4c6880ad87baa8cadd37bfb777d80e9eabef91862bb3,75623655
27,1670881500,2022-12-12,382,iUSD,1669130895,72a4f8762086be088bc83c7753c6c075ffbce4c2d5c436d5bb14295b,14582636
28,1670881500,2022-12-12,382,iUSD,1669137204,4a71b33c8d767870eb78ccaba8dd42079b0c5dff46c0e258c70ef246,84359962
29,1670881500,2022-12-12,382,iUSD,1669139330,268b50ad94f59bf74b844db64a206111490bce164673364de01ade99,96211091
30,1670881500,2022-12-12,382,iUSD,1669139733,e2a0f1cae6e8f02aa0fdc9622f8351573919d111cea3bc1eceb898b5,72486166
31,1670881500,2022-12-12,382,iUSD,1669140137,222c33a3ddf56799694bb262eec3e8eea2b543200dc8c19cb05e91af,15393772
32,1670881500,2022-12-12,382,iUSD,1669140799,a0a625ad8b607e8ab650ebc0d4003f5f3ffa21a811980177793a32a5,1664190
33,1670881500,2022-12-12,382,iUSD,1669143401,b8d402587b8f3236244c3588115a3d3e230987c437830d31c147444f,215512846
34,1670881500,2022-12-12,382,iUSD,1669144011,fc5543c66855df3872fc1c6bedbd95bb592feb158a7656d0964358b1,4966085
35,1670881500,2022-12-12,382,iUSD,1669147957,7445ca9f38f1c88e0f7f1ec5ba3f11352a03ebdc93814ae8cc3c4365,1924221
36,1670881500,2022-12-12,382,iUSD,1669148490,56f657fe0244e7e283418ef04510779eab7f5f4791cfda7ef19b020f,25735326
37,1670881500,2022-12-12,382,iUSD,1669148974,b74651e3951ef4718fd11de645d6580742a7240814af5b659cbcd43f,615750992
38,1670881500,2022-12-12,382,iUSD,1669087072,38912a457ed1811244cdbc1c358671491a7b2844953774a86fa765dc,138935679
39,1670881500,2022-12-12,382,iUSD,1669140402,d203a585d517315ef60b563878acfd72bd9ba9bd458d8c432ba53f7f,84813531
40,1670881500,2022-12-12,382,iUSD,1669173218,90e56b15688725117897bf37ff3d133e07fe33f94fd7317278a25f94,9932171
41,1670881500,2022-12-12,382,iUSD,1669061657,0b1db916e7560c61e187d688e00f936a0730a88d1049e89f4ece9e9a,309977562
42,1670881500,2022-12-12,382,iUSD,1669176184,8bedd3fd1561aa61bc84af3b1354a73ccd0d25e56ca6ad10d46184c5,7773911
43,1670881500,2022-12-12,382,iUSD,1669179423,9f027aee19b266da20685a2ba54c2104f2364809ede683f1045f534a,57726655
44,1670881500,2022-12-12,382,iUSD,1669179690,f08a2242c6a6353ea38c9316dc478cad0d5e53eef6c1833e763eb33d,4862503
45,1670881500,2022-12-12,382,iUSD,1669211508,9b17cef23431d8b9cb283d2346bdf696893f231914c69d483a3e7e54,19066846
46,1670881500,2022-12-12,382,iUSD,1669211571,5aa3cc24dcf73c5402762bc5aa229f63f6bdb0ddbcdeb4a6f3acb59c,6101490
47,1670881500,2022-12-12,382,iUSD,1669212645,815ea6793d319a3090588b6c39c6a080bcc3483d6e73761bb4473a85,17258821
48,1670881500,2022-12-12,382,iUSD,1669213596,0944891a137e8df0f9e8d6bf87f7c77b6b2630c69af3e5281612f484,18670954
49,1670881500,2022-12-12,382,iUSD,1669127263,c85539a433558cbcbae1202300e724178afa36eb98f8c048a8590d47,297942832
50,1670881500,2022-12-12,382,iUSD,1669228602,3b35117ffdf08b8db25c6cf84d830dea359f425905e4e2e42482165f,3330387
51,1670881500,2022-12-12,382,iUSD,1669229659,5fb62a4e69246e0f73bd3b02f474ad99a993761f584be7b6ee34454f,6223650
52,1670881500,2022-12-12,382,iUSD,1669243739,c4597194b78f9e72640437f3819ab92436d9c6e38c264bb43cad4306,14907231
53,1670881500,2022-12-12,382,iUSD,1669244659,d4d3fd097c6311a541119642c2ef7a8f47a18f8d6b269ac4aa2a835f,102026067
54,1670881500,2022-12-12,382,iUSD,1669181577,713574ade99240463cece40d46e75cbe806072e5e5f545d95af071aa,130703507
55,1670881500,2022-12-12,382,iUSD,1669266553,07f8072b057b786413cc9d9d0f4f85401b2cbcefa26ab759e29e4967,1390063595
56,1670881500,2022-12-12,382,iUSD,1669271644,85dccd823a8eda33c9f680bb5dd7c09479fae10c95732a968f39ddad,124226925
57,1670881500,2022-12-12,382,iUSD,1669279973,378fe198237c90445a579452585222f4607278016ddef57b000ea2b8,99656466
58,1670881500,2022-12-12,382,iUSD,1669280880,cbf12305ea7cfb2d9c17e10b7337cd18b8fbff65e5bc4a3a39c015ed,132694987
59,1670881500,2022-12-12,382,iUSD,1669281577,21d534dccd2ce54841a2cb10d792c675bd80cbb4bc70f8e66cb0fdc9,176357246
60,1670881500,2022-12-12,382,iUSD,1669286933,affba47e1ee5b89b489064abdd4832751f9e4f647c388d76f7638c1b,199818958
61,1670881500,2022-12-12,382,iUSD,1669119658,34f137cea5d79dea34e1b49cd5592ad3580877a6b6e9f6c35e76eceb,115848542
62,1670881500,2022-12-12,382,iUSD,1669307087,b7e3d8ea466740d71d745657f3078a52f9603a22401ffe10d5f84704,2448431
63,1670881500,2022-12-12,382,iUSD,1669310323,bf80faca49b6c4b820d11fd8028343afde02b4e9cfeded543c4650b9,99492225
64,1670881500,2022-12-12,382,iUSD,1669325882,4fd941b98ef493e35eaade37251fdc36bed8b60acfdf4538fd079814,497004201
65,1670881500,2022-12-12,382,iUSD,1669343689,779311e3763a0548a21966fcbaee04af77a5c21dc863eaf8dfb7d232,22627636
66,1670881500,2022-12-12,382,iUSD,1669376402,0675cb3ec5c7cb6699ae457cff335d8ccd469e91fea59a2147ff971f,39855830
67,1670881500,2022-12-12,382,iUSD,1669163047,9fe1b957523144e17997fd9340378a3647bc719599282f09019605e0,28845195
68,1670881500,2022-12-12,382,iUSD,1669387247,64521ad5f6f20957c08d29f9b077fefe7ef4659f4ce64a889a02c167,134212495
69,1670881500,2022-12-12,382,iUSD,1669388407,e598f6426a9f4652c892e44d54446756b78a58002b86411c9b475fdb,398084918
70,1670881500,2022-12-12,382,iUSD,1669402441,ef379ebf691a3c922829fe1223f0920595c4a278c898a11f5f49ce62,99521229
71,1670881500,2022-12-12,382,iUSD,1669227532,08f99da7221e1ef5c2ca98815ed67de66e75c31ed855df63af0f9b94,897870893
72,1670881500,2022-12-12,382,iUSD,1669416709,c2d5b272e2f3d057756e4c300cc19643ad3ba2a2be7ad02573d127e2,55647075
73,1670881500,2022-12-12,382,iUSD,1669424945,867e47af429142df3d6e0879d40a39e3d6402caa898e5b26d05acb6f,59712737
74,1670881500,2022-12-12,382,iUSD,1669215254,2f9ea3c084a6c0c4b7a306bd5e30c6230eecdc91e4f581e1be3375c6,243693205
75,1670881500,2022-12-12,382,iUSD,1669446156,cfac2849597e191f8ce7e3f3555150761a2f661beebc6537facb738a,26376885
76,1670881500,2022-12-12,382,iUSD,1669448567,ef1af1a8910ea15c905f4244cbf01932b9cd343cee3f538be0965412,8160739
77,1670881500,2022-12-12,382,iUSD,1669449855,ce49b96a1faf94835d72885dfb42ad4fcb9583d7b9095ac21a2ab73b,396972886
78,1670881500,2022-12-12,382,iUSD,1669454928,6873f354a534d12ba78b5393b34ff62a34e055198eb763a142dc6d06,72705271
79,1670881500,2022-12-12,382,iUSD,1669472522,222afda7939e082f26e12d2ce9cf584b44538b31a60e2e1f3f333821,154497555
80,1670881500,2022-12-12,382,iUSD,1669475398,bb6b3fe621e9aa3a6f1887c8eb7ab4b460bb0a0f55cf918e79d3b2c1,248913740
81,1670881500,2022-12-12,382,iUSD,1669480776,d906bff43d0cf1f953664eb6ce9d568afb32f84dd5a04d368a052957,170053066
82,1670881500,2022-12-12,382,iUSD,1669484509,08f69322c981a539c26b252942dbdfec61faba9801a0f88bbe113b75,144829999
83,1670881500,2022-12-12,382,iUSD,1669489398,cfd3e937813639a3e6342fe79fad9f85488cc8388369e550b18ed82a,996882963
84,1670881500,2022-12-12,382,iUSD,1669278262,2565d4ceb27abec66f12b27af3bfb8a828bcc5dfedc31442fb34422a,49068322
85,1670881500,2022-12-12,382,iUSD,1669495210,da44553c6df69e66bf91c92cb676ecd5d967e9b512aeb35f0828a872,64749746
86,1670881500,2022-12-12,382,iUSD,1669504825,b5373262fed909ee4b36ac1cb3a3fd9112a45078a09c2bc5d7fff5df,10220391
87,1670881500,2022-12-12,382,iUSD,1669507510,ef1b8e5788243f98f97c531b88761b54587163b6478ac6ff99fe359e,49811850
88,1670881500,2022-12-12,382,iUSD,1669509181,30186fa1d0a3ea83c3c1b7f2be0743ac38009cc629a0f9a47d22d967,622648130
89,1670881500,2022-12-12,382,iUSD,1669511356,5b06d393e8dfcfc2b19ca8ecc91c242dd437ed72d917391264183f36,99623700
90,1670881500,2022-12-12,382,iUSD,1669521296,cfb6a9085b1d8d00285a06352ca3eb5d586d299343ba2983bdfc5115,37397877
91,1670881500,2022-12-12,382,iUSD,1669528558,55956decbaff2ee18273cf3cd9bde5092f5fbe7f3768712d553d0288,135992282
92,1670881500,2022-12-12,382,iUSD,1669494133,a199d2ec461153020ee18bbdfe5e4e3a2c9778bc4d265ef7dc64a6b8,63719640
93,1670881500,2022-12-12,382,iUSD,1669534097,51efe629a2a27ed7854d11b8c1f5e47e5a2a502a73beb25aadc625fb,200216712
94,1670881500,2022-12-12,382,iUSD,1669536582,5a0d775616ff063e832390cdbd39f264da1a2704245800660791d597,31671074
95,1670881500,2022-12-12,382,iUSD,1669547955,81b9a0a03bc7fdf55630aa5fccd232cb4ca6f971a11bb174d307852a,182774336
96,1670881500,2022-12-12,382,iUSD,1669552921,9d03958dbc161d2be261ca4abefe912514d0aab8fae4c6fa675179e5,41184873
97,1670881500,2022-12-12,382,iUSD,1669505033,251afb45009e8cdcc4d95ce402b280fd11751704e540c5c12c5d293c,29466689
98,1670881500,2022-12-12,382,iUSD,1669578278,7cd8f3d5d95127141e5843ab2818de72f85efb9e7b8a1cf847e794c4,119548441
99,1670881500,2022-12-12,382,iUSD,1669578539,89d095d531c5d92be599e65bfe27c44652b2cf99b72a332427e9d8a2,19858055
100,1670881500,2022-12-12,382,iUSD,1669580455,a10a23ec8c8bc86c8b39bb8d034a7ea407acf952bab967bbd8797d7f,252532746
101,1670881500,2022-12-12,382,iUSD,1669582500,4334f8cb74d1cec91bfa2999786b46db230265695675739ba84eb6d7,69091942
102,1670881500,2022-12-12,382,iUSD,1669588932,f946a9da7bc2551c51e8bf0d38a5f7978c825edbd438c8f89a904859,636205819
103,1670881500,2022-12-12,382,iUSD,1669597636,88e170617a780709bbdda9f213666a62d7a9b2cba72c82fbce60d039,277129
104,1670881500,2022-12-12,382,iUSD,1669173632,009db4768f9eaf740e4de81848de05581bc52b543577fa5b70a89169,378139696
105,1670881500,2022-12-12,382,iUSD,1669605083,a4bb846ef68110900c05f24352c1648db506ec921bf6011e61e01684,300254471
106,1670881500,2022-12-12,382,iUSD,1669623881,1ec7a4dcfcb759b54f5acc35f348f1862a92992cab701e486a46e6b2,8196668
107,1670881500,2022-12-12,382,iUSD,1669626760,9af464c37b8857dc6bbf668754cd75458985df174cc3d43af5b5f466,37909594
108,1670881500,2022-12-12,382,iUSD,1669630329,36e7a0d0cc0aa8097eee1cb2c052221d192467310c3fe0964b2f24df,303276756
109,1670881500,2022-12-12,382,iUSD,1669650560,ecb3a9774bc0b6f55aeeef10fd04a51427d001d516cef0efe84998ff,6940597
110,1670881500,2022-12-12,382,iUSD,1669651515,597619e9233ddb715df243a0d183d89891f3204dcac08dcd692732ef,99746997
111,1670881500,2022-12-12,382,iUSD,1669654850,3d1168af1573bf5b74d0cf10c8fa32a1b4173649f230e1c90960183d,14962049
112,1670881500,2022-12-12,382,iUSD,1669664218,1215c650198e8fe85528c3640a864a2b9202f1fdbc5a63e3c7663db5,15959519
113,1670881500,2022-12-12,382,iUSD,1669672807,dd4ec1a00770d0659820e0083be64e233a9da64af048ed52e2c9bf00,3604034
114,1670881500,2022-12-12,382,iUSD,1669678514,50cd456b08bee4d1453bbb2ec6520cc5e3ac53ec4a4ab9aaf513a2da,56557938
115,1670881500,2022-12-12,382,iUSD,1669682185,cb97375a21ab67fc3874f317e54f8f8e18fe9f3b6d0491430c91d72d,99746997
116,1670881500,2022-12-12,382,iUSD,1669685445,2c19a094c5f1193406dbc39958bb9c8ab662b8fd06587e47060c2718,899221429
117,1670881500,2022-12-12,382,iUSD,1669686986,6037086b9a4656cb2e47bdda2a973d4dfc3aace4a125c7a8a2efb121,99746997
118,1670881500,2022-12-12,382,iUSD,1669690612,5bd21764d4a56f37866bb5129ce27b7ce8f11719fb2a083edcccdb24,2552858367
119,1670881500,2022-12-12,382,iUSD,1669149576,31ab20da63adf95f5a9e4ecf297d1d3eb8730f6d8d17946696e8ed91,8446987712
120,1670881500,2022-12-12,382,iUSD,1669700156,fa54bc15eb2f3a2b38c0132795dab8639855d59ff6437fc0ee24a331,966978738
121,1670881500,2022-12-12,382,iUSD,1669701176,315da5b171400a2b8d131c70ea53f27b1977bb1fcec1537d70649dac,51830060
122,1670881500,2022-12-12,382,iUSD,1669583285,a6748e64f2157eaeb6dda9f893acb8bdc4b0c1d23ce518ce35dc65a1,338082158
123,1670881500,2022-12-12,382,iUSD,1669125706,2930cafa7a43d98c175f6714b78c01ead31d802ebd6c0102f16de275,29681096
124,1670881500,2022-12-12,382,iUSD,1669306070,ed337aab1840b8885afa55276a8873f377ca26732a779cfc534247bb,60556756
125,1670881500,2022-12-12,382,iUSD,1669710492,67b9e1699f39f1483dbe59aaca3fe0689992c2c0c996d6394e4f7569,12377327
126,1670881500,2022-12-12,382,iUSD,1669108976,c3ed2acd6dcf7eab6c9c7c6d68c6a5fa8071e1dcd6d52a9a3f5ce16d,40825953
127,1670881500,2022-12-12,382,iUSD,1669727892,7d5258011fecab08aae5aebab8b28abbe2d0667777ba836007a62f80,334522373
128,1670881500,2022-12-12,382,iUSD,1669733990,559d23a5db8f1b809ba9b48e7504582c96af34f68495f3ed51b2cce5,79797598
129,1670881500,2022-12-12,382,iUSD,1669738883,663197d6c6deb7037a232cb477b7cc4b559e93b8aa392f136e2d1e32,77358298
130,1670881500,2022-12-12,382,iUSD,1669740267,fa0a75404c07b9cee5c2b94bb2f92e71f3f843da1c40bbde5d56b4dd,1532173702
131,1670881500,2022-12-12,382,iUSD,1669044448,83d6a70fc8175ef9b6c28e852325b084bd687a20eee6a91a074032b1,1209556997
132,1670881500,2022-12-12,382,iUSD,1669758287,06eeb0e3430791602a65b9e58c30a05c83bbb3b7c93fa56d15b7eeec,99779472
133,1670881500,2022-12-12,382,iUSD,1669759111,7cf91d208dbe661058d16ea8ef2c387153cf91944aabcb9c7ef7fa1e,766086851
134,1670881500,2022-12-12,382,iUSD,1669767560,b86d5dffbc00894203fdf272c003fee91969d85b806859edc242b34a,9977947
135,1670881500,2022-12-12,382,iUSD,1669768104,b9127ad6a07fb42d0a5323ce8a79edbf1fbec2c87d010884d650799f,75362979
136,1670881500,2022-12-12,382,iUSD,1669769853,5cddfabc77a866c6b396d64a994a75d6ea5df7c506bbe3e4eb2379a1,138305725
137,1670881500,2022-12-12,382,iUSD,1669770056,dc8e62bdc5459206c08d055cf229ff9f88114eabf7685b7989d365d2,326072135
138,1670881500,2022-12-12,382,iUSD,1669776111,4d4075b051ce81a3f469c3f0688100673408e1b001872563cec5aff3,159952904
139,1670881500,2022-12-12,382,iUSD,1669141504,3029f0f969f6d032862cbf74a5fba13bab59de16247d002ee7a7993b,670348314
140,1670881500,2022-12-12,382,iUSD,1669098192,8c4be3b771c29139287024296a42e01cbd7b07274acd248a0daacccc,731409555
141,1670881500,2022-12-12,382,iUSD,1669807027,7e7cf0f8895addc5cee4e2c2139707a3ff156c06ab0158772912a1ae,19578046
142,1670881500,2022-12-12,382,iUSD,1669808451,c3f785ee2efec4669f3b081e43d82658b01d0c307490d59ad5a818f7,1898477268
143,1670881500,2022-12-12,382,iUSD,1669817773,5e399d18f5058813f05d4f79a5b196ec6f8bff71079f12c37f1d68df,69922023
144,1670881500,2022-12-12,382,iUSD,1669823266,5f841de490d21c2b60d865852552b8a829e6ef4fabd1fee7ac7977bd,62709505
145,1670881500,2022-12-12,382,iUSD,1669827855,b5fc9bc8eb047299ba87a5b613947f9c9abaec6ba994d7a835a2479e,10268799
146,1670881500,2022-12-12,382,iUSD,1669716735,f4697c86ead895814fb6821d6a4ec1c7ca3792097d703231f54b2fea,1012211623
147,1670881500,2022-12-12,382,iUSD,1669834510,6f51c66d3a29c2d5f030cfb8e21376e24c1cf22150ac86f5bc9c9ba2,347406597
148,1670881500,2022-12-12,382,iUSD,1669089670,07bf197f0a2b0ff2dac9489cffa6b99fa0ad8c1f70dfcfa3ae7449f8,19126583809
149,1670881500,2022-12-12,382,iUSD,1669840004,4bdcb3d0328b899e150cbe4efeedafcb2d46cd97f56d1d1a97b8f99d,172221861
150,1670881500,2022-12-12,382,iUSD,1669844122,ebd45be978a3b6dbd210c9675186bda965ab4042a10a2c2ba039477b,319590879
151,1670881500,2022-12-12,382,iUSD,1669849003,3ead3bb06e79778230c681859971c90b7a9147adf1ad80b7c361ffb8,1971329697
152,1670881500,2022-12-12,382,iUSD,1669850462,77b18357552efce767aa158d7503839d9bf4af69c54f4c7ca39bc3a8,70971147
153,1670881500,2022-12-12,382,iUSD,1669659568,460b03e4c9be9f26635bbb42db1bb7757c65f8bdafa5155fcc3ca9df,632671899
154,1670881500,2022-12-12,382,iUSD,1669754331,72840ba35a6e9ce8a523d6ba64bb70ea14031f2875a718c129800680,45322436
155,1670881500,2022-12-12,382,iUSD,1669246493,405966152e910c43c45f1d21d8420d7ce66c604b9750824741970780,32175927
156,1670881500,2022-12-12,382,iUSD,1669861410,29512c5afb810967ddccd68d0b66bdcd884b0a6d84cfb0c0fb5a1c89,202010176
157,1670881500,2022-12-12,382,iUSD,1669865529,65d6303282486d29912b02c301c44d66d1c1ad41c3aa32afde902098,427557958
158,1670881500,2022-12-12,382,iUSD,1669872168,24d1ce22399ea1ad15281271e90aa1ff32729eda148ccb70b5ae29de,11451990
159,1670881500,2022-12-12,382,iUSD,1669872874,3676a8f6fc88d00bb27fa5eb2e25f91b69ad6b211c9931263bbeb39c,15819643
160,1670881500,2022-12-12,382,iUSD,1669874245,ebb991fd7a308e0c5801dea21c6f29c56a0a7f0718eaab26f17cfd71,52732147
161,1670881500,2022-12-12,382,iUSD,1669888517,665ddb220c7a3ecb2b0000e0966811c1cfb29426d43c223c4b375105,9893637
162,1670881500,2022-12-12,382,iUSD,1669905021,b1f7b45205350ea85fcf6b736477f5fadd617ef9ad9c98a48ad61ec9,99934560
163,1670881500,2022-12-12,382,iUSD,1669905662,72a5906a5f5265ec69132dccdf9ca9575c707ae00afa2c04edff9420,47516171
164,1670881500,2022-12-12,382,iUSD,1669913001,9db8dbdfc35cd01248d7ef8b323d76a072cc6ccec45aca38ddd3f99c,506228622
165,1670881500,2022-12-12,382,iUSD,1669727244,4cee593c13ba695c56586d315642f8b954320776b60e6f476123ee9e,249512733
166,1670881500,2022-12-12,382,iUSD,1669754223,f785d9e43dfd3dfc38ed9fb3ed2703dcb80bd3d08d936164cf75f5e8,32233354
167,1670881500,2022-12-12,382,iUSD,1669166237,68d9b5cb1191c215d8592e94886255241dcd4799ad7520d644988c9c,296719379
168,1670881500,2022-12-12,382,iUSD,1669562910,08c3fb1288800e757c4b448760875b613e9839ecbadf2ceecda7c936,174767370
169,1670881500,2022-12-12,382,iUSD,1669936669,b8ced219112270d4dd7fa89c94be9829c28bb4cbe2cc686ca79af0ff,9996441590
170,1670881500,2022-12-12,382,iUSD,1669939992,607b30e34270b5537d464438b4610e8ef7b31dbec118f1300f9c011e,807642624
171,1670881500,2022-12-12,382,iUSD,1669942154,bd80c273a430f77322c1d53991877f4f9a018e457479709a11725edf,12048133
172,1670881500,2022-12-12,382,iUSD,1669471381,ccc6065bab9183933462a4acb0bcea38368806fd4e7435a4e76d3624,1231040039
173,1670881500,2022-12-12,382,iUSD,1669965900,3e73960a6b141b9fae4ce09bfd1edcb6c94e4f397cec014d5ba78d5a,99964415
174,1670881500,2022-12-12,382,iUSD,1669972326,31eec5d71937555a28119e20dadcbe20b67b367b2f31f21957466444,188139046
175,1670881500,2022-12-12,382,iUSD,1669973928,ef375afc54458f274bd07dec902e981a581fb46d4ab6d996e40b5bb0,999644159
176,1670881500,2022-12-12,382,iUSD,1669519909,ef500acce9b7728948264268d5807c40106c9cfc347b884efff9db46,390272624
177,1670881500,2022-12-12,382,iUSD,1669987294,5b53affa5cd54796bc5a607b782ddf706bb01ccfb7a5150523daf1af,1650470417
178,1670881500,2022-12-12,382,iUSD,1669245894,7027a58b0e7ba0c62c9c728ed6c39aaeea2a5a6eb7655dae15408d74,833838
179,1670881500,2022-12-12,382,iUSD,1669990896,8a681f050ed1d501d3d4c2fd454102b7adbc40627511a2cef71665e1,119957299
180,1670881500,2022-12-12,382,iUSD,1669996593,d4a97194b2ef904e9d10c98603d44d78bde6ab98ff020f7a3bdaaa6f,90419430
181,1670881500,2022-12-12,382,iUSD,1669998706,a037c3e74610d29646a4d9df4f124c0cec09b5320defc9d06b57070c,1054621469
182,1670881500,2022-12-12,382,iUSD,1670000963,d8120b7ff6f379164a6238e94a02be9607348d66de8cdd6ad923a1e3,103548702
183,1670881500,2022-12-12,382,iUSD,1670001682,5c344279c3daa9233dbd3f3669d2fd5386e4da4febd7ace87497fe83,207625654
184,1670881500,2022-12-12,382,iUSD,1669402215,8bb9f1df2cd1d6f7e3c5758eb144bf720666784db45e4fd8fa7ca440,41470873
185,1670881500,2022-12-12,382,iUSD,1670018018,c6cd7420bd85c47570966504ccdc3847422b7fa54b2b2e9da06d49c9,32426455
186,1670881500,2022-12-12,382,iUSD,1669078385,ecdd6a81ee434c3d773a0b6b27d426b3d86ee4f8edbb4016e5a6883d,991942484
187,1670881500,2022-12-12,382,iUSD,1669062123,c835248f41cb65303bec60d767f0299ea458a19c8c04beb125513487,796296067
188,1670881500,2022-12-12,382,iUSD,1669164271,43554050d4b81197d15d448aa81b825612a4fef4cba3b48ba25be4e4,1352575057
189,1670881500,2022-12-12,382,iUSD,1669235482,9f84773dd85eb6828175e3b78a0e3f942a6534bbde37c45533e5a683,327383463
190,1670881500,2022-12-12,382,iUSD,1670023465,81c38dd10effd2194b0ef074ffbbf437b965eb44750e63b21c1920c9,813492354
191,1670881500,2022-12-12,382,iUSD,1670027493,c332895cc33f87ae2a570e917412f97b40db888fc88b2bae4bb2f08b,49982207
192,1670881500,2022-12-12,382,iUSD,1670030173,6abf04ac85fb3c9f095fae24197ca89206f6135212965011491f4272,231700054
193,1670881500,2022-12-12,382,iUSD,1669262310,623f00f49ed872b8fde76a4d5520f4ff63e50dec00b938701fe2aedd,71322375
194,1670881500,2022-12-12,382,iUSD,1670037454,50f4e1d7a6ebca54c3f008e7e589c56ba35847780d8722c6a0dfffe4,54786218
195,1670881500,2022-12-12,382,iUSD,1669182614,930a5a40fb419b4ca1a3d0a2f8cba25c0baeb5949e794034a7fbd1b4,99245319
196,1670881500,2022-12-12,382,iUSD,1669952361,71995412f0cdf4fb3b1d74d635c4aa6b9ccc26aa02f37b966ff7917d,918036229
197,1670881500,2022-12-12,382,iUSD,1670039700,fe79dbf70cdc54a0268fdb76ff1a09b7f8368be5770453edcd9931c4,469979826
198,1670881500,2022-12-12,382,iUSD,1670041502,c04382ab109fea1ce9768216f57ebba0dfdce37841ceb72f91b945fe,1065287607
199,1670881500,2022-12-12,382,iUSD,1669253527,fc351e35c2f082683a7e9ddaf7b10ba846361d5e2c8da03fbc1a9e51,178785974
200,1670881500,2022-12-12,382,iUSD,1669617874,4ad40912fac77a40066379814f648de8bdf8c1e9f23e30ea9d1100cf,318901814
201,1670881500,2022-12-12,382,iUSD,1670057565,09575db3a66d29e820a464f9a5784aa42e3efd96396413c15d5a1160,88773966
202,1670881500,2022-12-12,382,iUSD,1670063874,58565b9a0b90f766dad48a3cb365453b452565ecb6773a55a5517b48,4998220795
203,1670881500,2022-12-12,382,iUSD,1670064127,5df12b63d63b10222bd9fa61b074f72949c4805d17eb18b349b3adaa,302222145
204,1670881500,2022-12-12,382,iUSD,1670071507,0392279ce70fc3bc7d60fa0437da097cc264ada08fd59acdba593965,99964415
205,1670881500,2022-12-12,382,iUSD,1670075438,37ed0edbae22b1cd07e47eade303eb9911b4ce9c80ca0f96906b277d,41347688
206,1670881500,2022-12-12,382,iUSD,1670079019,486a87dab55fe32f4165140fcdbdaac161f41af09235cb1c7be1b866,32449889
207,1670881500,2022-12-12,382,iUSD,1669566826,7bfcb0b4a3974232c21fe4440a2befb5aff58093e9582c9d447c1e0d,1061404803
208,1670881500,2022-12-12,382,iUSD,1670089677,264b3be253f8b7ded1b7c01a483256379777df963ce59e49167e95d4,299893247
209,1670881500,2022-12-12,382,iUSD,1669355942,e2db0579454041b6d16ddc4745cf7f3ad3e0535ee838258f7af685f3,149861716
210,1670881500,2022-12-12,382,iUSD,1669666324,1227be2193b0f03f9ced11395f01fec9baab09491e545787377e5787,4594356642
211,1670881500,2022-12-12,382,iUSD,1669359253,451fe314c4e9a41bb5804455fb4057afc1cbf2b74cde2d3d737b3354,114560210
212,1670881500,2022-12-12,382,iUSD,1670096200,b2b9395787557b7013c8fa9d324a35656ed08395fb36eb7baf00fa82,299168569
213,1670881500,2022-12-12,382,iUSD,1670097044,ecf6df3e564fb3214117ff1ba3fb4532e6d1f2fb80c0015027b291b8,2340718299
214,1670881500,2022-12-12,382,iUSD,1669834301,72fda04edb3bab5caec3aaeec6197777d1734f465bc1f34bac19c33b,1
215,1670881500,2022-12-12,382,iUSD,1669153484,5a3d4f39ee17e2b67b6dd93ba71379a098b16f5f1839a069ce9533f4,309109723
216,1670881500,2022-12-12,382,iUSD,1669086866,3fbed1f70aaad0f5450f532262388c6ebbdd08685a91a2f4e2b5aa56,1495615401
217,1670881500,2022-12-12,382,iUSD,1670097196,d03cdd719860dbb0f0aeeb1cfa0e0237d8aa622bf9c6c39c08801fd2,1077401188
218,1670881500,2022-12-12,382,iUSD,1670100105,3f8f2cdd4da6db7af455c401c0e2108d6e2147856f31f815c0036689,1656933620
219,1670881500,2022-12-12,382,iUSD,1669741504,597f95da769ea4d957262de8280c653109cb3b72d5ebf25e894a16e0,103542601
220,1670881500,2022-12-12,382,iUSD,1669300840,9d596f5ce627f39f11af7dd488804fb8b4bb46dabfbb24ef8a143e98,966736282
221,1670881500,2022-12-12,382,iUSD,1669612786,22edff63ec4c5ff2b1e14f0ba8e970e612ad5af01c89f8d2e4bfdbd7,599134240
222,1670881500,2022-12-12,382,iUSD,1669519311,5bd1ee16f4f3a521d3129b1505b61e31910418cecebf3e5a0d17cb21,61304567
223,1670881500,2022-12-12,382,iUSD,1670107612,24c0af03702aca77635142b03003971246b68cd205c38c495b4b39de,49020747
224,1670881500,2022-12-12,382,iUSD,1669700068,7d9bd96bffd557031b105316885d46d7a6a2cfbf4afe31753e92e61f,58879938
225,1670881500,2022-12-12,382,iUSD,1670114276,84ecc5f7b81ce47c366701b164b6ecb5feff0bdcf2672755a2d2917c,64077330
226,1670881500,2022-12-12,382,iUSD,1670121147,3ebc1d2a5935505b0c6bf02052740a9e7f99a9601e5de72aa6732e5d,34232492
227,1670881500,2022-12-12,382,iUSD,1669140000,e1a8082c47e07a5033dac58e317d904b814c3a3d26d9abe1647274b7,457822689
228,1670881500,2022-12-12,382,iUSD,1670128312,adf9274c6b2a09d1f352088cee4c939f9c8b95f75f761e6927bded63,202015106
229,1670881500,2022-12-12,382,iUSD,1670105005,fd0172cfb6d4f7289491b5316afb91c0f416ce5ca33fc39727bd691c,150544355
230,1670881500,2022-12-12,382,iUSD,1670131622,453f1a0480f05afe29b6f1feee90038d23379ac2eee5e412c450a62f,57103901
231,1670881500,2022-12-12,382,iUSD,1669744576,5af09b48b37fd168d367bc72a3e259ce0c0e735b179149efd56f09dd,1735592563
232,1670881500,2022-12-12,382,iUSD,1670138081,ecf5b1ffca39a9821dc42163dea13dc58d4d9b28767edf02124a271a,82885948
233,1670881500,2022-12-12,382,iUSD,1670139171,05f8ebd54f40e71508f9cfec116a05dc8256562162f8024666821248,601841566
234,1670881500,2022-12-12,382,iUSD,1670147874,214451287957bf9af5f7a70c46dfc957d32e907e47e197eaf9f5d7ec,849700761
235,1670881500,2022-12-12,382,iUSD,1669758997,5f60720440d348463e8ff53a39699ea6c7cd98fc3c0f48015c8b2808,141258783
236,1670881500,2022-12-12,382,iUSD,1670160211,ebfc906818dbeda6a107a09c8ad26f76958489c83b6ac8a3019c5ab3,365638189
237,1670881500,2022-12-12,382,iUSD,1669323932,f62542a668860ca75a2812bcb048fd2879179a43b67e341a4c2b13e5,2984766762
238,1670881500,2022-12-12,382,iUSD,1670163676,baf3d781f46d6d5c36565a1e011547515541a97222cce99fc28b0698,377357362
239,1670881500,2022-12-12,382,iUSD,1669680306,08a15c4563f6297afadcb38fdb23a44c8c5771181d618481581f31a7,45111383
240,1670881500,2022-12-12,382,iUSD,1670171840,24715697456eca22df1c613d9f85b0cdb97f2cb5a253d7b7cae5f09f,820342091
241,1670881500,2022-12-12,382,iUSD,1670023248,b0080505dadba3dd6101edc779355ef23cb7572bc90c5683b877b053,199929097
242,1670881500,2022-12-12,382,iUSD,1670177822,feb4a300e0e8f53bbd2af15ae2a717cd3f298f0f2266c07dc9632dc7,32071235
243,1670881500,2022-12-12,382,iUSD,1670179172,c940019f97c065b6a249e2806f467ed67fc5bd4e749d1aaa010aeb8f,15994367
244,1670881500,2022-12-12,382,iUSD,1669125382,9ee2d4da330d9a1f86963847dfc4c6c1705310878a508ff1ff011cb0,554954435
245,1670881500,2022-12-12,382,iUSD,1670185861,d1e84ced90cffff9442cc47648e7e407a8fc75dbd8eda0c7940d0ba7,499823977
246,1670881500,2022-12-12,382,iUSD,1669854683,cc49c427436479201845dee1a19f6148e015b178c5cace194f9628ef,249482432
247,1670881500,2022-12-12,382,iUSD,1669317654,65fe5aecb5e29a5ed212fcbddda174205fb47bf6e379fd275962c68e,397994325
248,1670881500,2022-12-12,382,iUSD,1670189034,82543c43f44b3faff6c6de8a8c70317acfaea48855ebbc83b1a1a506,1075726030
249,1670881500,2022-12-12,382,iUSD,1669088363,84ec1749d331759a148a86d70741db77914a22a609be8300a63e5773,1614044339
250,1670881500,2022-12-12,382,iUSD,1669621606,61f84edd7298606d91d2e108f842c26bc1a573bc3b5d57044fc8e2b0,465733567
251,1670881500,2022-12-12,382,iUSD,1670199935,33077859854a4c4a6ee59151162d9ad87f180123bf154fd9e8518156,29330903
252,1670881500,2022-12-12,382,iUSD,1669337612,46bd39370e967bb8f02258034e52e067791859c2ef94f2fbe58aa952,2623298524
253,1670881500,2022-12-12,382,iUSD,1670204501,9e50ddf52e4f10e463d16c990e8523f3054d743f07c285ebc1bfe805,888064887
254,1670881500,2022-12-12,382,iUSD,1670216298,5375703a1815206253bce83d4c52cc18b6571def1bedf6c257575293,48851136495
255,1670881500,2022-12-12,382,iUSD,1669885055,f04220777f0352bbdd71de7d5535b4e78852bef554ab9cc1090c2762,13394436077
256,1670881500,2022-12-12,382,iUSD,1670235960,c805794bd33d47fc9d9c888b101172193a69c5f55e90d943ff002fbc,3999082196
257,1670881500,2022-12-12,382,iUSD,1670238381,6ab1e8f492b0ade359dcc23754a37711b11e09f3c300db387a7df62a,999647
258,1670881500,2022-12-12,382,iUSD,1670246257,ff935aa9517ed6dbb666d91a00c0172972ac4f6de32420c025a23e37,49982397741
259,1670881500,2022-12-12,382,iUSD,1669752701,10072ed764a43d32688cda4bf526028329269bc0814b01631d4c0c4e,299708683
260,1670881500,2022-12-12,382,iUSD,1670249883,7bf4075584da0c019fc06861bee629698e5c7a9e93a9c0cf248cbab7,74643439
261,1670881500,2022-12-12,382,iUSD,1670252364,82356f5dd9c1d197555f8efeece254a8db19ef9857f7f1fe0d168fc3,105589366
262,1670881500,2022-12-12,382,iUSD,1669214858,609f0057e77766add23faadf0f04065651a7e59a5000f5bf7a6dc17b,708773475
263,1670881500,2022-12-12,382,iUSD,1670254765,8d15767e250d2d1cf75d407fa486969f7d93b323d394356c66658d1e,7664172
264,1670881500,2022-12-12,382,iUSD,1669343452,f0b21568f2add71894e8e21eb73085b129b81de2e38c3bc60065a1f1,199477629
265,1670881500,2022-12-12,382,iUSD,1670255501,193cbbdd794fd3f6c3cb96d10463421f633f66509cfc2c50b449dfbc,21544483
266,1670881500,2022-12-12,382,iUSD,1670187029,9071c2fed47d90e7a8bcc7d8f36dfd7a4bee5a134d2d354f35d4c020,555813148
267,1670881500,2022-12-12,382,iUSD,1670165770,a518ee6b51cc5eb3202cbbcc6de9c91619705fad24137ae15a877a49,160250085
268,1670881500,2022-12-12,382,iUSD,1670264328,4e6357b65b3479d5e94963c01f5b6eca88a030a35fd9851dd3b648f3,408790139
269,1670881500,2022-12-12,382,iUSD,1669253881,42a9b7449b9ba23da79cfc754f2172d52b9a8a550e0e7b6eeda08f77,207801296
270,1670881500,2022-12-12,382,iUSD,1669948675,f549c4dfa45a19b8a0ac22a24f491e30cba260e71eb526031e21b7c2,50539187
271,1670881500,2022-12-12,382,iUSD,1670268624,b1ca53b12a8c7f0b5adddf9157cfc2548b93fc854cc124174394b8fa,59980388
272,1670881500,2022-12-12,382,iUSD,1670270165,c89afc2da9175089b41172171fccd8eab4fab0a4c4576d3240e0e2a0,649787542
273,1670881500,2022-12-12,382,iUSD,1670273681,aed65613b6eaa83bacd22c00f0be750f1eb6b3dda9e5639434b8ebfa,1823858
274,1670881500,2022-12-12,382,iUSD,1669265142,332640ca63bf1c45ca8f5beafe24f3e68887f052b3a03914e2efd235,25180613
275,1670881500,2022-12-12,382,iUSD,1670277972,aa19e47b6e82f9ebf16800bd6e1ef968ccc83801e9c6c33b63755fc2,45904995
276,1670881500,2022-12-12,382,iUSD,1669480277,e57655e6fd41f82f6fd30e24ff080f774abe81f53acd6c9e7b2ed26f,503737586
277,1670881500,2022-12-12,382,iUSD,1669196704,6bdf4e6548d770125f81c51ebc92b583787973ead359912e3ccd8e66,400714776
278,1670881500,2022-12-12,382,iUSD,1669794136,17d3378cdb60f18ebad70aab20bf4be3fe7415602c2e07313297aa35,699298941
279,1670881500,2022-12-12,382,iUSD,1670302830,57bd6627620ca97848d563e991aa18abf036fe7cdf1e8dac55e39558,7307325
280,1670881500,2022-12-12,382,iUSD,1670303040,ac0b8b3a2f2bff400c207b3bd0edee27a9faaa5465862ad390f19dd6,752224719
281,1670881500,2022-12-12,382,iUSD,1670304640,5773a492a25f0b201e746f70849c08e62953c20b4e7de496d7e5f1fa,1593566516
282,1670881500,2022-12-12,382,iUSD,1670318171,73270a01a0eaad5b7598aa2e18e6822031333a386b844b18a9f42e02,1014555131
283,1670881500,2022-12-12,382,iUSD,1670320431,77afab40e45c8efa1a9d5047b7d9d1294765a0e8e0603a42e356cbd9,2006201956
284,1670881500,2022-12-12,382,iUSD,1670038128,b01f0c44e67df1b4b6554d0e86a6b3d2529cdabb099bb8cba9af32f9,649599650
285,1670881500,2022-12-12,382,iUSD,1670329386,36335a09015ff3e7941cc3bc4095f41ec80aedf5086c1ffedf7bc7a9,1808408713
286,1670881500,2022-12-12,382,iUSD,1669631374,c9cc643f6ed8a85f54e729d31fe97baced241773bfdc0d40f389c58d,2999019
287,1670881500,2022-12-12,382,iUSD,1670333197,eb7a0af8677832e487f154e7cb7483878208fc5f4bf6cc1ebd63656d,204030122
288,1670881500,2022-12-12,382,iUSD,1670336752,9085a048fd190f237c52943ac271b9b78042747efb1cd553d6e54f4f,319106156
289,1670881500,2022-12-12,382,iUSD,1670341900,82ca384fbf3ed3f0959fac2294644bce323c2edb83f76a578f61f1e5,1264656296
290,1670881500,2022-12-12,382,iUSD,1670345959,114ed1fa4be6d0fc67ac7eb0e7c59955986dc2a646f2dbdb03f98d7b,99889249
291,1670881500,2022-12-12,382,iUSD,1670347279,d6a625657c0efe8f8a026c58b4889627baaa18a5526fea421477989f,299901942
292,1670881500,2022-12-12,382,iUSD,1670351055,6a22c66b1ac47584e99999b61de170878547bb5a6b87946a6f1e018e,50776823
293,1670881500,2022-12-12,382,iUSD,1670355181,63ffcea431889194cc4340feb1b96c81251d0dc547fd50203de1eb83,149475881
294,1670881500,2022-12-12,382,iUSD,1670359327,69db3ddacd4bd728026a19f9e8be6d41771d6cfb8cc1706798b3ad1b,99967314
295,1670881500,2022-12-12,382,iUSD,1670360107,c97315e414c9b15a013f216d0345e1669cfbdd86681ed6891e1eb33f,2599150168
296,1670881500,2022-12-12,382,iUSD,1669189015,ac293f8851bccc597d9f23b7b76bb9afca7bf65e42c93fd9e51ebadb,609914852
297,1670881500,2022-12-12,382,iUSD,1670365725,1f2a219f8fd7f69d2cece503fd8621a7c316eb270736990eb26bdb40,53558247
298,1670881500,2022-12-12,382,iUSD,1669604492,2256c4029375839fccc3fbdff3e6b8c7da556cec35f7915c42a63299,517823311
299,1670881500,2022-12-12,382,iUSD,1669080905,4592c156a934331afdafaf2a3f10c9a68ec09163ea4fba229be0885a,2403374730895
300,1670881500,2022-12-12,382,iUSD,1670372149,53313be7f4738a1ad1554126858d052f318ccbf66d88b5016e9155d5,9996731
301,1670881500,2022-12-12,382,iUSD,1669637067,c4c909dde4eb4cdddb83ed5aa7dc2ea3a56071aa79a16b8da349a127,40763782
302,1670881500,2022-12-12,382,iUSD,1670376638,e0ea68c3e09114bb8b746e67a3e44b5e4c0cdce33c07391dc1f61be2,1499509712
303,1670881500,2022-12-12,382,iUSD,1670377028,08539981f38d05e27a930283d06523e278cab768ea7608af8d0115d4,32459543
304,1670881500,2022-12-12,382,iUSD,1669786728,d683ff7b8b7ec25d210d61d015c0aa66c0befccaa031851d067af87b,260753872
305,1670881500,2022-12-12,382,iUSD,1670386477,4604467a331a2044f37e747d8d081b73538f8d1001a17b6bb55bb0a8,40690356
306,1670881500,2022-12-12,382,iUSD,1670386764,bd1facdfaebaaa1e6ad72fe8875efa4365dec911f322dd62e5cc1108,814160006
307,1670881500,2022-12-12,382,iUSD,1670391203,c1ecfddcc1b386980d2cad46efaad99e373cf70398b7c01db68e4f4f,106272782
308,1670881500,2022-12-12,382,iUSD,1669624419,9057a63eaa2afa9e1f67bdb5d29fd62c59c91d0c79a30e225f079aca,1199043685
309,1670881500,2022-12-12,382,iUSD,1669143165,261d3be7e3e062c5916ac03d3f9cb09ef157108edfdcbf53dcd817d2,174531177
310,1670881500,2022-12-12,382,iUSD,1670394188,06126a123250e0920b44678709da9d6d06d9edca5ecc7c532ac49aad,688661686
311,1670881500,2022-12-12,382,iUSD,1670398785,f28c3220c1ae8fc4846b5a19a3f967b01d23baf00eceb0a1d20798a4,313315748
312,1670881500,2022-12-12,382,iUSD,1670088103,a2b3fc71aa466e489bef35c30ca8b4a9388f701ab0cd73c9c81a5409,1399513415
313,1670881500,2022-12-12,382,iUSD,1670399870,efd2562cf81215badd5f6232a30689f8b150bbed13bbca6fea876ddf,81148860
314,1670881500,2022-12-12,382,iUSD,1669475711,6747fe860de920bf606e1d93b3bc44d208304c44415a30e4095b7d15,156877967
315,1670881500,2022-12-12,382,iUSD,1670403993,d651ba5a9fa1534f863a2fcb6b286f00b72ba814a3ac498ce7329b4f,4998365
316,1670881500,2022-12-12,382,iUSD,1669388782,1be7677761b8b57ac596e6eea4b189c82347c81a16883994ecab3bd1,399869257
317,1670881500,2022-12-12,382,iUSD,1670422607,e59513fe36ef7f5a94ef7c7dde91d74f3d7a1e30d34fbdf00fb1ff51,16049470330
318,1670881500,2022-12-12,382,iUSD,1670362147,577cd4ebc8dd617a8bd294f1b4bd853e1c2c82a10616ef099601b26d,568313
319,1670881500,2022-12-12,382,iUSD,1670097535,fd604bfce2089228bb84742efa2a90ad7f678753149f4949b376143f,34928475267
320,1670881500,2022-12-12,382,iUSD,1669533408,2722b73e6fdadd44d7e771dbde649d36ff3ac90277ce49b530355d3c,1312119
321,1670881500,2022-12-12,382,iUSD,1670429018,fdf0a8011a7e976d9659c2cb25975ca8bc604215572f91449d0a41ba,8921690
322,1670881500,2022-12-12,382,iUSD,1670429399,66245022306cc7bc7c408845ef8eff4b6f3e43b47de7941c95889e62,194703002
323,1670881500,2022-12-12,382,iUSD,1669786249,529d28b7dd391a3882af85490dc88fe20db2a858fe44e35198f1d925,369568668
324,1670881500,2022-12-12,382,iUSD,1670436436,a40e609ccc120bb815930cd6ce47826e6c41aa94ec92c9f5e93ec9dd,320877014
325,1670881500,2022-12-12,382,iUSD,1670439218,6fdda2cf6f50c19d61e47a9df964139aa93d435996aae7cb65a7026b,19993462
326,1670881500,2022-12-12,382,iUSD,1670439986,788f2cdbf90d342aabd7e133286b9c05fe6a9aee26433ba74c5217a5,899705827
327,1670881500,2022-12-12,382,iUSD,1670440549,d33119934f905c46c074d86b01e9ed68d8df9416c1f98311adda04d1,99967314
328,1670881500,2022-12-12,382,iUSD,1670441683,1afac53a4d1a00fdc5c19991c9ab585d92ed50cb9c71ba9c61a36106,99967314
329,1670881500,2022-12-12,382,iUSD,1669819515,48c1d2e21f2ccd6d9a9ad2efa6da2efcc40b3bed0b94b918408f4def,330269278
330,1670881500,2022-12-12,382,iUSD,1669907557,d8dc639f4acfae62f5542765643c3dbed62ff861834dbe3ffe374e2f,95508322
331,1670881500,2022-12-12,382,iUSD,1670444055,06556a8f037463e20d7e11756dc4678acf7694ae432fd6cd2b10d124,29990194
332,1670881500,2022-12-12,382,iUSD,1670444612,fcf7c612df9c7d2d6df8723d4b9ee558c3398a75b43c329f73539bdb,99967314
333,1670881500,2022-12-12,382,iUSD,1670457860,875e0983da57293df20690f6504edbb7db8eb69efadbb8c9724f508e,31497520
334,1670881500,2022-12-12,382,iUSD,1669259216,51ba77a69f4bd280866f41ca99f33f4d0d82db2d7bd7d854b915fc06,399508929
335,1670881500,2022-12-12,382,iUSD,1669236055,2af7ac91a39bd31d2af45a0339de7fd54c803034e0c6a6ef31d9a6d6,588702723
336,1670881500,2022-12-12,382,iUSD,1670480904,63e6ff673c825ad8210446bfcfd0012e942430929ac65dfa2a6ca981,2012710556
337,1670881500,2022-12-12,382,iUSD,1669900425,b1f361d9b52c1685ae487c85a5e85581681b7955a1690aaf8f8f859e,449211278
338,1670881500,2022-12-12,382,iUSD,1670489707,76db8ded9548b81be22d9c36c974a37d7cca4b11e2c2e71e7c3b8b93,148495821
339,1670881500,2022-12-12,382,iUSD,1670490749,5ebe0ad9ea2c6e3e19e3b3f1ef0feb9e1694cd50295191058140135c,549820228
340,1670881500,2022-12-12,382,iUSD,1670433387,cb57b003edf212f5f09920822915fc2e42c6623428df6c2f9a4aadcd,84972217054
341,1670881500,2022-12-12,382,iUSD,1670498790,f6babe82e81a1d51f5e4368647e69d71363450dec2d259c239658201,100274323
342,1670881500,2022-12-12,382,iUSD,1670499455,d8a14ce3a4d8d706d91636983897892237bf612d93a8eafcd4996b9c,209231588
343,1670881500,2022-12-12,382,iUSD,1669109800,1c344915cd6d894f09ab5d09995b0067b404460cd399437d18e392ad,181571058
344,1670881500,2022-12-12,382,iUSD,1670503482,cb1f173c0e4e3624f51a0b1c2706174478d1cda344a04a9fb9224b1c,7173470875
345,1670881500,2022-12-12,382,iUSD,1669175706,ca0f77040a2b74ee79cb3a2c8046083e364c853648d64885a75ae35e,149133853
346,1670881500,2022-12-12,382,iUSD,1670509440,33aa2d901716ff3f637169a618cb88361d1c8a9fc3a1eb34e4e27b80,5998038
347,1670881500,2022-12-12,382,iUSD,1670097335,85bcc68578fe0326ae00e8aac5e6c5e734dfc3fc04d8e9a31d27c1ef,4565528322
348,1670881500,2022-12-12,382,iUSD,1670519230,3ba5e5ed20c3f97a83ad2c651af60d472f7e5d64b2f41237a24d1f46,119960777
349,1670881500,2022-12-12,382,iUSD,1670521662,4658b8100b35620ec4e82e9926564ad4401136490745d40ef707496b,60026515
350,1670881500,2022-12-12,382,iUSD,1670040656,8622c4f33898222807230df0531bf23dd408583e8452bceba33977b8,805771413
351,1670881500,2022-12-12,382,iUSD,1670527848,e6eea7abac12ee5189c640fc562f48ea59a2f121c8403ca97e34cb69,156967184
352,1670881500,2022-12-12,382,iUSD,1669244991,d60e724de921571ec9a732fad7ec0673fb9665e2b41040cfc8193289,1447482181
353,1670881500,2022-12-12,382,iUSD,1670538369,744ad6675f37d87809f31fd72a39059810940799f0139a6d7adfe758,80495991
354,1670881500,2022-12-12,382,iUSD,1670543970,f6bec0f37a857e1281e70c22d6f5c1b45f94b6ba6d9bc0e97dd614db,1609919842
355,1670881500,2022-12-12,382,iUSD,1670544482,c8deaac83b9ca7f1a985b6c69adf60da07c2b3becfd2fd9a69f22b62,30062830
356,1670881500,2022-12-12,382,iUSD,1670278593,d725c28c65efa28675c921df82bed90464c52d8e2a86fcca17de749d,3899098634
357,1670881500,2022-12-12,382,iUSD,1670549465,6a4269c6c44072b8ff4b579cb0992833cdc8afb8dcf3c90e19d16b97,200934301
358,1670881500,2022-12-12,382,iUSD,1669220230,eff11624b6d120fea87ea76c77c5b0fc44501c6eff36dc34f3dbe31a,617608780
359,1670881500,2022-12-12,382,iUSD,1670507347,6f6ac85a14219d610e98d250670ceb7ab267afc25274ed5a6cb3ccda,313601208
360,1670881500,2022-12-12,382,iUSD,1670496423,ce654cc45f56f912cea1031b56bf9fdbbd49f77c0717e017805850a5,139679464
361,1670881500,2022-12-12,382,iUSD,1669613114,134772ad86746619dd39c1bcfd82c5cbec2872f3fbbae1c289e2c7c4,6573379433
362,1670881500,2022-12-12,382,iUSD,1670473508,e30a204b11986043cac4fca3022600e309ad1bd06963affb22fcf3a5,2404111540
363,1670881500,2022-12-12,382,iUSD,1669208582,f49b2ec38629a86884fca16ee16eb860a739db0c8eb6828b4f513919,209816151
364,1670881500,2022-12-12,382,iUSD,1670575885,8e4dc9904be669d8de3911ce94c85d2ba9f01aacc990879ac856c87f,390630346
365,1670881500,2022-12-12,382,iUSD,1670579134,1be221caa2e043e3f2ac88126788bbab75a92f69f96c4ebd85e5d3da,1009662626
366,1670881500,2022-12-12,382,iUSD,1670584574,a13cf52d79177a8df19463e96c2d0629cb8affd4c658c60f7c618597,1006199900
367,1670881500,2022-12-12,382,iUSD,1670590938,556ebad33f2295ee54f7c2fb1841c889a432b2c46b577d4c321bd6e4,149950971
368,1670881500,2022-12-12,382,iUSD,1670592568,9d7c80e92b2d81a528c6f4ce7fb1abcd5efb56c5b3123a27209be50f,12775909
369,1670881500,2022-12-12,382,iUSD,1670592966,0358e7dd52de1d1bf96ff5db25b55435814b96d8b3abf598cf885fb6,313934368
370,1670881500,2022-12-12,382,iUSD,1669737711,a1808ba4735c2d059b25b1b3c2b13662e66063bf94f59667831edb8b,245924251
371,1670881500,2022-12-12,382,iUSD,1670608252,5cb736f995799d1692b75ea8ea0b5f44e4abad33840ebe540b2160f1,152942384
372,1670881500,2022-12-12,382,iUSD,1670609522,d74a6efc13c28b96e80fa23036353ec62897443d0ee58a7cae63cb0b,197935282
373,1670881500,2022-12-12,382,iUSD,1670609990,c4d642aa8ce8be72cf2b8fbc1862e63ab76b245c2c1daf7dec07adc3,104096019
374,1670881500,2022-12-12,382,iUSD,1670618677,f238e39a411abec8eeeae5399798fc156dc948bdd4d67ad93fbb0589,80505079
375,1670881500,2022-12-12,382,iUSD,1670189545,0aa09220c41d6fad50e703b432527e59c713c9d488264095f9395c01,303910824
376,1670881500,2022-12-12,382,iUSD,1670643313,7908f121039dd89f5f59112cfd0e9dcd9f63808c33dc2dff869a37b8,499841960
377,1670881500,2022-12-12,382,iUSD,1670658828,53ad03696a854631cba8cdf7d2628fe142aae67a9e9ce8a19b81e4fa,24413004
378,1670881500,2022-12-12,382,iUSD,1670669605,0cc8211b4e1b8ad56ffa00ba5b8a54b14c58f48d692bb0957c1364d1,37872456
379,1670881500,2022-12-12,382,iUSD,1670669955,23a833160c3d6a9c09c95cae9035dacdb5be88b00fd1c34ca6399bd7,4798080138
380,1670881500,2022-12-12,382,iUSD,1669105032,642050a5c5961494b8342be7339a9021eec09b44b199648ab6f2be18,1642140356
381,1670881500,2022-12-12,382,iUSD,1670678534,bd35e698c1519cd374228d72345ac3a007aa585b19e1fa76ac768818,97002915
382,1670881500,2022-12-12,382,iUSD,1669855249,3c214daef68d919ae91cc5eb7447fc6d795b6019a6df4e3191028999,2618509665
383,1670881500,2022-12-12,382,iUSD,1669978883,6f860cd15e7d9a0fe71735b338fa4ad81e418ddaae95928bd2994fc1,2499189922
384,1670881500,2022-12-12,382,iUSD,1669823392,4ffe4b2f17149ca44a4176f604bff3a57b877d4e456f051b21cd9e9f,6803350646
385,1670881500,2022-12-12,382,iUSD,1670706616,e5cf30c4a7378ce389ee3c58e7140cfd462c4b3ad75f3037cb77b09b,999683921
386,1670881500,2022-12-12,382,iUSD,1670713932,f11b5e53903cbfefda5810f2a640bef65544890991407fe56bff3d39,659151709
387,1670881500,2022-12-12,382,iUSD,1670738474,239f2ce7543af3b3c9119a00f53a64ad8e1e4b19d90fd1dfaecd7427,1049672173
388,1670881500,2022-12-12,382,iUSD,1670743216,a35524b8a5599ca4c8e7328a27e3d4ccc9e95880ae582c6c1787b96a,80482504
389,1670881500,2022-12-12,382,iUSD,1670751453,61a6d30cf152c0fa0fd3aae4810574c96fc4d6b61d9a528f7a554c09,40500872
390,1670881500,2022-12-12,382,iUSD,1670751740,4ee18dff52099c980cd8d3a1e85c37110cef73ff901eaabdabc12c60,1521850988
391,1670881500,2022-12-12,382,iUSD,1669713386,8ce5d17ed848dc9ee4fbc3bb79271e1efbfaf43d9ead7df700faa0ed,16944627
392,1670881500,2022-12-12,382,iUSD,1670110865,e9b900a8a8988098763b2e5d3a9cd9bac932d2958a6c3b811b79e175,1999310659
393,1670881500,2022-12-12,382,iUSD,1670086216,ee5592e3bff712a914258c52f57873c0cfc73a7b2c25008fedbcdf9d,1999328080
394,1670881500,2022-12-12,382,iUSD,1670754660,37b4b6e4b8ed0be34b3e91c40ecccac9806253c35f4cb11da3f1fe3d,999683
395,1670881500,2022-12-12,382,iUSD,1670786809,b178ffc093995ed4f92326da8cbbae25832bd1c723b4897435ae3ee3,26259205
396,1670881500,2022-12-12,382,iUSD,1670785538,ab2cb99a28975abf7e607b08cbb0cc5b3c42364bbc725aa9e7532ca4,962221758
397,1670881500,2022-12-12,382,iUSD,1670790974,228f7a0a9cf92326f01761f7311eea4f14bab84d35f9222b4900d312,220200882
398,1670881500,2022-12-12,382,iUSD,1670791403,4161da6570a522b9de574b45ae1ade7338a5dd8e69a40138fa57ac67,159854077
399,1670881500,2022-12-12,382,iUSD,1669146980,89c8cddf9c306ae2f45b1a329759525c94d966176985eb15d5d6d3b6,2116762458
400,1670881500,2022-12-12,382,iUSD,1670801504,698ceb483c24a183e0a9efbb33b25789c41494082421f4df6c75803e,139956549
401,1670881500,2022-12-12,382,iUSD,1670802321,38a6b071d8b300a0a8219cb49ae293024f466985a89f62d6188d0388,29990689
402,1670881500,2022-12-12,382,iUSD,1670627867,5015aba4d3c982a18669bf8a76082f6563b3bb7872f876d3e910644d,5179179730
403,1670881500,2022-12-12,382,iUSD,1670807986,75cfd29b6dda5115ad991ae8c8d13f8e0c7a439daabc9a08b632d977,30856427
404,1670881500,2022-12-12,382,iUSD,1670808255,2e5692429e007cf9257b86f3685710aa0f98895b86b13a0c5ebfff47,25318093
405,1670881500,2022-12-12,382,iUSD,1669396094,f28382adfa047a0f4258f6ebe2dc27f1b31852ad0afa692e553d75e0,103992984
406,1670881500,2022-12-12,382,iUSD,1669146241,564c77ef718415d62342d22ad5f3bc05a241cc279ae7701f4b175005,1000333208
407,1670881500,2022-12-12,382,iUSD,1670427712,e8aa119715131d1dc98e1703729210cc98b1883773fefc5177cbfdb9,1499089389
408,1670881500,2022-12-12,382,iUSD,1669621469,69cf032f5fd099507286619b82a25c9ae2d6d3bd1d8228a2511c19d9,200933035
409,1670881500,2022-12-12,382,iUSD,1669190350,243143a1edf725605b078e3660ccf3ef4811e54ce8d70b04ae15a4b0,1671304
410,1670881500,2022-12-12,382,iUSD,1669821923,b2d0834973ca3f26aee1f012c1b4f03cc0dcd96a5e299c62beb86237,2
411,1670881500,2022-12-12,382,iUSD,1669855525,d246fc75aa2c36620fb829e33c8731779008bc8493ae2cefef20f593,739044051
412,1670881500,2022-12-12,382,iUSD,1670838834,d7346fcd395de69e62f4a2bafbc32af393ceecb3287b0ff4442ff36e,632102494
413,1670881500,2022-12-12,382,iUSD,1669588055,94275840268d6b1ef5de783596d50183aeca94277944210de3e2ee30,2738481
414,1670881500,2022-12-12,382,iUSD,1670803781,053587c6190fe8c46ed564ab8bd63b8fbbe2a35e1730e881b1ad9f25,3549203543
415,1670881500,2022-12-12,382,iUSD,1670841724,46af4bbef93c03a9d22be8ed4eef6a1caf9f3950b9985262382aba9d,3139126347
416,1670881500,2022-12-12,382,iUSD,1670853704,5f02661fe9260d523acf4075e2361c9ccd10d6f9b10c5d2837151284,9996943
417,1670881500,2022-12-12,382,iUSD,1670250651,5549e47cc751bd3ea39c302038ed15de03593797992f85d62ec3588b,4008452880
418,1670881500,2022-12-12,382,iUSD,1670859479,e56d0e063764813170c38e463a41ad690d871e7eb01c90bcada02c40,119402265
419,1670881500,2022-12-12,382,iUSD,1670861970,d5679a49ceb086a4281eb52663cf499aff7a65fe5a1da2e408566db7,31249221
420,1670881500,2022-12-12,382,iUSD,1670212820,68508e515cb193333cce070a1c36b7ee417313b5648af8965d81bd20,1466020190
421,1670881500,2022-12-12,382,iUSD,1670024886,344b062d324fb1d5c2604c5381acd0e0dc8eac7fe94613a1dd1c9ee5,1702425982
422,1670881500,2022-12-12,382,iUSD,1670869148,5187bd9ddecc2fdfae36f4e67526cc8368478db4478c08bff6a708dc,8552684
423,1670881500,2022-12-12,382,iUSD,1669488746,beaf7018117b8306d327558a7e0f0ae32264fc37610bd29eb90d3cd8,605610070
424,1670881500,2022-12-12,382,iUSD,1670878528,811d81c21b08352b6d13adc8815022f120336e4eadd03f4ee1a1b0fa,499847196
425,1670881500,2022-12-12,382,iUSD,1669165430,59a4202d2158d56db6b4f9105521a818c5fe79f21ab4cfae9081095d,2316909204
426,1670881500,2022-12-12,382,iUSD,1669575843,ad84a338eed8f6d5869af66f317e552d08109491c268140cb35c0db9,945856734
427,1670881500,2022-12-12,382,iUSD,1669060685,6b1b3b6c653239a344063df53c885e3bb0aa463431a7a52b1d218c46,1477346081
428,1670881500,2022-12-12,382,iBTC,1669059962,31ac5363f5d3b6bc5ee0a10aac24f82fb0417a1e53f318833cb34c9b,1695
429,1670881500,2022-12-12,382,iBTC,1669076036,94e8a4d1c409af5498095aafa61edb23fdbd9714f45d104cbe148425,9756
430,1670881500,2022-12-12,382,iBTC,1669080940,9cdf11e9f7832510865cf609be23fce37c331324a087d334801d435d,2962
431,1670881500,2022-12-12,382,iBTC,1669114288,18ed00574c3cc8b68f8eca145e3a99e24517d04bfe7767e4c33681f5,1017
432,1670881500,2022-12-12,382,iBTC,1669140402,a0a625ad8b607e8ab650ebc0d4003f5f3ffa21a811980177793a32a5,980
433,1670881500,2022-12-12,382,iBTC,1669186856,c058ca62efb4785fbef1e7fe218bfc4596d9a085b4721f9661e61894,4184
434,1670881500,2022-12-12,382,iBTC,1669228128,3b35117ffdf08b8db25c6cf84d830dea359f425905e4e2e42482165f,196
435,1670881500,2022-12-12,382,iBTC,1669281004,f08a2242c6a6353ea38c9316dc478cad0d5e53eef6c1833e763eb33d,706
436,1670881500,2022-12-12,382,iBTC,1669305471,9b79285667271079a0e660f0c80c8bfd4dec0dcc7898c80a40c1a64a,1126
437,1670881500,2022-12-12,382,iBTC,1669262412,623f00f49ed872b8fde76a4d5520f4ff63e50dec00b938701fe2aedd,6094
438,1670881500,2022-12-12,382,iBTC,1669424158,b0f6f6c285e1711e5cc0b237539ebd40eed3ef96be5b78aac6c389ce,68444
439,1670881500,2022-12-12,382,iBTC,1669446592,cfac2849597e191f8ce7e3f3555150761a2f661beebc6537facb738a,1110
440,1670881500,2022-12-12,382,iBTC,1669475109,82375f0ac3a132e612e874a964e874d5354536d05ed5f4ba874dfba7,4837
441,1670881500,2022-12-12,382,iBTC,1669316345,bed90820701ec88d79cb4536bc0f0d5d9eadea4038f704ea26aebd7b,12289
442,1670881500,2022-12-12,382,iBTC,1669529195,85dccd823a8eda33c9f680bb5dd7c09479fae10c95732a968f39ddad,4209
443,1670881500,2022-12-12,382,iBTC,1669500025,f6babe82e81a1d51f5e4368647e69d71363450dec2d259c239658201,12309
444,1670881500,2022-12-12,382,iBTC,1669470836,1e0ad68cb0d5e41cd4af8f6891730238a6114198206f5e6f5b822a91,64674
445,1670881500,2022-12-12,382,iBTC,1669590392,9186822aacfdb9db59d107702005407fe027b81c0c1df99ce5d63960,15137
446,1670881500,2022-12-12,382,iBTC,1669595579,009db4768f9eaf740e4de81848de05581bc52b543577fa5b70a89169,11644
447,1670881500,2022-12-12,382,iBTC,1669599402,af7ea0c07f8c05d8c8e27b25a70ae93cff2159b4224f0f032e366d3a,20344
448,1670881500,2022-12-12,382,iBTC,1669620058,8105d0f33d443db33095e1de7e3c084af5cefb8675af79f718bd3e36,2462
449,1670881500,2022-12-12,382,iBTC,1669133269,18a265bd97ac19e5ada214d4f5c6a58bcaf1ccf9b023ab9ceb97fb31,103398
450,1670881500,2022-12-12,382,iBTC,1669484445,08f69322c981a539c26b252942dbdfec61faba9801a0f88bbe113b75,17449
451,1670881500,2022-12-12,382,iBTC,1669753087,72840ba35a6e9ce8a523d6ba64bb70ea14031f2875a718c129800680,1647
452,1670881500,2022-12-12,382,iBTC,1669757674,4652c04766dfb925145dd332a511ae47fc2404afe0bebeee3627a71a,369
453,1670881500,2022-12-12,382,iBTC,1669768965,b9127ad6a07fb42d0a5323ce8a79edbf1fbec2c87d010884d650799f,301
454,1670881500,2022-12-12,382,iBTC,1669775382,1378ddb6db2b41744fd8b3475658830b7e6beeb52a061846a778cdd8,34481
455,1670881500,2022-12-12,382,iBTC,1669791941,83142b2f0d950b213c0ab14c2ca350bda04cfc64ebf9f259a5ffdb95,228
456,1670881500,2022-12-12,382,iBTC,1669805556,4e3b8431be4388182055ccca881581e6b46941af4449abc22a1a48db,3270
457,1670881500,2022-12-12,382,iBTC,1669758763,5f60720440d348463e8ff53a39699ea6c7cd98fc3c0f48015c8b2808,2972
458,1670881500,2022-12-12,382,iBTC,1669564597,49597c6744ae5be8168eceffb91f2aca514e712e66a2397a01a0f529,105837
459,1670881500,2022-12-12,382,iBTC,1669246449,405966152e910c43c45f1d21d8420d7ce66c604b9750824741970780,2985
460,1670881500,2022-12-12,382,iBTC,1669165117,a6998ad7bb5bcb622c9b3ae3a89d924fa70057a82c829a3c7e05e086,330
461,1670881500,2022-12-12,382,iBTC,1669861438,29512c5afb810967ddccd68d0b66bdcd884b0a6d84cfb0c0fb5a1c89,8521
462,1670881500,2022-12-12,382,iBTC,1669178155,890a2ea2488a9cad929ea0e830b7ca6accf5260cca8b55d1e0cc91e4,193286
463,1670881500,2022-12-12,382,iBTC,1669188905,8ced098872686355fd3accc2329d595bf2ac9c6e7e981a8bc89d4540,17229
464,1670881500,2022-12-12,382,iBTC,1669537292,0a72021d32d5893231aef79b5b87f086fd32119a0f301957705506e4,2226
465,1670881500,2022-12-12,382,iBTC,1669943380,856d18a37ff1be2074f1904f3db9d2d45ea8badc88a3ff443836b97e,17103
466,1670881500,2022-12-12,382,iBTC,1669971145,ea29ab4f2420255302bd2c56e8fe74a36f0fcc96a30cf5fad9994b4a,197351
467,1670881500,2022-12-12,382,iBTC,1669970656,b116a13787a0e3908128fb3d218193ebbe31f14bb1564e3b17e56474,276
468,1670881500,2022-12-12,382,iBTC,1669987336,09d316aaebadb648f6066730365526cc441c52afed4578793d4c7b1c,1881
469,1670881500,2022-12-12,382,iBTC,1669989695,ad122b9fa3ab86495712afd2a6f655430427c2cf21a54fd0c8fe8e63,9867
470,1670881500,2022-12-12,382,iBTC,1669992129,d4a97194b2ef904e9d10c98603d44d78bde6ab98ff020f7a3bdaaa6f,3511
471,1670881500,2022-12-12,382,iBTC,1669044413,83d6a70fc8175ef9b6c28e852325b084bd687a20eee6a91a074032b1,38584
472,1670881500,2022-12-12,382,iBTC,1669994096,222afda7939e082f26e12d2ce9cf584b44538b31a60e2e1f3f333821,309
473,1670881500,2022-12-12,382,iBTC,1669482194,02b80d9935da7f00d97323735ff2641d938b14f3ecd24b01a990afe5,12687
474,1670881500,2022-12-12,382,iBTC,1669403233,8bb9f1df2cd1d6f7e3c5758eb144bf720666784db45e4fd8fa7ca440,275558
475,1670881500,2022-12-12,382,iBTC,1669107801,ecdd6a81ee434c3d773a0b6b27d426b3d86ee4f8edbb4016e5a6883d,9465
476,1670881500,2022-12-12,382,iBTC,1669120558,c835248f41cb65303bec60d767f0299ea458a19c8c04beb125513487,90472
477,1670881500,2022-12-12,382,iBTC,1669603772,43554050d4b81197d15d448aa81b825612a4fef4cba3b48ba25be4e4,10445
478,1670881500,2022-12-12,382,iBTC,1669116321,5afed21982af746c785bc7e91a951ae5c5fe8460bdc4f9064b6bd0b5,260071
479,1670881500,2022-12-12,382,iBTC,1670039700,8622c4f33898222807230df0531bf23dd408583e8452bceba33977b8,10165
480,1670881500,2022-12-12,382,iBTC,1669530069,cae0107377222dd28279aa012d84e5cdc947996ecf8335e6f42471f4,35426
481,1670881500,2022-12-12,382,iBTC,1670060005,5033cbe73f662b9a522aecfb0a0e8657f19f2f46419359c2d5bb4736,8452
482,1670881500,2022-12-12,382,iBTC,1670075931,37ed0edbae22b1cd07e47eade303eb9911b4ce9c80ca0f96906b277d,1150
483,1670881500,2022-12-12,382,iBTC,1669468413,460b03e4c9be9f26635bbb42db1bb7757c65f8bdafa5155fcc3ca9df,335477
484,1670881500,2022-12-12,382,iBTC,1669044731,df3ed3c34530edc62131484128ad73c4a256a8974d6a52ec845b64ed,3027
485,1670881500,2022-12-12,382,iBTC,1669639230,31161a3f479812bb1b676672d89d870a9eb53209c5ac33bec960388e,105631
486,1670881500,2022-12-12,382,iBTC,1670128397,f8dc2687e7efb9814a0258337bbead8dbcf6dac7a0237e3b600f404d,2247
487,1670881500,2022-12-12,382,iBTC,1670131515,453f1a0480f05afe29b6f1feee90038d23379ac2eee5e412c450a62f,3625
488,1670881500,2022-12-12,382,iBTC,1670132699,4526f66e5ac4bc27384718c9d97f85fd931961ca274b82e8529314a6,1381
489,1670881500,2022-12-12,382,iBTC,1670138706,ecf5b1ffca39a9821dc42163dea13dc58d4d9b28767edf02124a271a,4630
490,1670881500,2022-12-12,382,iBTC,1670146935,482487877cece318653a50da61ace938cd315d03918259c8f7a52f2c,2120
491,1670881500,2022-12-12,382,iBTC,1669565820,8d589e8e00fdadd913c2f769b43d341a03fc6ce5823456e7a3deaa01,2094
492,1670881500,2022-12-12,382,iBTC,1669081131,d0938626de945c4a8a995d69361f31be580ba3cd210bda9a9da59560,41440
493,1670881500,2022-12-12,382,iBTC,1670019243,7cf91d208dbe661058d16ea8ef2c387153cf91944aabcb9c7ef7fa1e,19676
494,1670881500,2022-12-12,382,iBTC,1670172580,9e2a688dceb60fed81b12a8d3e47d3aaac21ec44c39516858dd9829a,190159
495,1670881500,2022-12-12,382,iBTC,1670179560,ecb3a9774bc0b6f55aeeef10fd04a51427d001d516cef0efe84998ff,2539
496,1670881500,2022-12-12,382,iBTC,1670037044,e33786fcf09ced1747bbd86e3e123a529483cc477932d9f25c4b0d56,63598
497,1670881500,2022-12-12,382,iBTC,1670187174,cc49c427436479201845dee1a19f6148e015b178c5cace194f9628ef,14582
498,1670881500,2022-12-12,382,iBTC,1670194400,4ae0bc891aa53af8d0e5945ec41d457a8c0f1dc0dcc485a854b9b046,11044
499,1670881500,2022-12-12,382,iBTC,1669592520,2774b527cc66118eeb772ca5553089dc2f9d0a675d5d4bb0615afa56,9
500,1670881500,2022-12-12,382,iBTC,1669581364,a10a23ec8c8bc86c8b39bb8d034a7ea407acf952bab967bbd8797d7f,22868
501,1670881500,2022-12-12,382,iBTC,1670216352,ad47602fd2e1cb7a8f94dd6aa26b927b7006651f8e87123d60386c0e,52343
502,1670881500,2022-12-12,382,iBTC,1670224096,e4a3572c85228edfa7ee4d015fa55fd6c93d181597f86859aaabca91,34008
503,1670881500,2022-12-12,382,iBTC,1669877747,efd2562cf81215badd5f6232a30689f8b150bbed13bbca6fea876ddf,7914
504,1670881500,2022-12-12,382,iBTC,1670243629,3addd926e4d74499b821cb53b4e084086d1323a22608c47c43b21f50,178264
505,1670881500,2022-12-12,382,iBTC,1670261054,49044460efabd5270bf7d6b60c565c8ad2e65fa43191d485529e7483,16606
506,1670881500,2022-12-12,382,iBTC,1670263368,451fe314c4e9a41bb5804455fb4057afc1cbf2b74cde2d3d737b3354,2340
507,1670881500,2022-12-12,382,iBTC,1670269066,9d596f5ce627f39f11af7dd488804fb8b4bb46dabfbb24ef8a143e98,29765
508,1670881500,2022-12-12,382,iBTC,1670275392,f1edb36c4546c43d547ef1568ab271ca79841977d8816f6f85cffd09,51755
509,1670881500,2022-12-12,382,iBTC,1670286405,eec262031b5b78bd61e1f5aaeb37110ab6599407ab82682ad1798d21,4773
510,1670881500,2022-12-12,382,iBTC,1670286571,6a454ac65fe62709fb8b2f46b6ed76a6497997c2eb9cfd9b4de35940,297948
511,1670881500,2022-12-12,382,iBTC,1670287755,7bfcb0b4a3974232c21fe4440a2befb5aff58093e9582c9d447c1e0d,61271
512,1670881500,2022-12-12,382,iBTC,1670297711,9320b2e201b2f4141b4ea6e17e410f4696c911f77149408d632ebb8e,1390054
513,1670881500,2022-12-12,382,iBTC,1669569000,31ab20da63adf95f5a9e4ecf297d1d3eb8730f6d8d17946696e8ed91,4064678
514,1670881500,2022-12-12,382,iBTC,1670307766,2f20b5fb521c5a954e3fdcb2dd35ebacd6b3f115f547669044c34a69,10800
515,1670881500,2022-12-12,382,iBTC,1669819666,ebdf2f2916f3819a83396a78bc14525b559c62b21cde688020ecfafb,49991
516,1670881500,2022-12-12,382,iBTC,1670320648,dbf5237efea8d4014dd9dd124d0c1f8798e92e1e2016cf670eaf1424,6492
517,1670881500,2022-12-12,382,iBTC,1670189253,9c8cc3ac2810e440ae1d0d41c4d7cbf79b860b5f315f8d4ed8350d81,10391
518,1670881500,2022-12-12,382,iBTC,1670350112,ae940dcd7d432dec8157957cfe9f6d7611592da0940d5d97d8a1d399,441643
519,1670881500,2022-12-12,382,iBTC,1670353323,f3d34a6a18bd2ff8c6fd152f6e0d9d15c03a17f419d6ffec2fdb5372,124651
520,1670881500,2022-12-12,382,iBTC,1670359762,a533b21e1b1ee8c039907d99c7204262b0ae3d3f36bd9ae25a2c4ac6,7078
521,1670881500,2022-12-12,382,iBTC,1670366391,f22884c68cb845cbba534a40bc7c2d3cd362c70741bc3632c0bbf772,5173
522,1670881500,2022-12-12,382,iBTC,1669156967,0dcbeed337d833d3642b28c19cdc84b4a6bd454170bc39dd5b8fd27f,14529
523,1670881500,2022-12-12,382,iBTC,1669102392,0dbb67ed102393b0bf27cb9d1c2f8f83ad7a9f1689904879a5191c92,197102
524,1670881500,2022-12-12,382,iBTC,1670369507,fd0172cfb6d4f7289491b5316afb91c0f416ce5ca33fc39727bd691c,8368
525,1670881500,2022-12-12,382,iBTC,1669155911,4592c156a934331afdafaf2a3f10c9a68ec09163ea4fba229be0885a,15232172
526,1670881500,2022-12-12,382,iBTC,1670372117,06eeb0e3430791602a65b9e58c30a05c83bbb3b7c93fa56d15b7eeec,1723
527,1670881500,2022-12-12,382,iBTC,1670373065,2ce68896a2812bcceaeea3837e33e4d24b1c88151c1a0b6cd02b182d,4574
528,1670881500,2022-12-12,382,iBTC,1669834426,6f51c66d3a29c2d5f030cfb8e21376e24c1cf22150ac86f5bc9c9ba2,36037
529,1670881500,2022-12-12,382,iBTC,1670376934,e0ea68c3e09114bb8b746e67a3e44b5e4c0cdce33c07391dc1f61be2,98756
530,1670881500,2022-12-12,382,iBTC,1670086577,239f2ce7543af3b3c9119a00f53a64ad8e1e4b19d90fd1dfaecd7427,790798
531,1670881500,2022-12-12,382,iBTC,1670379708,0448fe09c5e6496b162f9a88ea422f1af9d14c07092ca528ddea63ae,1729
532,1670881500,2022-12-12,382,iBTC,1670381564,10bc27afabbda7fc02b15506968725e6af86ff6932f30a128d1d2f9e,8482
533,1670881500,2022-12-12,382,iBTC,1669605365,2797b6e8e72817175772048734122bdfb686c41776318690f1cc5f79,22538
534,1670881500,2022-12-12,382,iBTC,1670383670,72a4f8762086be088bc83c7753c6c075ffbce4c2d5c436d5bb14295b,9985
535,1670881500,2022-12-12,382,iBTC,1670031836,8b688966051ab4f72b9d9a1b6d6e0c3b896c5436b7d53c9aa7cf02b4,126854
536,1670881500,2022-12-12,382,iBTC,1670385530,b8d402587b8f3236244c3588115a3d3e230987c437830d31c147444f,12850
537,1670881500,2022-12-12,382,iBTC,1669170493,c4d642aa8ce8be72cf2b8fbc1862e63ab76b245c2c1daf7dec07adc3,32433
538,1670881500,2022-12-12,382,iBTC,1669825124,597619e9233ddb715df243a0d183d89891f3204dcac08dcd692732ef,137226
539,1670881500,2022-12-12,382,iBTC,1670391864,adf9274c6b2a09d1f352088cee4c939f9c8b95f75f761e6927bded63,16358
540,1670881500,2022-12-12,382,iBTC,1670394246,63d62b85ce675ee25e9e0da4c846d9843afc136a494b52ccdc2e48e2,105050
541,1670881500,2022-12-12,382,iBTC,1670400563,e65fafb51e3a0af5b2fc7dbdb246b633fdcccd9459e3e2f2c09f2ccb,18662
542,1670881500,2022-12-12,382,iBTC,1670402819,9cd08cc76ae69ff518811af8d0a51a88d43a4c657a0c04e9224cc8cb,5026
543,1670881500,2022-12-12,382,iBTC,1670403912,d651ba5a9fa1534f863a2fcb6b286f00b72ba814a3ac498ce7329b4f,250
544,1670881500,2022-12-12,382,iBTC,1670022340,d7346fcd395de69e62f4a2bafbc32af393ceecb3287b0ff4442ff36e,871121
545,1670881500,2022-12-12,382,iBTC,1670098129,d03cdd719860dbb0f0aeeb1cfa0e0237d8aa622bf9c6c39c08801fd2,24319
546,1670881500,2022-12-12,382,iBTC,1670418784,58565b9a0b90f766dad48a3cb365453b452565ecb6773a55a5517b48,233603
547,1670881500,2022-12-12,382,iBTC,1670419479,7b0c86a4526e23a1116c0b40d50e9c298db9828174d6d51e9a656509,16250
548,1670881500,2022-12-12,382,iBTC,1670421798,bc5fd0a5a090b13db7903844363ac73377c2bcf0aa027621dc02dc64,1465
549,1670881500,2022-12-12,382,iBTC,1670427158,51efe629a2a27ed7854d11b8c1f5e47e5a2a502a73beb25aadc625fb,20203
550,1670881500,2022-12-12,382,iBTC,1670428426,2722b73e6fdadd44d7e771dbde649d36ff3ac90277ce49b530355d3c,13141
551,1670881500,2022-12-12,382,iBTC,1670428677,71b03bb1f2db64f230e74c08d8bee62313660b1bf9649fbc28f690bc,42752
552,1670881500,2022-12-12,382,iBTC,1670429008,6fdda2cf6f50c19d61e47a9df964139aa93d435996aae7cb65a7026b,4110
553,1670881500,2022-12-12,382,iBTC,1669786110,529d28b7dd391a3882af85490dc88fe20db2a858fe44e35198f1d925,21757
554,1670881500,2022-12-12,382,iBTC,1669585119,9f84773dd85eb6828175e3b78a0e3f942a6534bbde37c45533e5a683,486846
555,1670881500,2022-12-12,382,iBTC,1670432426,3fc11c2347da88e092d9778c50e322de0f11cfbaae17111822702487,18288
556,1670881500,2022-12-12,382,iBTC,1669894418,d8dc639f4acfae62f5542765643c3dbed62ff861834dbe3ffe374e2f,1312
557,1670881500,2022-12-12,382,iBTC,1670448432,f785d9e43dfd3dfc38ed9fb3ed2703dcb80bd3d08d936164cf75f5e8,2273
558,1670881500,2022-12-12,382,iBTC,1669753568,80a0cd2f7d79ec02f4eecc81b66bdf03e468aa34cbf5701226d6e617,442276
559,1670881500,2022-12-12,382,iBTC,1670460043,d92f48792c919e78bd0c23cd7482167cddf7aff00f7669b3947b12cd,4956
560,1670881500,2022-12-12,382,iBTC,1670461929,e8f80ab5a500784837cb0784bd69af8872dba96fd5a2f397e0d21c02,4336450
561,1670881500,2022-12-12,382,iBTC,1669915042,fdf0a8011a7e976d9659c2cb25975ca8bc604215572f91449d0a41ba,2575841
562,1670881500,2022-12-12,382,iBTC,1670479274,06126a123250e0920b44678709da9d6d06d9edca5ecc7c532ac49aad,43683
563,1670881500,2022-12-12,382,iBTC,1669099453,1e61ba002313273dbf2ef3ccd28b42a333ce09370e7377728691b944,187093
564,1670881500,2022-12-12,382,iBTC,1670489861,b8c95d9c879fe985c2a59cd6de2baeda050c5010e8eee6bb84c65be5,13302
565,1670881500,2022-12-12,382,iBTC,1670492083,665ddb220c7a3ecb2b0000e0966811c1cfb29426d43c223c4b375105,6734
566,1670881500,2022-12-12,382,iBTC,1669569494,9057a63eaa2afa9e1f67bdb5d29fd62c59c91d0c79a30e225f079aca,335029
567,1670881500,2022-12-12,382,iBTC,1670193136,65fe5aecb5e29a5ed212fcbddda174205fb47bf6e379fd275962c68e,40889
568,1670881500,2022-12-12,382,iBTC,1670500197,559d23a5db8f1b809ba9b48e7504582c96af34f68495f3ed51b2cce5,9881
569,1670881500,2022-12-12,382,iBTC,1670101845,c415d9e080e997cb8e027c7f7143ed001453782c8574acbecdd5b2b5,6989
570,1670881500,2022-12-12,382,iBTC,1670053205,b01f0c44e67df1b4b6554d0e86a6b3d2529cdabb099bb8cba9af32f9,69001
571,1670881500,2022-12-12,382,iBTC,1669808671,7d5258011fecab08aae5aebab8b28abbe2d0667777ba836007a62f80,164453
572,1670881500,2022-12-12,382,iBTC,1669138543,bb065d2662a76b6a4be9b01e41d5c3f50462c1dda589da692b9754da,1977742
573,1670881500,2022-12-12,382,iBTC,1670065022,a940d8c2d5328d921208aac57af303929b5e181e03b95853880c28ef,72540
574,1670881500,2022-12-12,382,iBTC,1669751540,b4ca9341a82c30d764fa6a09c589721719c77fe3d783c1db62d558a2,73754
575,1670881500,2022-12-12,382,iBTC,1670518102,41a72b64275cd004a39f6d5d948c18d7ef9780ddf87c6df0e17d8c5d,41225
576,1670881500,2022-12-12,382,iBTC,1669479821,2a2acc24ba402b8086208c7018a49ae417d95461d2979b9d994f9035,35505
577,1670881500,2022-12-12,382,iBTC,1670526169,5cddfabc77a866c6b396d64a994a75d6ea5df7c506bbe3e4eb2379a1,10376
578,1670881500,2022-12-12,382,iBTC,1669747030,8683b83c82e024569f117a8cac8f6e594cf59d24347c57dc932c5063,10971
579,1670881500,2022-12-12,382,iBTC,1669865624,1227be2193b0f03f9ced11395f01fec9baab09491e545787377e5787,108223
580,1670881500,2022-12-12,382,iBTC,1669156232,d203a585d517315ef60b563878acfd72bd9ba9bd458d8c432ba53f7f,31205
581,1670881500,2022-12-12,382,iBTC,1670360697,ac293f8851bccc597d9f23b7b76bb9afca7bf65e42c93fd9e51ebadb,24534
582,1670881500,2022-12-12,382,iBTC,1670537751,b0080505dadba3dd6101edc779355ef23cb7572bc90c5683b877b053,1995
583,1670881500,2022-12-12,382,iBTC,1669676104,019cbdb93cb20a1835a2fe24d3cac91e2bd669b21dd16ea7dbdbcbdd,1405147
584,1670881500,2022-12-12,382,iBTC,1669342809,beaf7018117b8306d327558a7e0f0ae32264fc37610bd29eb90d3cd8,33843
585,1670881500,2022-12-12,382,iBTC,1670546989,7bdd0506ab1adc6beaadc78e64b18d9c9773d0a67a79e788f83c7d7c,4150
586,1670881500,2022-12-12,382,iBTC,1669400941,da8d37e6b1f6f376fa71d60b477e3618b91a5595b4e6c1c7a66cdf69,182737
587,1670881500,2022-12-12,382,iBTC,1670558293,c7ebe5d764cf43b3e96199c836bf7d11b37a2d42395a130e71dbcdac,1137665
588,1670881500,2022-12-12,382,iBTC,1670444314,5016a30bc3c1a609d20be6cd2ea1f87bf5b49bcf2f8ecdb1d21cceff,1248464
589,1670881500,2022-12-12,382,iBTC,1670006599,df7019db066ff06de73d87e1bddc644edf5c8b306c2bccfa97e7bec2,517147
590,1670881500,2022-12-12,382,iBTC,1669722837,379557721c7208a6b004e9ce7d60e286e6e3d689b951f632f6652358,3703268
591,1670881500,2022-12-12,382,iBTC,1670602222,bfb9b08f1cdf75f513c1a3eee4b81fb26f2bd720516eca3d6e84bd26,10291
592,1670881500,2022-12-12,382,iBTC,1669743966,1be7677761b8b57ac596e6eea4b189c82347c81a16883994ecab3bd1,147963
593,1670881500,2022-12-12,382,iBTC,1670154948,86fda13ac8f3a9b052f9d280cd467515e9711383f5255c15654648b2,60065
594,1670881500,2022-12-12,382,iBTC,1669833896,72fda04edb3bab5caec3aaeec6197777d1734f465bc1f34bac19c33b,568080
595,1670881500,2022-12-12,382,iBTC,1669431424,bdb8c089708bb3dd3c626bb9a286a3aacbf77517b9643161db4a1452,56580
596,1670881500,2022-12-12,382,iBTC,1669587101,6bb72bd046b0ea07fbb82122910948014b3935a4f426efcbd6d034b5,5955
597,1670881500,2022-12-12,382,iBTC,1669076869,3c91dddff87a11d5e059789c7ddd81191849b439902c6e208407d1fb,846643
598,1670881500,2022-12-12,382,iBTC,1669681112,eb399c4149c7004a187d460e10d8e524215b9b39e600560ce8f42806,76587
599,1670881500,2022-12-12,382,iBTC,1670636990,847fe7a38c4292370b7254e6da0d9684769b31a10040e8f8ecf9686b,3853
600,1670881500,2022-12-12,382,iBTC,1669702956,875e0983da57293df20690f6504edbb7db8eb69efadbb8c9724f508e,21689
601,1670881500,2022-12-12,382,iBTC,1670644252,2930cafa7a43d98c175f6714b78c01ead31d802ebd6c0102f16de275,2630
602,1670881500,2022-12-12,382,iBTC,1670190340,3029f0f969f6d032862cbf74a5fba13bab59de16247d002ee7a7993b,28708
603,1670881500,2022-12-12,382,iBTC,1669209119,1ff8ec747a4655f4f3abfe66233fb0343954025143e9134ca779640d,1986543
604,1670881500,2022-12-12,382,iBTC,1670525128,1af6a8d2f8e08355d449e36a959e945b3d3e1c0df832b11de39c43dd,42229
605,1670881500,2022-12-12,382,iBTC,1670009048,7d9bd96bffd557031b105316885d46d7a6a2cfbf4afe31753e92e61f,2229
606,1670881500,2022-12-12,382,iBTC,1670685783,45aec4e8970cd2b94ea78aa8d476119e2b5ed05123c55b1aac605aa9,2084
607,1670881500,2022-12-12,382,iBTC,1670686172,9dcf132042889673839ea86796d3ea30d6fd52682b5bdf524dfa15ce,5660
608,1670881500,2022-12-12,382,iBTC,1670693386,18e44e143f3ba87219e66d8d35a74222190c86d4fc047760431e1564,99760
609,1670881500,2022-12-12,382,iBTC,1669403185,316c81337c2c8074c899e053c63bc80bead0417755769c4e48912150,2310
610,1670881500,2022-12-12,382,iBTC,1670715126,de1d681945d95210d8512d2bd83ee1f41c2fb7494785f11175aefdf0,28436
611,1670881500,2022-12-12,382,iBTC,1669235917,2af7ac91a39bd31d2af45a0339de7fd54c803034e0c6a6ef31d9a6d6,154058
612,1670881500,2022-12-12,382,iBTC,1670724403,18e4a3d3fcc5dee4b932b901795dd9f7e6ac57c448fca07e2f564029,4286
613,1670881500,2022-12-12,382,iBTC,1670732522,53eb9c7601e433f0659a74479e98400d203af061f135354f43e0dad4,17278
614,1670881500,2022-12-12,382,iBTC,1670376250,82543c43f44b3faff6c6de8a8c70317acfaea48855ebbc83b1a1a506,1057524
615,1670881500,2022-12-12,382,iBTC,1670449043,6ae0e33912ce074d3df833c621df945eefa9924016fc0d62d7a1075b,343926
616,1670881500,2022-12-12,382,iBTC,1670183586,bdea1a2fcab12f296699d998c594e8385b7342f2ff6fc2e60ad65ab7,1327
617,1670881500,2022-12-12,382,iBTC,1669766976,344b062d324fb1d5c2604c5381acd0e0dc8eac7fe94613a1dd1c9ee5,88235
618,1670881500,2022-12-12,382,iBTC,1670782200,625a80682693f31e617ecbd92d269d226fd5ebd2f8584ef00577a658,1773
619,1670881500,2022-12-12,382,iBTC,1670021772,53313be7f4738a1ad1554126858d052f318ccbf66d88b5016e9155d5,21552
620,1670881500,2022-12-12,382,iBTC,1670788725,b178ffc093995ed4f92326da8cbbae25832bd1c723b4897435ae3ee3,278
621,1670881500,2022-12-12,382,iBTC,1670795671,2256c4029375839fccc3fbdff3e6b8c7da556cec35f7915c42a63299,6867
622,1670881500,2022-12-12,382,iBTC,1669539021,338f6ad73e0886541751486f71ceb084279c1ef0babe1ca9a2d58687,341986
623,1670881500,2022-12-12,382,iBTC,1669686196,914c346cd6bb0b50ae48c301419981cf847e1a056eb56f7d91d30734,8821
624,1670881500,2022-12-12,382,iBTC,1669576015,ad84a338eed8f6d5869af66f317e552d08109491c268140cb35c0db9,780
625,1670881500,2022-12-12,382,iBTC,1670464215,8c52ebf22c078b26e90b1d5e3f6f4417c3adccc8a8ef4aeac5f503e7,21023
626,1670881500,2022-12-12,382,iBTC,1669471193,31eec5d71937555a28119e20dadcbe20b67b367b2f31f21957466444,75065
627,1670881500,2022-12-12,382,iBTC,1670830113,e5cf30c4a7378ce389ee3c58e7140cfd462c4b3ad75f3037cb77b09b,59840
628,1670881500,2022-12-12,382,iBTC,1670077242,63d743b740615f2d12bc71458bdd64af6095903c952273123f6201f5,34864
629,1670881500,2022-12-12,382,iBTC,1670328825,b2d0834973ca3f26aee1f012c1b4f03cc0dcd96a5e299c62beb86237,533005
630,1670881500,2022-12-12,382,iBTC,1669589315,f946a9da7bc2551c51e8bf0d38a5f7978c825edbd438c8f89a904859,354989
631,1670881500,2022-12-12,382,iBTC,1670201112,d246fc75aa2c36620fb829e33c8731779008bc8493ae2cefef20f593,15014
632,1670881500,2022-12-12,382,iBTC,1670835553,607b30e34270b5537d464438b4610e8ef7b31dbec118f1300f9c011e,41058
633,1670881500,2022-12-12,382,iBTC,1669105362,f29f47b1b0418459d3089b645f7822ffde188e85a102de177d76cd77,5788
634,1670881500,2022-12-12,382,iBTC,1670079333,57ea5d39c88f246532413ccaecf9f3b992b3ee65abcddd5c921190e1,244915
635,1670881500,2022-12-12,382,iBTC,1669486983,80f7b6c9e3a6685dcf0099021dfacdcbde4769fdae978994a115b730,109577
636,1670881500,2022-12-12,382,iBTC,1670032501,94275840268d6b1ef5de783596d50183aeca94277944210de3e2ee30,359398
637,1670881500,2022-12-12,382,iBTC,1670185792,d1e84ced90cffff9442cc47648e7e407a8fc75dbd8eda0c7940d0ba7,144053
638,1670881500,2022-12-12,382,iBTC,1670150962,23a833160c3d6a9c09c95cae9035dacdb5be88b00fd1c34ca6399bd7,123345
639,1670881500,2022-12-12,382,iBTC,1669219777,39b1d4be2a009b5add1835ff88e27d53352d43cba2df661d22c9943f,80789
640,1670881500,2022-12-12,382,iBTC,1670383559,243143a1edf725605b078e3660ccf3ef4811e54ce8d70b04ae15a4b0,75515
641,1670881500,2022-12-12,382,iBTC,1670195715,8eeda00132b5d275eff909b527fc8d5a14d71de51bede6e6f96afcdc,137234
642,1670881500,2022-12-12,382,iBTC,1669063000,0b1db916e7560c61e187d688e00f936a0730a88d1049e89f4ece9e9a,356192
643,1670881500,2022-12-12,382,iBTC,1670327223,d5783eeb99454513796d07833a55b33d041157aa2557f641d50b7f13,352652
644,1670881500,2022-12-12,382,iBTC,1670026975,c7522de51d386b4e3c8522e44c7756aab69a8d340494df38913b1cfd,11392
645,1670881500,2022-12-12,382,iBTC,1670851563,23b41dab65f698716d09448d4c399e10d2f66ba2fb6433671643c280,70958
646,1670881500,2022-12-12,382,iBTC,1669176232,ca0f77040a2b74ee79cb3a2c8046083e364c853648d64885a75ae35e,159593
647,1670881500,2022-12-12,382,iBTC,1670856749,b6756686f4eb2913773cd154afd06f721a1eeeb6dd84d37b099acb14,17321
648,1670881500,2022-12-12,382,iBTC,1670858019,402aa9a17bc75af743dcb1e0be5aa6c22f3ccb3812ee05ecb9ba0369,825
649,1670881500,2022-12-12,382,iBTC,1670859277,b8a892490fa5784bf2c73603b7cc0f05a3219fc7901db3e698ad7f11,560
650,1670881500,2022-12-12,382,iBTC,1670447378,3fa3170d853d5759088a0c66ac489e0e9c2eaf64a375bb5c223a5c79,162667
651,1670881500,2022-12-12,382,iBTC,1669183475,261d3be7e3e062c5916ac03d3f9cb09ef157108edfdcbf53dcd817d2,196876
652,1670881500,2022-12-12,382,iBTC,1669291956,5a3d4f39ee17e2b67b6dd93ba71379a098b16f5f1839a069ce9533f4,30244
653,1670881500,2022-12-12,382,iBTC,1670356529,c00dcb8d775687a54515cf1881bc194551df6f048063ab7e880a09f2,132665
654,1670881500,2022-12-12,382,iBTC,1670162226,e31737eff954647c3cfb076fc5ec72a889d3d7b27a875fdf2fd1b379,1451734
655,1670881500,2022-12-12,382,iBTC,1669865380,c0032e1e478717a8f6cd2269c9c5877b625c7fa9b4e4f3e8aa8110d8,1673543
656,1670881500,2022-12-12,382,iBTC,1670354553,e1ed4dd48ca0646503b3a472308164931c2c27c6803489952b9bbc16,79206
657,1670881500,2022-12-12,382,iBTC,1670874846,9bf780683ee09b92d00a465c519ef7febf74a26e6ff45fd9af96e496,11369
658,1670881500,2022-12-12,382,iBTC,1669997802,71b180848dd81c2d55a35dfaf137ac2c42b751d42ab1ff2182b749a5,9972
659,1670881500,2022-12-12,382,iBTC,1670339931,fd85a7d0ba9624bbed523a947035d63f63badf8d827df917fa71f1c0,432200
660,1670881500,2022-12-12,382,iBTC,1669162697,59a4202d2158d56db6b4f9105521a818c5fe79f21ab4cfae9081095d,251690
661,1670881500,2022-12-12,382,iBTC,1670355544,128066adffca2af5fa6e3d3e1008119802be87da3afba6684887fecf,109804
662,1670881500,2022-12-12,382,iBTC,1670881032,5a41cab4804c774e0d9d277a19e2e3716fefd6e4d164fa8a771a1ba8,1361
