asset,opened_at,owner,iasset_staked
iETH,1672963428,198836d653f267dfed06bd383b80539c50f3ab6d6e7e0de11d9b723e,1692
iETH,1672974498,43b8e3375ecf90169230d91ce92863d0b041ed4c8668cc87d17ea980,8240
iETH,1673012843,b95d828645f43c1711afad5a374ea6879f95832f50bf249e5e2a8820,492498
iETH,1673026098,5afed21982af746c785bc7e91a951ae5c5fe8460bdc4f9064b6bd0b5,3015349
iETH,1673036542,58565b9a0b90f766dad48a3cb365453b452565ecb6773a55a5517b48,1077494
iETH,1673037711,bf80faca49b6c4b820d11fd8028343afde02b4e9cfeded543c4650b9,60978
iETH,1673047357,405966152e910c43c45f1d21d8420d7ce66c604b9750824741970780,869
iETH,1673068616,5a41cab4804c774e0d9d277a19e2e3716fefd6e4d164fa8a771a1ba8,2652070
iETH,1673525561,4199f4bb58f9b3c60dec5310a8326d46c90318b83d2e96ff45f30bf1,58
iETH,1673784557,38a6b071d8b300a0a8219cb49ae293024f466985a89f62d6188d0388,16224
iETH,1673468278,f9f1d44d00b15f63b1aac48dd4e3b4738bec1c79cef84b67ef5c69e4,921
iETH,1673239621,bdb8c089708bb3dd3c626bb9a286a3aacbf77517b9643161db4a1452,151
iETH,1673191528,117a220650f577db973565412c705745e0cac69c796d137e977267a0,3
iETH,1673132566,ecf6df3e564fb3214117ff1ba3fb4532e6d1f2fb80c0015027b291b8,20
iETH,1673001704,ad122b9fa3ab86495712afd2a6f655430427c2cf21a54fd0c8fe8e63,177990
iETH,1675764266,ccf0463efcfc0be16312d889a485c827392edb4bf32af4b43af4aad5,11384
iETH,1673320597,53eb9c7601e433f0659a74479e98400d203af061f135354f43e0dad4,87800
iETH,1673004958,23b41dab65f698716d09448d4c399e10d2f66ba2fb6433671643c280,193554
iETH,1675751283,374b46ff0fc4f269f31c99a12c82159a58207c3e686c437d57dad408,112548
iETH,1675929556,4334543b893cd23468515ab99c3e26177f5037d42b5cf90f637d67c7,325211
iETH,1675972866,945cd17ae5a96a439a8191283c8459e67ab18c7e2d93fa1dfce4671c,89272
iETH,1673170590,451fe314c4e9a41bb5804455fb4057afc1cbf2b74cde2d3d737b3354,21396
iETH,1675995598,f357aeab5d6038af73b7ce783bf505ecb9ff382a18e2b211b18a513a,216324
iETH,1676010477,2e1573f020d7dc42fb1befd459287f0e620fb799cee111e43c50d676,26962
iETH,1676040520,ed3122194af84dbc350676f420b1927209b40cf0d239ec26a5cc8623,554615
iETH,1676057822,23b7c8d3ae97e99296c08589879b5aae794ac1839127ce69cdab699d,591131
iETH,1676077967,c8deaac83b9ca7f1a985b6c69adf60da07c2b3becfd2fd9a69f22b62,49298
iETH,1672965623,009db4768f9eaf740e4de81848de05581bc52b543577fa5b70a89169,107576
iETH,1673039068,5016a30bc3c1a609d20be6cd2ea1f87bf5b49bcf2f8ecdb1d21cceff,3
iETH,1673206411,0ec77531eed2fc259fbdb315937e2e94e8f988b21af6db8aeed1477f,652520
iETH,1676224257,3275cd12069ac276583185e43e3c480e3c984ff72f3ecf3ec6c0216a,99985
iETH,1675900660,3f6947729e3716f8d574291662fbbe0b5f12012b729e81b71e24f125,419226
iETH,1676343279,4cb2eb343a9f29be1c2550732c532cf3d2a846cce4b12691379bdc70,20211
iETH,1673004383,ef375afc54458f274bd07dec902e981a581fb46d4ab6d996e40b5bb0,273492
iETH,1674823300,bc5fd0a5a090b13db7903844363ac73377c2bcf0aa027621dc02dc64,18056
iETH,1672984872,e4a3572c85228edfa7ee4d015fa55fd6c93d181597f86859aaabca91,208815
iETH,1672993911,e65fafb51e3a0af5b2fc7dbdb246b633fdcccd9459e3e2f2c09f2ccb,233212
iETH,1673002573,74d000119e43e7c637f1ab64524de42031796d7f7a09edf7fe2697e0,145692
iETH,1676312740,b0f6f6c285e1711e5cc0b237539ebd40eed3ef96be5b78aac6c389ce,158625
iETH,1676524198,76b4464ddd3e1ace930a80e69dbea4a14e0e034d55a1e5cf44e74063,6565132
iETH,1676528360,d8873d99d8bac628cb99a6bfc97e0c7c1553286d4a62aedde875354b,8092
iETH,1676536879,8d589e8e00fdadd913c2f769b43d341a03fc6ce5823456e7a3deaa01,30238
iETH,1676563504,bffe2a2f3dde97b96f94f5cdde3957828c61db930faba0e4b2afbb46,108627
iETH,1676874827,cbf2fe83219efa63b2e1d6c43e53fefa9280e4e862b5cc88d5bdaf7d,323477
iETH,1675987632,0448fe09c5e6496b162f9a88ea422f1af9d14c07092ca528ddea63ae,44499
iETH,1673546438,623f00f49ed872b8fde76a4d5520f4ff63e50dec00b938701fe2aedd,116210
iETH,1677063338,17e6192c507aa42939888c9354ab8ad76b387cdd923668c0999a198b,11403
iETH,1673312205,8707ca72180e998be7256d3ca209f1018ee51fc9f9e1d55fd1d962ae,6247
iETH,1675735940,243143a1edf725605b078e3660ccf3ef4811e54ce8d70b04ae15a4b0,102208
iETH,1672965120,026c8ee36589862c813abaf4142583d8631869cc694bfc393ad229ed,213975
iETH,1677643018,161478c8f8376606bcc5ae29a3d3c4efe4a06ae5009285f447daa51f,1192455
iETH,1676689619,2e0d4073c7b1ce2db579b5da69d9db0268f9e0be8798643945966c69,5
iETH,1673247479,a2b3fc71aa466e489bef35c30ca8b4a9388f701ab0cd73c9c81a5409,132540
iETH,1677725875,5b7a74125267d4c4d97167fd173b52a325787c0f995ef1a1f74af468,41231
iETH,1676124312,71995412f0cdf4fb3b1d74d635c4aa6b9ccc26aa02f37b966ff7917d,613740
iETH,1677314014,d5783eeb99454513796d07833a55b33d041157aa2557f641d50b7f13,81
iETH,1675711106,b2cd3ac1116b5d4d2634eb51a832f9c99dd03abe51b9e05f463bde68,176230
iETH,1677954161,435ac6984516a80bf6a9e7d16ba8431add7b4f44083131ab8dce0097,202587
iETH,1677956367,cb07fef02adf81a4bb0ee3ec992f392a4ecd92774619a97be8f086b9,58774
iETH,1678010986,ee956a31ef2cc051e8a7890deecddeafaa26c189d1e0506ecd93c0f7,262506
iETH,1677885555,07baa50981e163bdfd810587d475c2a03611128529ff526fa901e36b,23115
iETH,1678154289,8b542601309e158b422074b4a53ec9aa0f09a0b50f58bce55a68b4a0,38573
iETH,1673008874,af91dcc8800fad79990ad47efc93335efb93b85b15f01ad0570b0924,239355
iETH,1673039448,65fe5aecb5e29a5ed212fcbddda174205fb47bf6e379fd275962c68e,191491
iETH,1675957813,e8aa119715131d1dc98e1703729210cc98b1883773fefc5177cbfdb9,174
iETH,1675607573,5a3d4f39ee17e2b67b6dd93ba71379a098b16f5f1839a069ce9533f4,78209
iETH,1678263590,dbf5237efea8d4014dd9dd124d0c1f8798e92e1e2016cf670eaf1424,69133
iETH,1678422827,6efc2b7d458837222c6305866822d7d3039f9b436dc7eeda2ebabd4e,11943
iETH,1672994233,ac293f8851bccc597d9f23b7b76bb9afca7bf65e42c93fd9e51ebadb,1
iETH,1674979085,ce6885bef0ae899503bec94142f5c2d8f8d25973ddb50e1c5dca5c1e,1992
iETH,1678678095,264b74cef0d10e378ac83a2b2cf399d17b45e2b6b3664b69c8019fcf,2062254
iETH,1674721263,ee0d3f0402347e81228151903cf5249eb6303bf0e78b4f488263db90,35276
iETH,1678747284,8cfb3488bf7db4a3b403363dedd790347ff45543a63a7ecdf5ba44f5,2476570
iETH,1678753796,6c2c506ec04e624743404ae1688a4fc6f668de7ac6990612e26246d0,15772
iETH,1678759894,09575db3a66d29e820a464f9a5784aa42e3efd96396413c15d5a1160,47234
iETH,1672963946,1e61ba002313273dbf2ef3ccd28b42a333ce09370e7377728691b944,10718
iETH,1678828996,63828b6271578c757ce5ac4d185615a0ebd8b5808825a43cbae69f7b,1123707
iETH,1672969982,d246fc75aa2c36620fb829e33c8731779008bc8493ae2cefef20f593,364215
iETH,1675646688,eb4632e83ff3219e6198dfda1fda37ffe0006dc4673dca0adebed6f0,65770
iETH,1675720979,8bb9c1842b5df8a44359e65982adb4d2a7d0cb745a2b8488592e3d9f,32150
iETH,1678960206,1b4b4f86e5b81b5bb2670e1931718f26ea863c50da0e018d9f1aee30,177938
iETH,1676472427,7bfcb0b4a3974232c21fe4440a2befb5aff58093e9582c9d447c1e0d,1044
iETH,1672970726,e8f80ab5a500784837cb0784bd69af8872dba96fd5a2f397e0d21c02,1
iETH,1678999045,80b0277609005bb84688ef825eab5e624478c3737efddc04d222c278,47235
iETH,1679009239,bbc6d8e0a8f8fa47238a3df22e1b9a0e39a0de2330ba5b49d69a6bc0,189367
iETH,1679037320,694c58617bbb8e3ee1602b3c10a7abe0ea0b46a7a60fe01846fba3b2,60620
iETH,1678633327,895dbda6ce8ae6e05cb8936861ffdc934ef3f8b289ecbaf06f20da59,177187
iETH,1679058923,9b314b76487603dec62a43cfeea584dae73cd42e7f83871495974fdb,104257
iETH,1678960819,4e5426811df99e191ae0bc3eca64836e561a07d1623b16f94828240b,14111834
iETH,1679078436,ea374c2d569d63853df7d92c816502210495360908aa4df12568e567,26344
iETH,1679142545,fb3a3ff26d491bc47cdc4fcc283399266d91cffe190237328e31f840,147494
iETH,1679152074,244ef5c19b4209da7df61d1f9a41ca599cf12610aed0f9457dbc7353,117953
iETH,1679242215,aa67df191de68ac9224c3425b62b628becbb3d001d0ba78f1dacac4e,56148
iETH,1679244181,fc5543c66855df3872fc1c6bedbd95bb592feb158a7656d0964358b1,11107
iETH,1678675958,930a5a40fb419b4ca1a3d0a2f8cba25c0baeb5949e794034a7fbd1b4,23436
iETH,1675562534,89d095d531c5d92be599e65bfe27c44652b2cf99b72a332427e9d8a2,62373
iETH,1679323549,e43cf7b497c571a2d542e674852e67fee242fd2894011a88204ebef4,3520
iETH,1679331664,864f7a3b00ec7f36857c76b97cb1b32ea61360522085426dac6de657,4547
iETH,1675839574,addb82ec772ee6ddab2ccf350b48bbd12bfbd7d74f2b18169d376910,45081456
iETH,1679452459,c90dfeb23d605971a7c59e29113aecd883e6390ae59b21748a3ef672,39912
iETH,1676060049,c058ca62efb4785fbef1e7fe218bfc4596d9a085b4721f9661e61894,12788
iETH,1677960478,417c2505be109fd2af2977545dc9f7630bb67a5d692655181cccc676,14823965
iETH,1679500280,42a1f1254b83222880c10986170dff3d174299a9b6601511d369a189,506156
iETH,1676050647,73a2384cb145aa11ef7c996728c5715f87b007368e1a4769853927ee,107022702
iETH,1675758484,57ea5d39c88f246532413ccaecf9f3b992b3ee65abcddd5c921190e1,1543714
iETH,1676059864,ffdd039503cc055c683d4c9448a5de6b8440d2537d7f22d509be0244,776810
iETH,1673012063,2ae2ecd6a23d6b956a4c0fe121f6183a856b3de2cc101f7c78a37758,1460375
iETH,1672974428,ae940dcd7d432dec8157957cfe9f6d7611592da0940d5d97d8a1d399,8752458
iETH,1673022817,b1ca53b12a8c7f0b5adddf9157cfc2548b93fc854cc124174394b8fa,103672
iETH,1673002067,43554050d4b81197d15d448aa81b825612a4fef4cba3b48ba25be4e4,36424
iETH,1679052087,c6d45c71d2db10ad40fe49e492ce13dbf368ee6e721bc09c91ae89f5,7358430
iETH,1676158965,509902b30c77bc1acc7de0f4d68e08b575f8f9ae8da1ebf462a133ba,604483
iETH,1678411109,c940019f97c065b6a249e2806f467ed67fc5bd4e749d1aaa010aeb8f,197335
iETH,1679187684,feb4a300e0e8f53bbd2af15ae2a717cd3f298f0f2266c07dc9632dc7,79030
iETH,1679267577,b6cdf3c4560e284a5d05fdc1e919565e5e3b6bd51640855b450ccb41,5359833
iETH,1678854102,915501500137bbfc512cb66c2e58410958e3480365b87e499ee2e296,27808
iETH,1673072438,239f2ce7543af3b3c9119a00f53a64ad8e1e4b19d90fd1dfaecd7427,16899004
iETH,1676931801,264b3be253f8b7ded1b7c01a483256379777df963ce59e49167e95d4,200750
iETH,1673111630,9c27d064a05530a230fd70489e45395ffe983454d84321fe4e75f3f9,461542
iETH,1678986622,80df57ef64f6c84627cb8f0909b8613a3a85b59118092ec2565f754b,360137
iETH,1676168904,fd85a7d0ba9624bbed523a947035d63f63badf8d827df917fa71f1c0,2476121
iETH,1675788766,63b3889ebf65aba913b3ca44031d7b2c59b04b0727c3f2e67d52d034,49458
iETH,1673108159,a4bb846ef68110900c05f24352c1648db506ec921bf6011e61e01684,284128
iETH,1675891788,72fda04edb3bab5caec3aaeec6197777d1734f465bc1f34bac19c33b,8988496
iETH,1679462730,ec189d5c205c2c6f96243d0d21f5a4b88313153af03ee1ea1ab9f38a,3139392
iETH,1679567512,4613c7a03b53d3a7de1991289304d848749b9602fb602bab2ed697cd,432386
iETH,1679260266,4ad1c61198cda4bd8c78ce46d53e284ac4ec1acac33855e18b393ff1,1721628
iETH,1673243805,ab9875b93793ebff5019ce645b96a179ec0e4571c647dbef48dcce48,10574497
iETH,1672996717,8732d6ae48c07b2694e9918fcdfff84e0995b165d4615c32fc76a978,1917851
iETH,1672966061,460b03e4c9be9f26635bbb42db1bb7757c65f8bdafa5155fcc3ca9df,1683033
iETH,1679577628,e6f174b44628064bfdc62cdf2be63c50b2cd68625efe6847f5fdbf83,299026
iETH,1676419115,9d596f5ce627f39f11af7dd488804fb8b4bb46dabfbb24ef8a143e98,664528
iETH,1675778610,f7af727a2076c35a07db687d80c5c6c4b71bdb1de48fca6a2ed542f3,4960850
iETH,1678936550,d94f9bc0ffe11ad1005b22a6e5c2b471b29c53510aa81514fc24d95a,190401
iETH,1679494697,e0ea68c3e09114bb8b746e67a3e44b5e4c0cdce33c07391dc1f61be2,3071933
iETH,1678550269,41c36d3ddc84ef66b56f1a8ad1bd87779262caeab0b0ec2ba129dbbc,9889642
iETH,1672967708,5cbf5f0ea9260bb305078b3bbfdca41a598d232d74c9a30db243ab67,1083585
iETH,1676231264,f7315c71937b8ee2b38ba0cabbb3d24b34186c415cb1a75e1f383666,19936
iETH,1675693359,9dcf132042889673839ea86796d3ea30d6fd52682b5bdf524dfa15ce,363301
iETH,1678650434,f791a456607c1532c6f056c09bcbdac59fa54e26c62f1304f288c948,1072074
iETH,1673010855,875e0983da57293df20690f6504edbb7db8eb69efadbb8c9724f508e,43145
iETH,1677180453,772e948ec345913bb1f86e295f4ff0d3b1f70e1b4ebca5831c6532a9,19853
iETH,1679463116,8bb170899ad086aaf786240e8429aaae18448301ad0d2ab068d38f4a,34407
iETH,1678958898,8da4658888007dc5604d42ff781ff425ae51926af8c15244df8a3052,405179
iETH,1676040730,1f7ef72a78f62a79c1da3a18d329c04f89399d8378728f8f6f428916,974979
iETH,1676355412,ac50c97a84362198cd8fde5a960e06f04f3599bc381042bdef7504c4,57408
iETH,1673005732,7f7c5324f392ad3e9c21587cfcdc0a526ab5e3541dd2caa56f3836bf,4734670
iETH,1679621022,b6bad6298d90bd995da86bc1b8ad9422b81ca6fa3c60311946a1d8b1,65717
iETH,1679085211,661dc3966edebba738cc928292485e7cb1b2ab025669dd2bcffc7e9c,203628
iETH,1672966327,7cf91d208dbe661058d16ea8ef2c387153cf91944aabcb9c7ef7fa1e,664570
iETH,1675700161,48c1d2e21f2ccd6d9a9ad2efa6da2efcc40b3bed0b94b918408f4def,463016
iETH,1678422089,fbc5a2e4982c53a70c6eb71bcbdfca2698bba849a2e5e06ea566fd93,1769882
iETH,1676542578,8d995bf956bbf2a69b6549ca3a6830e9292b0d2641e9fa520d0f294d,263176
iETH,1672998685,39b1d4be2a009b5add1835ff88e27d53352d43cba2df661d22c9943f,347000
iETH,1679607382,5816842af3be6bba499f3e0e01534283ae561646cc013c55d5020c21,2473859
iETH,1679258180,0cc3fd8d76cf6637dd2bcf040015bb20a7845bee40ac164df50254b6,3144303
iETH,1674237599,f29f47b1b0418459d3089b645f7822ffde188e85a102de177d76cd77,147259
iETH,1679731579,97bf01e140f1cd68d8f3e3fa882f1f10784d33847cbdd3562934fca0,1159608
iETH,1679731780,ad4c1b0b50a32c00b7798cc93a249f5702d7e23c91601657d52c56ad,116614
iETH,1676478813,6a22c66b1ac47584e99999b61de170878547bb5a6b87946a6f1e018e,49331
iETH,1673246570,85dccd823a8eda33c9f680bb5dd7c09479fae10c95732a968f39ddad,587276
iETH,1677347267,3b8deaefd44267932f302932ae4e7bf60479ab503133a93330c58929,1114980
iETH,1678669527,5015aba4d3c982a18669bf8a76082f6563b3bb7872f876d3e910644d,10162867
iETH,1677857539,25905ee5a6f1f0caac1148e380445d5c61d0793d256ba9f5c36eb1d0,1382204
iETH,1679445970,61cc93b6feaaf71fb0a4133fc103134b9e0057b17a96b5b8ab064345,115559
iETH,1677760703,20e6fbd5dc1f0edd267fd7d81a4ee11caa622a2d9f0bf88f98bdec4f,190744
iETH,1679782388,bd584b825b8ea2a3c6756ada80f881936d174cd8935edeefbff34723,8501
iETH,1679773609,c6f107c42cc71a66e32aa050e10e55847bea744aa74e1b2134435e05,283440
iETH,1679789844,1ec35cc7e933953ef129dc5adf6c6773f0400d20a0c3966ffa19b253,1476150
iETH,1679801876,7a730560b9ebceba314474dcd86bef107ba8a3ca8b51be98d68c1d05,396395
iETH,1679764955,bb737d1214af38fb26eed71e15003268ee6f3219391fd2331252a6df,2458387
iETH,1673236281,d293f90ea2fd8c346edc313e42d1d8e3e739282dca078926377f6e1d,213668
iETH,1679829085,cb7cb7825c61148750bb1569f658df2f54872e4a21378797628893f9,4996978
iETH,1673041098,d7346fcd395de69e62f4a2bafbc32af393ceecb3287b0ff4442ff36e,4704875
iETH,1678333782,f985683432a80c87adba0b58c0f23732d62df8b56b4495e62df7b34d,663955
iETH,1679187980,cc61886cd84b2810e7509648dbac8024a15547b5253af083842d07d3,183335
iETH,1672997464,3320216f1ae5b4d1bb1fe4912b28facd2e7cda8774f16d51f12b9824,1370792
iETH,1676432769,c4d642aa8ce8be72cf2b8fbc1862e63ab76b245c2c1daf7dec07adc3,603206
iETH,1676072015,61676dbba715d403e64c21061873a820375158d4f1ffe7ee8bfcf050,560357
iETH,1672974141,344b062d324fb1d5c2604c5381acd0e0dc8eac7fe94613a1dd1c9ee5,1014561
iETH,1679057318,d2a924b445aa266e71c0fc977e3b319ab88f904021b488f3b63f0055,1741363
iETH,1672972926,63d62b85ce675ee25e9e0da4c846d9843afc136a494b52ccdc2e48e2,1234662
iETH,1678419393,ea29ab4f2420255302bd2c56e8fe74a36f0fcc96a30cf5fad9994b4a,1992575
iETH,1679898220,1f436afa48e9135dd6e2d4e819bcd6f964ffe62f1e3155af51b679ec,110262
iETH,1677317227,d1e84ced90cffff9442cc47648e7e407a8fc75dbd8eda0c7940d0ba7,1170870
iETH,1673261613,5b06d393e8dfcfc2b19ca8ecc91c242dd437ed72d917391264183f36,192012
iETH,1675854541,ebb3c77c9d613815a380172a1ccc3f14b656b3a637c068209100501e,251636
iETH,1673122778,68508e515cb193333cce070a1c36b7ee417313b5648af8965d81bd20,126645
iETH,1679515723,811d81c21b08352b6d13adc8815022f120336e4eadd03f4ee1a1b0fa,1448491
iETH,1676752146,3d4d56f02ddccf47cbebceccd1d5fdf9e2f8020e8fd929e08318922b,5780168
iETH,1673022082,f946a9da7bc2551c51e8bf0d38a5f7978c825edbd438c8f89a904859,2629393
iETH,1679962501,c590affd526db47b19bcb411793bba5d639c1f5885fafc47838cd22e,37677
iETH,1673228212,eec262031b5b78bd61e1f5aaeb37110ab6599407ab82682ad1798d21,172041
iETH,1676436489,fa54bc15eb2f3a2b38c0132795dab8639855d59ff6437fc0ee24a331,1835676
iETH,1678005188,c1ca0e406c026b2c5bea93a87adcdb47d35ff84fa11aad36bf508bdb,4787468
iETH,1675937523,1e5f3e09247475845083ca8c0c0b670ffb7a20f4e81bd404b068c89d,4896185
iETH,1678184819,7263b9dd48afbcdd9151c3044a290690040aec1508704bc04fee78ec,1239496
iETH,1672986881,a35524b8a5599ca4c8e7328a27e3d4ccc9e95880ae582c6c1787b96a,508217
iETH,1679342022,d3343c6168437902b403e99ae1f62fade8dc0a729f01ff42ac4abbd6,344889
iETH,1680037803,98374f2fa129302188605b6d70c4111eb78e5c6086f88099eccc5c11,75910
iETH,1672974853,cacee11ae9fc0ffb6219d179e22b1cddefd988ebcfb1ec7fca4ad52d,185549419
iETH,1676433171,69db3ddacd4bd728026a19f9e8be6d41771d6cfb8cc1706798b3ad1b,155377
iETH,1673022444,31eec5d71937555a28119e20dadcbe20b67b367b2f31f21957466444,531249
iETH,1672967397,bb065d2662a76b6a4be9b01e41d5c3f50462c1dda589da692b9754da,15479820
iETH,1680076473,e2a00a183faa1d56370cdabb7b05beeb09274a693061e1d5aa140617,1889241
iETH,1679912092,a2ea3f266378f740fc6d33050cfd1c6908ff4fad98ae7ead7ad4ef84,10117406
iETH,1672967266,fdf0a8011a7e976d9659c2cb25975ca8bc604215572f91449d0a41ba,18957020
iETH,1675738650,9320b2e201b2f4141b4ea6e17e410f4696c911f77149408d632ebb8e,21594879
iETH,1678866010,94dd9ef56f37110e5c80250cdd47301e9592be3378200b75222a9708,64220
iETH,1680091680,93fb8feafbe7b27f8ccddb6c42676e5c85698c605c6627728507d8fc,1381
iETH,1672968769,eb399c4149c7004a187d460e10d8e524215b9b39e600560ce8f42806,3260561
iETH,1677280218,d4274c2088411d1c7c9bf283cb734d0fb4577bc45278481cfe7505f1,23397701
iETH,1673014141,134772ad86746619dd39c1bcfd82c5cbec2872f3fbbae1c289e2c7c4,4402100
iETH,1679574609,aaa1ce14e7bbeaf1df6c7b9e1ef4b5d0d6e991e768246c3aa4c23b41,1129480
iETH,1675902285,2b3f8ce415f63a81454d53882a00a4d2225e1284c257a8b14ecb4c22,561994
iETH,1676467315,82ca384fbf3ed3f0959fac2294644bce323c2edb83f76a578f61f1e5,1995478
iETH,1677030602,053587c6190fe8c46ed564ab8bd63b8fbbe2a35e1730e881b1ad9f25,1960914
iETH,1672967830,0b1db916e7560c61e187d688e00f936a0730a88d1049e89f4ece9e9a,7248982
iETH,1679185847,1d7973ee2e656a214ebd66635ffc5f28ea4b76cd155316ac258d737f,199521
iETH,1678740004,ecf1cb14a49abe481c4930be126426df3a7468257a129575cd49b41b,1723070
iETH,1679234330,31310d10cca7193929bebbe2394dc5f4ac665dacfa1f99947251b3af,215151
iETH,1676514989,62113d4c8cc60d82d40b6edf86cf4fd6565d71130b2b2d1c9dc5bc1a,1537403
iETH,1673043114,37d0d7bacd94e0c31b8a3a88a5b9e075dc47a7c11720e9806eed4ecc,2947064
iETH,1672964582,39c9cbc0d355ef4b7d5338c0279c3c8cb299f08ba70a62222116b638,851658
iETH,1679981939,73064ed9d446fe559dea6a5c0484f4c4876d91e1d7442109f6815770,690390
iETH,1680173543,a1c4b6a38e79815e2ef0d2d9767ba90b8bb5f670255c64144ebca8f5,10935
iETH,1680178996,e04792fa709f493a554e363756388231edd8716df5998754d114594a,95791
iETH,1675932362,a723925d9bb76d01b7884c2a338fa082de4f043c8487a2f50462c8a1,630678
iETH,1675697381,da8d37e6b1f6f376fa71d60b477e3618b91a5595b4e6c1c7a66cdf69,2567613
iETH,1679059745,8aae701fce6c665a60987e720af72af63c4dc2c4ed1e5c11d3f15f2e,11650553
iETH,1672982804,9057a63eaa2afa9e1f67bdb5d29fd62c59c91d0c79a30e225f079aca,7170198
iETH,1678983433,f6b86692c2747ce8c43bd325f1f3ae283e1e3f59e011f7a1a486a0d6,839661
iETH,1680197734,75166bcd4b35e894e2dbb9bdf44a67b0359bf0f638d2e266512f6e2d,101561
iETH,1680039420,dcbc64ce3cc4aeac225a45dd67dfc3717f732f6303556efb6dd8024f,4080408
iETH,1675972423,42a9b7449b9ba23da79cfc754f2172d52b9a8a550e0e7b6eeda08f77,21179
iETH,1679449711,534fb6cb7e3918799eb0d5eb8e8b46cf921a8b7f53349808c14a7c45,1139020
iETH,1680229137,dbf62020c6e458cd78ab8e4726fbc766b60c9a473918a5afb8784f4f,13535
iETH,1678903030,63aade055d90301cd816870ee5a3c9fc67d769274b8633e7a7893f05,2481202
iETH,1680213814,0734a5973d3de6cf214d64d15b03a424c976d8bc6550207c064444b0,730235
iETH,1673032671,7207958cd57fa48d021cdc9859777030409439295876c56eba274416,1228953
iETH,1679408895,c1cd747fe18cf8260a8115694c82c458f6facfafd5a382447a2a3e03,112166
iETH,1680269093,c637928cbdf87a8650a7a8401ad1a6b8757d91192677c615daf7deb9,1697461
iETH,1672969324,0bb67baf3148157625daeb00d942466bc473a3ff85dd49afa7658f89,2070308
iETH,1677169031,cbf9437b6fa4bfa4931ce623e6aff6689fa8ffc1ce3572e6f5ff613a,2125094
iETH,1673002961,3fbdca8a85a77bb7448f2aed7fc255737afce334c27beb34abea0f98,12875122
iETH,1672964719,1ff8ec747a4655f4f3abfe66233fb0343954025143e9134ca779640d,45865332
iETH,1676733769,e5cf30c4a7378ce389ee3c58e7140cfd462c4b3ad75f3037cb77b09b,688248
iETH,1680274183,98e854a41cab6d1ea5e38ff1517f5a1b4a1e8e087fc85195ad42f28c,243336
iETH,1680060721,ba9cb398668b61288c46b1d8df9290d077e0c3bffec3fde7179e6076,36385
iETH,1680279863,8d0f5398476da86053901f440d112916efc41a0e88481086fe064cf6,1000581
iETH,1673038920,ca0f77040a2b74ee79cb3a2c8046083e364c853648d64885a75ae35e,2865637
iETH,1672966232,b6756686f4eb2913773cd154afd06f721a1eeeb6dd84d37b099acb14,3112590
iETH,1680017511,3307f4774118bdc69163b2f8f2065892aa4484df07772bc4fe5fd052,1505731
iETH,1672968249,b2d0834973ca3f26aee1f012c1b4f03cc0dcd96a5e299c62beb86237,5026458
iETH,1675968143,508757f097d3f23cb9e51cc9d35a550b2f2f9bedea6326229950647f,1293993
iETH,1673040455,9bf780683ee09b92d00a465c519ef7febf74a26e6ff45fd9af96e496,313849
iETH,1672963213,128066adffca2af5fa6e3d3e1008119802be87da3afba6684887fecf,20479114
iETH,1680287933,19c1be2fd0ce6e32cde0185dd60a56edc288d8de6243c1ca4e569f51,16000188
iETH,1677105117,98bf3b6e524f3aae12d54653244cd70465f6e9d3c371c176cc1626b6,8932038
iETH,1672969393,fa242cdaf5a66d7e67a615d25d675079ad95cd93516de46f330dd631,22026993
iETH,1673196648,2af7ac91a39bd31d2af45a0339de7fd54c803034e0c6a6ef31d9a6d6,675459
iETH,1677830331,690b0a92962d8e5940212f11e4e414db2a6a773f06923adaa063bf7a,21606991
iETH,1672990979,bf97ad99b5269c15e3726290f95f0fc0ec8dbada31183778548d9da0,40792657
iETH,1678198890,a485b6436c9f49a331655fa1574405c3e9bb1ead65e84b91f28fe826,32013955
iETH,1675776538,0da3cacef17d65df4ab3d98a21d5d8ef52ef3f813b35b46e9ac4e562,39749263
iBTC,1669076036,94e8a4d1c409af5498095aafa61edb23fdbd9714f45d104cbe148425,8080
iBTC,1669080940,9cdf11e9f7832510865cf609be23fce37c331324a087d334801d435d,2453
iBTC,1669140402,a0a625ad8b607e8ab650ebc0d4003f5f3ffa21a811980177793a32a5,812
iBTC,1669757674,4652c04766dfb925145dd332a511ae47fc2404afe0bebeee3627a71a,305
iBTC,1669188905,8ced098872686355fd3accc2329d595bf2ac9c6e7e981a8bc89d4540,14268
iBTC,1669970656,b116a13787a0e3908128fb3d218193ebbe31f14bb1564e3b17e56474,228
iBTC,1670128397,f8dc2687e7efb9814a0258337bbead8dbcf6dac7a0237e3b600f404d,1861
iBTC,1669592520,2774b527cc66118eeb772ca5553089dc2f9d0a675d5d4bb0615afa56,8
iBTC,1670286571,6a454ac65fe62709fb8b2f46b6ed76a6497997c2eb9cfd9b4de35940,246743
iBTC,1670373065,2ce68896a2812bcceaeea3837e33e4d24b1c88151c1a0b6cd02b182d,3788
iBTC,1670381564,10bc27afabbda7fc02b15506968725e6af86ff6932f30a128d1d2f9e,7024
iBTC,1670418784,58565b9a0b90f766dad48a3cb365453b452565ecb6773a55a5517b48,193457
iBTC,1670500197,559d23a5db8f1b809ba9b48e7504582c96af34f68495f3ed51b2cce5,8182
iBTC,1670183586,bdea1a2fcab12f296699d998c594e8385b7342f2ff6fc2e60ad65ab7,1099
iBTC,1670782200,625a80682693f31e617ecbd92d269d226fd5ebd2f8584ef00577a658,1468
iBTC,1670788725,b178ffc093995ed4f92326da8cbbae25832bd1c723b4897435ae3ee3,230
iBTC,1670858019,402aa9a17bc75af743dcb1e0be5aa6c22f3ccb3812ee05ecb9ba0369,683
iBTC,1671038612,1c7b320ce9d32794943ce28e1b967958daa2d6b66cf9669d02305944,2396
iBTC,1670419479,7b0c86a4526e23a1116c0b40d50e9c298db9828174d6d51e9a656509,1
iBTC,1671129676,baeeed00be50eeef2fc6f4089780abd4fc3cc461052fe8f271fd93b4,2290
iBTC,1671132863,02dea5a4227b3f3ea4c25cb9efec1c9d21d6c84c094723fc4d0ea263,1945
iBTC,1670391864,adf9274c6b2a09d1f352088cee4c939f9c8b95f75f761e6927bded63,26044
iBTC,1671448202,38a6b071d8b300a0a8219cb49ae293024f466985a89f62d6188d0388,2651
iBTC,1670275392,f1edb36c4546c43d547ef1568ab271ca79841977d8816f6f85cffd09,3
iBTC,1671555156,36e441f8f0802b4833faaff12da90441d3c4458e00a6b8fc617d5233,1978
iBTC,1671624711,31352abda9a60e8a89222a049834cdd603dcc4fa2f9f3dbfc0a0b25f,1176
iBTC,1671660415,564bc925f591c59348f89ca9851cecb3b8b869734d80872faf081877,7237
iBTC,1671674983,96ea86b6481fa765de3718fae818186c426d848761d5e574b5d9078d,62951
iBTC,1671742846,07c59e348504d75a47aa875c80c5f7c537f4153637fb942f8f21f7e4,12034
iBTC,1670021772,53313be7f4738a1ad1554126858d052f318ccbf66d88b5016e9155d5,133
iBTC,1672084206,f9f1788879b612c7da0190f7450ed8df14e569e7055714327fddb0d0,11238
iBTC,1672480321,7bf4075584da0c019fc06861bee629698e5c7a9e93a9c0cf248cbab7,3565
iBTC,1669605365,2797b6e8e72817175772048734122bdfb686c41776318690f1cc5f79,4
iBTC,1672643589,b95d828645f43c1711afad5a374ea6879f95832f50bf249e5e2a8820,44727
iBTC,1672881586,6c2c506ec04e624743404ae1688a4fc6f668de7ac6990612e26246d0,1175
iBTC,1673180609,d522cfaab057a5a8aed4e83723ae0fa5150f007e009aab2e77659701,42
iBTC,1673361858,89867b8f45893cb14c1de33e0d5d3306dcf249101e203796017243ac,1236
iBTC,1673827193,666b1a5c58644adf4cd55067cd8e423d85a2002f3b39f21747e7b488,29010
iBTC,1674097865,a21ad32e6fdf1ed6d0ffdec01e71a481dc2b0c8ec0290f2ed9f227c1,12911
iBTC,1669989695,ad122b9fa3ab86495712afd2a6f655430427c2cf21a54fd0c8fe8e63,21140
iBTC,1670685783,45aec4e8970cd2b94ea78aa8d476119e2b5ed05123c55b1aac605aa9,2267
iBTC,1674472060,7328ab6d917830c7db07347e34d628bd76421d260b9064231a34955e,26688
iBTC,1674533051,91b90be38c88534f0e56ac18a8d1f0c6b1502fff72d59930ca2a37de,2762
iBTC,1674897266,57ac9ffd2e5d11c635c9f058b1b2b005a801b947a651424968ad04c6,1127
iBTC,1674932102,dbf62020c6e458cd78ab8e4726fbc766b60c9a473918a5afb8784f4f,724
iBTC,1675389254,f357aeab5d6038af73b7ce783bf505ecb9ff382a18e2b211b18a513a,42895
iBTC,1669686196,914c346cd6bb0b50ae48c301419981cf847e1a056eb56f7d91d30734,7305
iBTC,1675624860,1b1ba287e7816fd86a470d6e56a89db3741b4781b0946730482f0c8e,20043
iBTC,1675651281,5a41cab4804c774e0d9d277a19e2e3716fefd6e4d164fa8a771a1ba8,127592
iBTC,1675736996,9342a76f7de030e7df3e37249b14ef9ea67bbdde1e95e654aab21fb5,7179
iBTC,1675773348,759d6df20a7f19005a274354accf23be17d066149740f11b76115565,1350
iBTC,1675794830,903d332a30ff8a7beb13268a99e2fdd35e8a7f20368edda4416158e3,33116
iBTC,1670732522,53eb9c7601e433f0659a74479e98400d203af061f135354f43e0dad4,7349
iBTC,1675909257,7611008b3de65e46f9042de3a1d6a0cb36abb72af0865e08182f07fa,26873
iBTC,1670263368,451fe314c4e9a41bb5804455fb4057afc1cbf2b74cde2d3d737b3354,2601
iBTC,1675991014,ae410e87b18ac10b7b28dcc401248dfe43d8bddcad2c349f315e9d55,732
iBTC,1675993718,ed3122194af84dbc350676f420b1927209b40cf0d239ec26a5cc8623,36657
iBTC,1676010128,2e1573f020d7dc42fb1befd459287f0e620fb799cee111e43c50d676,3915
iBTC,1675874782,87e1120a366b59b429a88f7c52bc5b2fab730eda807f6abbd65118a3,11758
iBTC,1669281004,f08a2242c6a6353ea38c9316dc478cad0d5e53eef6c1833e763eb33d,585
iBTC,1673915066,c59dfaaf43c38d28e4bf38064a298f6adff6f0ac28a81ca2ba81efd4,1524
iBTC,1676165900,73160153c6fceb9fc89216a5940585b4cb9c1876b5a7d7889089ce12,771
iBTC,1672008143,0ec77531eed2fc259fbdb315937e2e94e8f988b21af6db8aeed1477f,80391
iBTC,1676224043,3275cd12069ac276583185e43e3c480e3c984ff72f3ecf3ec6c0216a,7090
iBTC,1673728699,f579246478661b78d9fb348c9474809402c7af31e9875417c59acb03,4063
iBTC,1676233293,5bd91c7716ac1ddbabd89315b34907e53222d1c42a640832684ef225,5023
iBTC,1676237923,f522f25c74116502ec93b9c5b40debd40d36ee7078989616fcfb2fdb,163386
iBTC,1676241577,eaec8a1a356ed27fb30ce01dca32e642e85c0c7e0c330aa3b5e6143d,7390
iBTC,1672722138,f73837c1d53c8ebeff92d1557dc2d14d1d72ea90ac1933c6b0551ef1,5903
iBTC,1672832801,ef375afc54458f274bd07dec902e981a581fb46d4ab6d996e40b5bb0,42207
iBTC,1670421798,bc5fd0a5a090b13db7903844363ac73377c2bcf0aa027621dc02dc64,1213
iBTC,1670224096,e4a3572c85228edfa7ee4d015fa55fd6c93d181597f86859aaabca91,32711
iBTC,1676417971,d9467aa8366e0043e34e255d5aed0241df4a8ea3d53498fb3c4e6be2,4456
iBTC,1671443090,ebfc906818dbeda6a107a09c8ad26f76958489c83b6ac8a3019c5ab3,18910
iBTC,1671511648,4cee593c13ba695c56586d315642f8b954320776b60e6f476123ee9e,14502
iBTC,1673028304,a35524b8a5599ca4c8e7328a27e3d4ccc9e95880ae582c6c1787b96a,4749
iBTC,1671702729,3f814371db4dc0e24f70efeb8c5c223e5ae2b50aa3587cf757d96c3f,5614
iBTC,1671711792,9119d1928ddf92d6dc740edccad925e6ec9a7bacafb0a4d1963064a2,5615
iBTC,1676447699,ce49b96a1faf94835d72885dfb42ad4fcb9583d7b9095ac21a2ab73b,29039
iBTC,1676124076,7b0d6609ff14368ecd1a39d4d737292d2e348cb35801e0fea067f5ce,46215
iBTC,1676477364,bffe2a2f3dde97b96f94f5cdde3957828c61db930faba0e4b2afbb46,4565
iBTC,1676487034,aee02fa77ebc7ddf3c93a8d3afe0d44d94a9d81d4d26684c49f25cf2,4513
iBTC,1671254565,053587c6190fe8c46ed564ab8bd63b8fbbe2a35e1730e881b1ad9f25,1
iBTC,1669834426,6f51c66d3a29c2d5f030cfb8e21376e24c1cf22150ac86f5bc9c9ba2,56592
iBTC,1676604069,d94f9bc0ffe11ad1005b22a6e5c2b471b29c53510aa81514fc24d95a,2477
iBTC,1675808249,4cb2eb343a9f29be1c2550732c532cf3d2a846cce4b12691379bdc70,4202
iBTC,1676717790,07870a95cc8ef51c6813a07f93b76c9e920640902bf176855333a03e,23803
iBTC,1676733744,1afac53a4d1a00fdc5c19991c9ab585d92ed50cb9c71ba9c61a36106,3769
iBTC,1672262465,98374f2fa129302188605b6d70c4111eb78e5c6086f88099eccc5c11,6329
iBTC,1669446592,cfac2849597e191f8ce7e3f3555150761a2f661beebc6537facb738a,919
iBTC,1670859277,b8a892490fa5784bf2c73603b7cc0f05a3219fc7901db3e698ad7f11,1647
iBTC,1669291956,5a3d4f39ee17e2b67b6dd93ba71379a098b16f5f1839a069ce9533f4,32667
iBTC,1669262412,623f00f49ed872b8fde76a4d5520f4ff63e50dec00b938701fe2aedd,8202
iBTC,1677014765,12f5110ed7d627702788e4e38eaee59c8a22b5df19ed9ec664a82738,1877
iBTC,1675554234,8707ca72180e998be7256d3ca209f1018ee51fc9f9e1d55fd1d962ae,1907
iBTC,1672331794,fa242cdaf5a66d7e67a615d25d675079ad95cd93516de46f330dd631,1
iBTC,1677288417,5706ea516b1a0f350b6876b84e02317af4c8b886c74562d9d9cb1764,2011
iBTC,1677293725,addb82ec772ee6ddab2ccf350b48bbd12bfbd7d74f2b18169d376910,37024
iBTC,1673082101,ecdd6a81ee434c3d773a0b6b27d426b3d86ee4f8edbb4016e5a6883d,10237
iBTC,1670320648,dbf5237efea8d4014dd9dd124d0c1f8798e92e1e2016cf670eaf1424,5376
iBTC,1675972924,6f5544c69b9863908d6ddc7bcfd733904da28ec67e8df2122d147973,4939
iBTC,1673051925,43b8e3375ecf90169230d91ce92863d0b041ed4c8668cc87d17ea980,3369
iBTC,1671282412,dceb6f76062e47c7f0824460a7cead1eeb4f9d450f5af0d6fb9b4b07,7652
iBTC,1671455799,71995412f0cdf4fb3b1d74d635c4aa6b9ccc26aa02f37b966ff7917d,61289
iBTC,1671466675,fd604bfce2089228bb84742efa2a90ad7f678753149f4949b376143f,28
iBTC,1669102392,0dbb67ed102393b0bf27cb9d1c2f8f83ad7a9f1689904879a5191c92,163229
iBTC,1675781334,649b09c655b62c4b9bfdec752dba113a3e6a79e8bb860e87d6020fa2,109306
iBTC,1677874450,e15e46a4738e59343e790d1c181621c77db424b969f8ca6186a2f1d3,89337
iBTC,1677954124,435ac6984516a80bf6a9e7d16ba8431add7b4f44083131ab8dce0097,13950
iBTC,1677997591,ee956a31ef2cc051e8a7890deecddeafaa26c189d1e0506ecd93c0f7,18631
iBTC,1670243629,3addd926e4d74499b821cb53b4e084086d1323a22608c47c43b21f50,219513
iBTC,1671260619,5f03b2d007767d056973fc9afe4b7cad8695a82db73f12b998c64250,69664
iBTC,1675783476,6f55a9d74db68134d952107df81bfffdec92fed808885f29e3ab39b1,4067
iBTC,1677598363,264b3be253f8b7ded1b7c01a483256379777df963ce59e49167e95d4,1
iBTC,1675957719,e8aa119715131d1dc98e1703729210cc98b1883773fefc5177cbfdb9,1
iBTC,1669044731,df3ed3c34530edc62131484128ad73c4a256a8974d6a52ec845b64ed,2507
iBTC,1669059962,31ac5363f5d3b6bc5ee0a10aac24f82fb0417a1e53f318833cb34c9b,1403
iBTC,1678310096,ad4c1b0b50a32c00b7798cc93a249f5702d7e23c91601657d52c56ad,3603
iBTC,1669537292,0a72021d32d5893231aef79b5b87f086fd32119a0f301957705506e4,31423
iBTC,1669620058,8105d0f33d443db33095e1de7e3c084af5cefb8675af79f718bd3e36,2910
iBTC,1674054161,4461bb4c25a298edd2372b0b0b87d0291da612ac95c9a7120129abe9,24657
iBTC,1671685411,ad47602fd2e1cb7a8f94dd6aa26b927b7006651f8e87123d60386c0e,1230
iBTC,1678467219,9787b274f1d942ff6df2a9c9acb9743dd4eabce1021eeb7e3ef6f325,2013
iBTC,1678467639,5aa2ebdddba959b7d986f865a0f07c0a5618cb4b70b30f0c4e28bd7c,12054
iBTC,1678468887,9784c375f837b66a3028339e030914c9351f552499664d36facd46bc,85163
iBTC,1678489276,539e71bdafc8260d49a31090a363f19f627bb412677e9af47eaaf7ee,6553
iBTC,1678521019,847fe7a38c4292370b7254e6da0d9684769b31a10040e8f8ecf9686b,3630
iBTC,1674978759,ce6885bef0ae899503bec94142f5c2d8f8d25973ddb50e1c5dca5c1e,1686
iBTC,1678564687,41c36d3ddc84ef66b56f1a8ad1bd87779262caeab0b0ec2ba129dbbc,64303
iBTC,1678666642,f09508247e043a250758c76b5ccb0e00df48f5caa7d61518dcb96707,3294
iBTC,1678697920,9b314b76487603dec62a43cfeea584dae73cd42e7f83871495974fdb,6900
iBTC,1670009048,7d9bd96bffd557031b105316885d46d7a6a2cfbf4afe31753e92e61f,4229
iBTC,1674720050,ee0d3f0402347e81228151903cf5249eb6303bf0e78b4f488263db90,35869
iBTC,1669992129,d4a97194b2ef904e9d10c98603d44d78bde6ab98ff020f7a3bdaaa6f,2908
iBTC,1669775382,1378ddb6db2b41744fd8b3475658830b7e6beeb52a061846a778cdd8,28555
iBTC,1670201112,d246fc75aa2c36620fb829e33c8731779008bc8493ae2cefef20f593,25449
iBTC,1678889373,1b4b4f86e5b81b5bb2670e1931718f26ea863c50da0e018d9f1aee30,12829
iBTC,1678923767,8bb9c1842b5df8a44359e65982adb4d2a7d0cb745a2b8488592e3d9f,2619
iBTC,1674584827,08f35dbe4574f570874338a49ae321cbf71409c487aedca93a87adf3,798
iBTC,1670383559,243143a1edf725605b078e3660ccf3ef4811e54ce8d70b04ae15a4b0,51215
iBTC,1675496855,db9b636e1b467ad9fa1c99c5820477f235d024c6079471192b750ce4,6172
iBTC,1670287755,7bfcb0b4a3974232c21fe4440a2befb5aff58093e9582c9d447c1e0d,90613
iBTC,1669589315,f946a9da7bc2551c51e8bf0d38a5f7978c825edbd438c8f89a904859,91070
iBTC,1670724403,18e4a3d3fcc5dee4b932b901795dd9f7e6ac57c448fca07e2f564029,10220
iBTC,1678791054,895dbda6ce8ae6e05cb8936861ffdc934ef3f8b289ecbaf06f20da59,55618
iBTC,1675195435,4e1b5e33ca40177148b9a59b602070a93d08c6d28769fa954879cc34,1696
iBTC,1679063366,244ef5c19b4209da7df61d1f9a41ca599cf12610aed0f9457dbc7353,9688
iBTC,1669590392,9186822aacfdb9db59d107702005407fe027b81c0c1df99ce5d63960,12535
iBTC,1670851563,23b41dab65f698716d09448d4c399e10d2f66ba2fb6433671643c280,88474
iBTC,1676630914,23a833160c3d6a9c09c95cae9035dacdb5be88b00fd1c34ca6399bd7,2794
iBTC,1672254847,e892875d741eeddc536eb15bb8df712f375ee8b043312119ae1b3742,42415
iBTC,1678566215,e1ea2d463c4d0baa1ac4dd1f3cb03899e470236b87e12c464a1444e0,975751
iBTC,1679145903,22a0d4610eb043099dd38d7516cf4d00b129b9ef3d77067695e2ea6a,64271
iBTC,1670383670,72a4f8762086be088bc83c7753c6c075ffbce4c2d5c436d5bb14295b,8269
iBTC,1671283473,37ca722e2027c5cf406b6ab9bfe3a6a3a6121ad56ac88e6039789e3d,295583
iBTC,1670022340,d7346fcd395de69e62f4a2bafbc32af393ceecb3287b0ff4442ff36e,71366
iBTC,1672754906,2150b9ec8877b50d07e54d5b5828c1eb189029f26a28d84ceaab7f35,35881
iBTC,1672413282,316c81337c2c8074c899e053c63bc80bead0417755769c4e48912150,1162
iBTC,1679183890,ed2d886c9096287956f5c505925a4921e587a7fb6b9216a178616076,10606
iBTC,1669156232,d203a585d517315ef60b563878acfd72bd9ba9bd458d8c432ba53f7f,29645
iBTC,1679228800,f706d35c708bcc63336b52eca4245fa5ad1ea3f8dfaee5a88b751ac0,140914
iBTC,1676158850,509902b30c77bc1acc7de0f4d68e08b575f8f9ae8da1ebf462a133ba,31476
iBTC,1679250918,dd34e66f85e40cac737d5fe708b1918524234e81233fe9582082fcea,121377
iBTC,1679252064,c3f7cbf63fbe8af505359cd58974c2d367282c0fa3917791e14a86a8,1135
iBTC,1670479274,06126a123250e0920b44678709da9d6d06d9edca5ecc7c532ac49aad,36176
iBTC,1669565820,8d589e8e00fdadd913c2f769b43d341a03fc6ce5823456e7a3deaa01,21106
iBTC,1675757496,7910de78b42fa36cac41e451ad498150dd3532e2f2e35777735235bf,196832
iBTC,1679262382,8bb170899ad086aaf786240e8429aaae18448301ad0d2ab068d38f4a,661
iBTC,1676518014,930a5a40fb419b4ca1a3d0a2f8cba25c0baeb5949e794034a7fbd1b4,13209
iBTC,1675562404,89d095d531c5d92be599e65bfe27c44652b2cf99b72a332427e9d8a2,4182
iBTC,1679125949,597f95da769ea4d957262de8280c653109cb3b72d5ebf25e894a16e0,10031
iBTC,1672972150,1e61ba002313273dbf2ef3ccd28b42a333ce09370e7377728691b944,951
iBTC,1672638059,5502991103fb3f6ebfd0bae6995312e29b4ffafb852dd5d0d8ff2ce8,7288
iBTC,1676873622,cbf2fe83219efa63b2e1d6c43e53fefa9280e4e862b5cc88d5bdaf7d,30802
iBTC,1679319946,87a744d9438a6bbff7982168efc53e20c84b820c08162a9d8e7d1d22,5986
iBTC,1669676104,019cbdb93cb20a1835a2fe24d3cac91e2bd669b21dd16ea7dbdbcbdd,933045
iBTC,1670428677,71b03bb1f2db64f230e74c08d8bee62313660b1bf9649fbc28f690bc,26554
iBTC,1677960812,864f7a3b00ec7f36857c76b97cb1b32ea61360522085426dac6de657,12506
iBTC,1679333867,6498157bf32ae4cb0cb7938805d3351ca0831adb44e52b3e709978e6,1153
iBTC,1679345371,69378090fe30db71103e3e1733833fdfd7caca0ce295aaecc4c87b73,16722
iBTC,1679363116,dcc2117fe7b56fbf5a0c7ae4bd3e33a3a4ed07cd25e02c4c6e34d510,5607
iBTC,1670307766,2f20b5fb521c5a954e3fdcb2dd35ebacd6b3f115f547669044c34a69,7205
iBTC,1669529195,85dccd823a8eda33c9f680bb5dd7c09479fae10c95732a968f39ddad,16285
iBTC,1679030388,b6bad6298d90bd995da86bc1b8ad9422b81ca6fa3c60311946a1d8b1,16252
iBTC,1669316345,bed90820701ec88d79cb4536bc0f0d5d9eadea4038f704ea26aebd7b,47872
iBTC,1677169159,98c9ede2d55f7f080a56fae1fdaf13fba514696d0ca759c8994b7967,14549
iBTC,1671375005,2ae2ecd6a23d6b956a4c0fe121f6183a856b3de2cc101f7c78a37758,64064
iBTC,1679395022,898c3c9afb579c7ab9c2e07e7a68431f5f32afef7b3c791e35f9f0d1,45167
iBTC,1669943380,856d18a37ff1be2074f1904f3db9d2d45ea8badc88a3ff443836b97e,14164
iBTC,1669808671,7d5258011fecab08aae5aebab8b28abbe2d0667777ba836007a62f80,160037
iBTC,1678834416,4e5426811df99e191ae0bc3eca64836e561a07d1623b16f94828240b,1118159
iBTC,1669120558,c835248f41cb65303bec60d767f0299ea458a19c8c04beb125513487,64490
iBTC,1676203065,69db3ddacd4bd728026a19f9e8be6d41771d6cfb8cc1706798b3ad1b,5731
iBTC,1675779061,5a22bd8e0ed1bb988e124cca869af71ce22e87aadb485e21c9ca54ca,54680
iBTC,1670891801,4b950752c2113c742fcb45f06e31f1773151ec070e34b5361a2e559f,81362
iBTC,1677361689,b10c7dd14700813748087d6fbfd03a8c3b83f6cb191743f5e35f7d84,96066
iBTC,1679447422,61cc93b6feaaf71fb0a4133fc103134b9e0057b17a96b5b8ab064345,4892
iBTC,1676072049,6c8ecb2a0a26b86449201ea03fe11aeefc109c8e5e1d650779c01b7c,11680
iBTC,1670053205,b01f0c44e67df1b4b6554d0e86a6b3d2529cdabb099bb8cba9af32f9,57143
iBTC,1670400563,e65fafb51e3a0af5b2fc7dbdb246b633fdcccd9459e3e2f2c09f2ccb,19915
iBTC,1669186856,c058ca62efb4785fbef1e7fe218bfc4596d9a085b4721f9661e61894,3589
iBTC,1676049620,161478c8f8376606bcc5ae29a3d3c4efe4a06ae5009285f447daa51f,32603
iBTC,1679148889,28d3f61211e7f5bb1908e1878064c406314f88715161c9728b497732,29616
iBTC,1676071832,fdcb2ad56f90c49a73ace602f2f459055f75c9b42f6b186731da60e0,14111
iBTC,1669894418,d8dc639f4acfae62f5542765643c3dbed62ff861834dbe3ffe374e2f,31498
iBTC,1676707533,d171c764b68e3006a17366dbbd2b5b1d1641e584991c8524ac72458f,48242
iBTC,1676051044,73a2384cb145aa11ef7c996728c5715f87b007368e1a4769853927ee,7017872
iBTC,1671658157,b1ca53b12a8c7f0b5adddf9157cfc2548b93fc854cc124174394b8fa,9695
iBTC,1679310786,4ad1c61198cda4bd8c78ce46d53e284ac4ec1acac33855e18b393ff1,91815
iBTC,1676838410,213a6315a3adfd1ec92b7975944a66e033cafbc8af03c734093cdaec,840429
iBTC,1669569494,9057a63eaa2afa9e1f67bdb5d29fd62c59c91d0c79a30e225f079aca,663627
iBTC,1679263083,e292dc90457553865ecf16f586d72185fe4ef1afb2dc708f7099e4dd,28944
iBTC,1669603772,43554050d4b81197d15d448aa81b825612a4fef4cba3b48ba25be4e4,52602
iBTC,1669915042,fdf0a8011a7e976d9659c2cb25975ca8bc604215572f91449d0a41ba,1106553
iBTC,1669581364,a10a23ec8c8bc86c8b39bb8d034a7ea407acf952bab967bbd8797d7f,21204
iBTC,1671488072,a2b3fc71aa466e489bef35c30ca8b4a9388f701ab0cd73c9c81a5409,52404
iBTC,1678849521,c940019f97c065b6a249e2806f467ed67fc5bd4e749d1aaa010aeb8f,13412
iBTC,1677702753,0cc3fd8d76cf6637dd2bcf040015bb20a7845bee40ac164df50254b6,29312
iBTC,1679188015,139bb54cd4877496dd1e6ca754a513b7ef490beb8b9eac610304b27a,104696
iBTC,1670037044,e33786fcf09ced1747bbd86e3e123a529483cc477932d9f25c4b0d56,162019
iBTC,1678853675,915501500137bbfc512cb66c2e58410958e3480365b87e499ee2e296,1868
iBTC,1678198181,9204bc66b5075a98249a520231b5c28315f603e80410c19e79b79739,509356
iBTC,1679450013,534fb6cb7e3918799eb0d5eb8e8b46cf921a8b7f53349808c14a7c45,71716
iBTC,1679278603,239f2ce7543af3b3c9119a00f53a64ad8e1e4b19d90fd1dfaecd7427,391818
iBTC,1672741247,01e9d7c747941ea8d10b5ab2961e9d269babe72bd77496e7bfa138f5,27109
iBTC,1671088595,9c27d064a05530a230fd70489e45395ffe983454d84321fe4e75f3f9,50157
iBTC,1669569000,31ab20da63adf95f5a9e4ecf297d1d3eb8730f6d8d17946696e8ed91,3429559
iBTC,1670558293,c7ebe5d764cf43b3e96199c836bf7d11b37a2d42395a130e71dbcdac,933034
iBTC,1679540494,a2e8f8e639644322fcc8a40a7e9061684f5e6c115c3ac0300d88753d,74224
iBTC,1671375939,a0cee6e15f6846fd716614ec5a50af48bea1082e9773a50867f81a18,35666
iBTC,1673654008,8683b83c82e024569f117a8cac8f6e594cf59d24347c57dc932c5063,26794
iBTC,1671600213,a4bb846ef68110900c05f24352c1648db506ec921bf6011e61e01684,25446
iBTC,1675743037,ccf0463efcfc0be16312d889a485c827392edb4bf32af4b43af4aad5,5306
iBTC,1670402819,9cd08cc76ae69ff518811af8d0a51a88d43a4c657a0c04e9224cc8cb,88542
iBTC,1675472390,8732d6ae48c07b2694e9918fcdfff84e0995b165d4615c32fc76a978,56251
iBTC,1669500025,f6babe82e81a1d51f5e4368647e69d71363450dec2d259c239658201,14403
iBTC,1669468413,460b03e4c9be9f26635bbb42db1bb7757c65f8bdafa5155fcc3ca9df,344574
iBTC,1669424158,b0f6f6c285e1711e5cc0b237539ebd40eed3ef96be5b78aac6c389ce,95203
iBTC,1669470836,1e0ad68cb0d5e41cd4af8f6891730238a6114198206f5e6f5b822a91,66737
iBTC,1669599402,af7ea0c07f8c05d8c8e27b25a70ae93cff2159b4224f0f032e366d3a,22924
iBTC,1670269066,9d596f5ce627f39f11af7dd488804fb8b4bb46dabfbb24ef8a143e98,42905
iBTC,1676017345,f7af727a2076c35a07db687d80c5c6c4b71bdb1de48fca6a2ed542f3,55056
iBTC,1670376934,e0ea68c3e09114bb8b746e67a3e44b5e4c0cdce33c07391dc1f61be2,314735
iBTC,1669639230,31161a3f479812bb1b676672d89d870a9eb53209c5ac33bec960388e,94264
iBTC,1671891834,6b28469ea3ca15f2ca119267bbebfaa93083df2d3a54fe89524cb26e,10277
iBTC,1676231331,5cbf5f0ea9260bb305078b3bbfdca41a598d232d74c9a30db243ab67,74471
iBTC,1676101436,752ca73ddf1be8dffa36de008da3efa547f9b96354198896f5961e0e,8579
iBTC,1676292396,5f60720440d348463e8ff53a39699ea6c7cd98fc3c0f48015c8b2808,22487
iBTC,1678903772,f7315c71937b8ee2b38ba0cabbb3d24b34186c415cb1a75e1f383666,5090
iBTC,1670686172,9dcf132042889673839ea86796d3ea30d6fd52682b5bdf524dfa15ce,44363
iBTC,1669702956,875e0983da57293df20690f6504edbb7db8eb69efadbb8c9724f508e,17961
iBTC,1678895602,ecf1cb14a49abe481c4930be126426df3a7468257a129575cd49b41b,36385
iBTC,1671832538,772e948ec345913bb1f86e295f4ff0d3b1f70e1b4ebca5831c6532a9,5377
iBTC,1669482194,02b80d9935da7f00d97323735ff2641d938b14f3ecd24b01a990afe5,82042
iBTC,1679610041,17c68208cf802f497a9b542a830e6ae6b074757092ab2b398d39213f,6137
iBTC,1679615080,4275e6428a0fbad50a8d8172bb5dfb1c4e5939e18312f7b852f7a374,3159
iBTC,1671413716,ac50c97a84362198cd8fde5a960e06f04f3599bc381042bdef7504c4,11856
iBTC,1679053207,1f7ef72a78f62a79c1da3a18d329c04f89399d8378728f8f6f428916,102886
iBTC,1677788742,7cf91d208dbe661058d16ea8ef2c387153cf91944aabcb9c7ef7fa1e,42431
iBTC,1679446984,6db6a0cc3bc16b7a83677e4214142566720c6cceafd7fad6989f03ac,18258
iBTC,1675700533,48c1d2e21f2ccd6d9a9ad2efa6da2efcc40b3bed0b94b918408f4def,32479
iBTC,1678622845,5df12b63d63b10222bd9fa61b074f72949c4805d17eb18b349b3adaa,83050
iBTC,1679639653,9c2b04c3d361d4d72878e7c0c067ce6cdf9f29561bfab5c59728c4e2,23142
iBTC,1679653033,f18f251f8eddc1825371c53d9fdd05d62aad37584a7b0f9e72cb0d5a,5758
iBTC,1670489861,b8c95d9c879fe985c2a59cd6de2baeda050c5010e8eee6bb84c65be5,31195
iBTC,1677293883,dc02ccd3782cd2a25908214624aef4b201639744163010a68cfbb484,57842
iBTC,1669063000,0b1db916e7560c61e187d688e00f936a0730a88d1049e89f4ece9e9a,852815
iBTC,1669219777,39b1d4be2a009b5add1835ff88e27d53352d43cba2df661d22c9943f,81514
iBTC,1669105362,f29f47b1b0418459d3089b645f7822ffde188e85a102de177d76cd77,8537
iBTC,1678925794,df6c37bf1e7413cfd7677f446defeb74595e111dddd5a5c383544682,50881
iBTC,1669178155,890a2ea2488a9cad929ea0e830b7ca6accf5260cca8b55d1e0cc91e4,328561
iBTC,1674406297,09575db3a66d29e820a464f9a5784aa42e3efd96396413c15d5a1160,12705
iBTC,1679709406,bb32c423f9a82af12f10a7ddfbb3e06a6160ad5b75827a14c2975eb5,8336
iBTC,1679732756,6a22c66b1ac47584e99999b61de170878547bb5a6b87946a6f1e018e,1497
iBTC,1674663121,117a220650f577db973565412c705745e0cac69c796d137e977267a0,1959
iBTC,1679758653,604293cf37ca055da2cc6bca55321106d0056390b4ff5a4f19f5bfb0,9803
iBTC,1678614605,d60e724de921571ec9a732fad7ec0673fb9665e2b41040cfc8193289,137890
iBTC,1670887971,ecf6df3e564fb3214117ff1ba3fb4532e6d1f2fb80c0015027b291b8,48855
iBTC,1670193136,65fe5aecb5e29a5ed212fcbddda174205fb47bf6e379fd275962c68e,65009
iBTC,1679775061,82ca384fbf3ed3f0959fac2294644bce323c2edb83f76a578f61f1e5,59448
iBTC,1674310456,20e6fbd5dc1f0edd267fd7d81a4ee11caa622a2d9f0bf88f98bdec4f,11956
iBTC,1678589270,946c74a18ccd97a6cdb64318cb3374ab72e83c616d30d604e1cb8d20,1397271
iBTC,1679806183,c590affd526db47b19bcb411793bba5d639c1f5885fafc47838cd22e,1270
iBTC,1673236493,d293f90ea2fd8c346edc313e42d1d8e3e739282dca078926377f6e1d,20019
iBTC,1679610964,dddc26bc5c16b1fdccc13e72abfc5bbab373d7ceb98132fe51b39e33,165161
iBTC,1678932368,0a36d2059eac53b46045092125f8419d455cf63ba48a7f2285a1a691,150282
iBTC,1679844600,1f6bcfb63ce737900a489270a4960a49f698bf29834efedb540f9a7f,28999
iBTC,1673070136,39c9cbc0d355ef4b7d5338c0279c3c8cb299f08ba70a62222116b638,49185
iBTC,1679764076,ba9cb398668b61288c46b1d8df9290d077e0c3bffec3fde7179e6076,12837
iBTC,1679235409,5cdcfc5e36b8442d5ab98be63d25176cf0c7e61a8764bd6c45b07053,14303
iBTC,1677438419,867d0bbc161fa9b4c7fb242b55ac34e39a4c5cb3945ecee645ad2061,68859
iBTC,1672178974,3320216f1ae5b4d1bb1fe4912b28facd2e7cda8774f16d51f12b9824,96629
iBTC,1675554352,a249e0d4dab1b164dd033043cbabdf204b34f7ecbdb994bec90d7216,17738
iBTC,1669170493,c4d642aa8ce8be72cf2b8fbc1862e63ab76b245c2c1daf7dec07adc3,37757
iBTC,1675824351,61676dbba715d403e64c21061873a820375158d4f1ffe7ee8bfcf050,38020
iBTC,1669766976,344b062d324fb1d5c2604c5381acd0e0dc8eac7fe94613a1dd1c9ee5,149504
iBTC,1670394246,63d62b85ce675ee25e9e0da4c846d9843afc136a494b52ccdc2e48e2,81719
iBTC,1669971145,ea29ab4f2420255302bd2c56e8fe74a36f0fcc96a30cf5fad9994b4a,478783
iBTC,1675605336,d1e84ced90cffff9442cc47648e7e407a8fc75dbd8eda0c7940d0ba7,361529
iBTC,1679902863,55f6685cbc8c1c99948804a10f2eada7ed6121822a45452582ead10a,1198
iBTC,1674136301,5b06d393e8dfcfc2b19ca8ecc91c242dd437ed72d917391264183f36,11070
iBTC,1672915158,ebb3c77c9d613815a380172a1ccc3f14b656b3a637c068209100501e,2555
iBTC,1679049533,a518ee6b51cc5eb3202cbbcc6de9c91619705fad24137ae15a877a49,21531
iBTC,1679911965,a2ea3f266378f740fc6d33050cfd1c6908ff4fad98ae7ead7ad4ef84,643151
iBTC,1673188113,82f241eb5dadcc19e9990f85c9e7a93bb655b2c07ed3fe375509b417,13277
iBTC,1678223326,f3d34a6a18bd2ff8c6fd152f6e0d9d15c03a17f419d6ffec2fdb5372,127959
iBTC,1679919354,08f99da7221e1ef5c2ca98815ed67de66e75c31ed855df63af0f9b94,22919
iBTC,1674156321,f6f4381664083197aade59849d7d90493799c00ac314bd28eb6a1096,208982
iBTC,1677749903,664f46aae6f6b141f25a4e365c46e76e5a40e3654c132dba68363a42,4556
iBTC,1672055881,c8d94edd54ac158df872778b972b3d9f230b77294e9688e7fa3d3302,1256411
iBTC,1671427547,b441ca29dc1d111c2bd998f8b347f57613bc68458a0ffda06ad65066,285210
iBTC,1676752073,3d4d56f02ddccf47cbebceccd1d5fdf9e2f8020e8fd929e08318922b,336742
iBTC,1674330432,e1ed4dd48ca0646503b3a472308164931c2c27c6803489952b9bbc16,34433
iBTC,1669865380,c0032e1e478717a8f6cd2269c9c5877b625c7fa9b4e4f3e8aa8110d8,1385931
iBTC,1679011466,23d5170dffbfa8d5cf6534cd1c06d52d6d2e8819b7914995fa9a94f4,10747
iBTC,1679682331,3c3d75ff35d353865c8f20c885325cf161c155252484fa9e87c330aa,12777
iBTC,1673139409,f1f046fcc9cd06aa851f3296213d127f954ecba8136ee829a645f3ec,26972
iBTC,1676890441,1f436afa48e9135dd6e2d4e819bcd6f964ffe62f1e3155af51b679ec,31189
iBTC,1670286405,eec262031b5b78bd61e1f5aaeb37110ab6599407ab82682ad1798d21,8930
iBTC,1679966641,982897eebb4516bb2e68c969145ed6b60afd9581c5395fd8d5f41671,29965
iBTC,1679984915,0c802a3f77a17404d18a4eb0a0c15e58489b8ff28561f566fc548fd6,12270
iBTC,1670360697,ac293f8851bccc597d9f23b7b76bb9afca7bf65e42c93fd9e51ebadb,12525
iBTC,1669819666,ebdf2f2916f3819a83396a78bc14525b559c62b21cde688020ecfafb,72683
iBTC,1678005356,c1ca0e406c026b2c5bea93a87adcdb47d35ff84fa11aad36bf508bdb,361753
iBTC,1675937672,1e5f3e09247475845083ca8c0c0b670ffb7a20f4e81bd404b068c89d,388176
iBTC,1678870601,d8873d99d8bac628cb99a6bfc97e0c7c1553286d4a62aedde875354b,187540
iBTC,1672625015,fc5543c66855df3872fc1c6bedbd95bb592feb158a7656d0964358b1,1590
iBTC,1679167159,f5fc2163bd928f1bd4be6463323d1341eb5709ad2fc7780f3a0110bf,1489130
iBTC,1671079923,134772ad86746619dd39c1bcfd82c5cbec2872f3fbbae1c289e2c7c4,259791
iBTC,1680033032,6f27039ce8ad07c08fbad0dcfe5b70bf7b5709eed01128f3c8272841,1235
iBTC,1671289757,cacee11ae9fc0ffb6219d179e22b1cddefd988ebcfb1ec7fca4ad52d,6875445
iBTC,1679343989,0bb67baf3148157625daeb00d942466bc473a3ff85dd49afa7658f89,507
iBTC,1674771328,a181fb98e93e123144d85fee0993bd560ed91d82ccb4b9681bdecc95,94500
iBTC,1679986551,10b776dcc1840a0606e0cad33d6641d643d7e13ace69c9646edf99dd,65336
iBTC,1672862831,4c80764f5b682045f12a83303d017d4dbe90f09f76b2108a5c44ae54,136091
iBTC,1669471193,31eec5d71937555a28119e20dadcbe20b67b367b2f31f21957466444,74520
iBTC,1669138543,bb065d2662a76b6a4be9b01e41d5c3f50462c1dda589da692b9754da,8425
iBTC,1680076379,e2a00a183faa1d56370cdabb7b05beeb09274a693061e1d5aa140617,127156
iBTC,1673471366,57ea5d39c88f246532413ccaecf9f3b992b3ee65abcddd5c921190e1,15465
iBTC,1669865624,1227be2193b0f03f9ced11395f01fec9baab09491e545787377e5787,101632
iBTC,1670297711,9320b2e201b2f4141b4ea6e17e410f4696c911f77149408d632ebb8e,2102097
iBTC,1680098609,fc3f98ae5a3b654f6d89eebba84dede2c2ebe58d58ed3d59984dfef4,4000
iBTC,1679948083,b6756686f4eb2913773cd154afd06f721a1eeeb6dd84d37b099acb14,2587
iBTC,1680118578,0dffd2d5af73d5577a3976d171582cf71c0b9c7ad342c2b148f7a369,982
iBTC,1680127237,3cb106a8308c9af70ea7a1d158f730a10b2ad6b69fee1a223ee0e73d,7769
iBTC,1671245959,3be428fc2cb36728ab76aee104591046834cc83661f5855a7926897f,2443
iBTC,1669246449,405966152e910c43c45f1d21d8420d7ce66c604b9750824741970780,2472
iBTC,1669994096,222afda7939e082f26e12d2ce9cf584b44538b31a60e2e1f3f333821,256
iBTC,1679349112,c00dcb8d775687a54515cf1881bc194551df6f048063ab7e880a09f2,262510
iBTC,1670644252,2930cafa7a43d98c175f6714b78c01ead31d802ebd6c0102f16de275,5632
iBTC,1679109751,fd85a7d0ba9624bbed523a947035d63f63badf8d827df917fa71f1c0,147850
iBTC,1680154979,a1c4b6a38e79815e2ef0d2d9767ba90b8bb5f670255c64144ebca8f5,2251
iBTC,1670146935,482487877cece318653a50da61ace938cd315d03918259c8f7a52f2c,1756
iBTC,1674132403,08abc365d15eb5a450ff8ed2a6207bfa3cb5a0df4ec1ddd0e6636026,771
iBTC,1675931645,a723925d9bb76d01b7884c2a338fa082de4f043c8487a2f50462c8a1,26531
iBTC,1669156967,0dcbeed337d833d3642b28c19cdc84b4a6bd454170bc39dd5b8fd27f,18185
iBTC,1679781429,b1f7b45205350ea85fcf6b736477f5fadd617ef9ad9c98a48ad61ec9,104097
iBTC,1673314803,42a9b7449b9ba23da79cfc754f2172d52b9a8a550e0e7b6eeda08f77,7423
iBTC,1680222115,214451287957bf9af5f7a70c46dfc957d32e907e47e197eaf9f5d7ec,41220
iBTC,1677832622,63aade055d90301cd816870ee5a3c9fc67d769274b8633e7a7893f05,235078
iBTC,1680244874,cf160c79e4395e9b17de9ff8fa6d78e9ade6fee1e7080e0c00152e3e,9995
iBTC,1678438118,6c84ff02fbb588bbfc2cf7edd4c93ccb0582bc5563a4034ae39a1db6,51026
iBTC,1677547254,31310d10cca7193929bebbe2394dc5f4ac665dacfa1f99947251b3af,999516
iBTC,1680257110,725fca12f5495b2d9c9be40376355bb56f673261a0c0fefcc0e83128,6181
iBTC,1679553203,6e1af944114d0b0f4e9ca648a1a8bef65cc380f25f26ad97df13ad54,71811
iBTC,1679410880,c1cd747fe18cf8260a8115694c82c458f6facfafd5a382447a2a3e03,9051
iBTC,1678152255,508757f097d3f23cb9e51cc9d35a550b2f2f9bedea6326229950647f,34413
iBTC,1680271406,3c214daef68d919ae91cc5eb7447fc6d795b6019a6df4e3191028999,16545
iBTC,1679735557,3fbdca8a85a77bb7448f2aed7fc255737afce334c27beb34abea0f98,861028
iBTC,1678145486,c72d1e782124b7a5b2ddd16fcce4fb1909d968ae6540dc87e6dd63ae,13831
iBTC,1669209119,1ff8ec747a4655f4f3abfe66233fb0343954025143e9134ca779640d,3709981
iBTC,1670830113,e5cf30c4a7378ce389ee3c58e7140cfd462c4b3ad75f3037cb77b09b,136616
iBTC,1669539021,338f6ad73e0886541751486f71ceb084279c1ef0babe1ca9a2d58687,391522
iBTC,1669176232,ca0f77040a2b74ee79cb3a2c8046083e364c853648d64885a75ae35e,56525
iBTC,1680034812,4d5da618c7b48388366354c11d5e897d2449b087b523fd083fa0970f,73389
iBTC,1670138706,ecf5b1ffca39a9821dc42163dea13dc58d4d9b28767edf02124a271a,3835
iBTC,1680017955,3307f4774118bdc69163b2f8f2065892aa4484df07772bc4fe5fd052,88029
iBTC,1673582921,63b3889ebf65aba913b3ca44031d7b2c59b04b0727c3f2e67d52d034,683294
iBTC,1677618394,45abdcb44b0185fd8070fddfb5bcfdde6dacb8c0a51a77aa9a00bff1,50792
iBTC,1670874846,9bf780683ee09b92d00a465c519ef7febf74a26e6ff45fd9af96e496,32015
iBTC,1679146929,ff7025065ebb4ec9f6eb52345aa2e26d53b6cef048fbde949ccb7fa9,10957
iBTC,1669235917,2af7ac91a39bd31d2af45a0339de7fd54c803034e0c6a6ef31d9a6d6,80280
iBTC,1680048408,94275840268d6b1ef5de783596d50183aeca94277944210de3e2ee30,97960
iBTC,1679171934,ff8c28d4272bc3688bfc79b6acbe73b24577851e0b4e422ef2198977,1830072
iBTC,1673419477,bf97ad99b5269c15e3726290f95f0fc0ec8dbada31183778548d9da0,1922058
iBTC,1677830444,690b0a92962d8e5940212f11e4e414db2a6a773f06923adaa063bf7a,1753622
iBTC,1676561480,a485b6436c9f49a331655fa1574405c3e9bb1ead65e84b91f28fe826,753512
iBTC,1670162226,e31737eff954647c3cfb076fc5ec72a889d3d7b27a875fdf2fd1b379,1359588
iUSD,1669065272,ad122b9fa3ab86495712afd2a6f655430427c2cf21a54fd0c8fe8e63,159197899
iUSD,1669075286,8dc46b205f4e3147a3bb91d9d76b188da58b1da3f1bbe5ce85093ba6,12924151
iUSD,1669079476,529828b5fb8e3347ffc11e615fead9d06250f5457c828595bba6d3ba,578591067
iUSD,1669089167,b0418646136117e82f751e82489d865a6ec05301689d2ced4beecc3a,139481774
iUSD,1669111331,0c879d816213df21eea5927738fb62a99c6c3d83b0ddf741a6cbffd5,182301902
iUSD,1669112083,f0cde7772008d840812c16a10b033c4b64949c7026e1cd26384b812e,9106798
iUSD,1669113292,0dbb67ed102393b0bf27cb9d1c2f8f83ad7a9f1689904879a5191c92,243187111
iUSD,1669139733,e2a0f1cae6e8f02aa0fdc9622f8351573919d111cea3bc1eceb898b5,71045770
iUSD,1669140799,a0a625ad8b607e8ab650ebc0d4003f5f3ffa21a811980177793a32a5,1631121
iUSD,1669147957,7445ca9f38f1c88e0f7f1ec5ba3f11352a03ebdc93814ae8cc3c4365,1885984
iUSD,1669148490,56f657fe0244e7e283418ef04510779eab7f5f4791cfda7ef19b020f,25223931
iUSD,1669140402,d203a585d517315ef60b563878acfd72bd9ba9bd458d8c432ba53f7f,83128174
iUSD,1669176184,8bedd3fd1561aa61bc84af3b1354a73ccd0d25e56ca6ad10d46184c5,7619433
iUSD,1669179690,f08a2242c6a6353ea38c9316dc478cad0d5e53eef6c1833e763eb33d,4765878
iUSD,1669212645,815ea6793d319a3090588b6c39c6a080bcc3483d6e73761bb4473a85,16915866
iUSD,1669213596,0944891a137e8df0f9e8d6bf87f7c77b6b2630c69af3e5281612f484,18299937
iUSD,1669229659,5fb62a4e69246e0f73bd3b02f474ad99a993761f584be7b6ee34454f,6099978
iUSD,1669286933,affba47e1ee5b89b489064abdd4832751f9e4f647c388d76f7638c1b,195848290
iUSD,1669307087,b7e3d8ea466740d71d745657f3078a52f9603a22401ffe10d5f84704,2399777
iUSD,1669416709,c2d5b272e2f3d057756e4c300cc19643ad3ba2a2be7ad02573d127e2,54541294
iUSD,1669446156,cfac2849597e191f8ce7e3f3555150761a2f661beebc6537facb738a,25852742
iUSD,1669448567,ef1af1a8910ea15c905f4244cbf01932b9cd343cee3f538be0965412,7998575
iUSD,1669454928,6873f354a534d12ba78b5393b34ff62a34e055198eb763a142dc6d06,71260520
iUSD,1669480776,d906bff43d0cf1f953664eb6ce9d568afb32f84dd5a04d368a052957,166673886
iUSD,1669278262,2565d4ceb27abec66f12b27af3bfb8a828bcc5dfedc31442fb34422a,48093269
iUSD,1669504825,b5373262fed909ee4b36ac1cb3a3fd9112a45078a09c2bc5d7fff5df,10017298
iUSD,1669547955,81b9a0a03bc7fdf55630aa5fccd232cb4ca6f971a11bb174d307852a,179142367
iUSD,1669505033,251afb45009e8cdcc4d95ce402b280fd11751704e540c5c12c5d293c,28881147
iUSD,1669578278,7cd8f3d5d95127141e5843ab2818de72f85efb9e7b8a1cf847e794c4,117172854
iUSD,1669597636,88e170617a780709bbdda9f213666a62d7a9b2cba72c82fbce60d039,271622
iUSD,1669623881,1ec7a4dcfcb759b54f5acc35f348f1862a92992cab701e486a46e6b2,8033789
iUSD,1669672807,dd4ec1a00770d0659820e0083be64e233a9da64af048ed52e2c9bf00,3532417
iUSD,1669685445,2c19a094c5f1193406dbc39958bb9c8ab662b8fd06587e47060c2718,881352705
iUSD,1669690612,5bd21764d4a56f37866bb5129ce27b7ce8f11719fb2a083edcccdb24,2502129680
iUSD,1669701176,315da5b171400a2b8d131c70ea53f27b1977bb1fcec1537d70649dac,50800127
iUSD,1669710492,67b9e1699f39f1483dbe59aaca3fe0689992c2c0c996d6394e4f7569,12131373
iUSD,1669738883,663197d6c6deb7037a232cb477b7cc4b559e93b8aa392f136e2d1e32,75821086
iUSD,1669776111,4d4075b051ce81a3f469c3f0688100673408e1b001872563cec5aff3,156774428
iUSD,1669817773,5e399d18f5058813f05d4f79a5b196ec6f8bff71079f12c37f1d68df,68532579
iUSD,1669823266,5f841de490d21c2b60d865852552b8a829e6ef4fabd1fee7ac7977bd,61463384
iUSD,1669827855,b5fc9bc8eb047299ba87a5b613947f9c9abaec6ba994d7a835a2479e,10064744
iUSD,1669246493,405966152e910c43c45f1d21d8420d7ce66c604b9750824741970780,31536549
iUSD,1669865529,65d6303282486d29912b02c301c44d66d1c1ad41c3aa32afde902098,419061814
iUSD,1669872168,24d1ce22399ea1ad15281271e90aa1ff32729eda148ccb70b5ae29de,11224423
iUSD,1669874245,ebb991fd7a308e0c5801dea21c6f29c56a0a7f0718eaab26f17cfd71,51684290
iUSD,1669905662,72a5906a5f5265ec69132dccdf9ca9575c707ae00afa2c04edff9420,46571962
iUSD,1669913001,9db8dbdfc35cd01248d7ef8b323d76a072cc6ccec45aca38ddd3f99c,496169187
iUSD,1669245894,7027a58b0e7ba0c62c9c728ed6c39aaeea2a5a6eb7655dae15408d74,817269
iUSD,1670018018,c6cd7420bd85c47570966504ccdc3847422b7fa54b2b2e9da06d49c9,31782098
iUSD,1669253527,fc351e35c2f082683a7e9ddaf7b10ba846361d5e2c8da03fbc1a9e51,175233260
iUSD,1670075438,37ed0edbae22b1cd07e47eade303eb9911b4ce9c80ca0f96906b277d,40526055
iUSD,1669086866,3fbed1f70aaad0f5450f532262388c6ebbdd08685a91a2f4e2b5aa56,1465895536
iUSD,1670100105,3f8f2cdd4da6db7af455c401c0e2108d6e2147856f31f815c0036689,1624008148
iUSD,1670114276,84ecc5f7b81ce47c366701b164b6ecb5feff0bdcf2672755a2d2917c,62804029
iUSD,1670121147,3ebc1d2a5935505b0c6bf02052740a9e7f99a9601e5de72aa6732e5d,33552247
iUSD,1669140000,e1a8082c47e07a5033dac58e317d904b814c3a3d26d9abe1647274b7,448725144
iUSD,1670199935,33077859854a4c4a6ee59151162d9ad87f180123bf154fd9e8518156,28748059
iUSD,1669337612,46bd39370e967bb8f02258034e52e067791859c2ef94f2fbe58aa952,2571170098
iUSD,1670238381,6ab1e8f492b0ade359dcc23754a37711b11e09f3c300db387a7df62a,979783
iUSD,1670252364,82356f5dd9c1d197555f8efeece254a8db19ef9857f7f1fe0d168fc3,103491165
iUSD,1670255501,193cbbdd794fd3f6c3cb96d10463421f633f66509cfc2c50b449dfbc,21116366
iUSD,1670268624,b1ca53b12a8c7f0b5adddf9157cfc2548b93fc854cc124174394b8fa,58788498
iUSD,1670273681,aed65613b6eaa83bacd22c00f0be750f1eb6b3dda9e5639434b8ebfa,1787616
iUSD,1669794136,17d3378cdb60f18ebad70aab20bf4be3fe7415602c2e07313297aa35,685402942
iUSD,1670302830,57bd6627620ca97848d563e991aa18abf036fe7cdf1e8dac55e39558,7162119
iUSD,1670345959,114ed1fa4be6d0fc67ac7eb0e7c59955986dc2a646f2dbdb03f98d7b,97904317
iUSD,1670355181,63ffcea431889194cc4340feb1b96c81251d0dc547fd50203de1eb83,146505597
iUSD,1670394188,06126a123250e0920b44678709da9d6d06d9edca5ecc7c532ac49aad,674977064
iUSD,1670398785,f28c3220c1ae8fc4846b5a19a3f967b01d23baf00eceb0a1d20798a4,307089748
iUSD,1670362147,577cd4ebc8dd617a8bd294f1b4bd853e1c2c82a10616ef099601b26d,557020
iUSD,1670441683,1afac53a4d1a00fdc5c19991c9ab585d92ed50cb9c71ba9c61a36106,97980830
iUSD,1670527848,e6eea7abac12ee5189c640fc562f48ea59a2f121c8403ca97e34cb69,153848037
iUSD,1670543970,f6bec0f37a857e1281e70c22d6f5c1b45f94b6ba6d9bc0e97dd614db,1577928597
iUSD,1670592568,9d7c80e92b2d81a528c6f4ce7fb1abcd5efb56c5b3123a27209be50f,12522035
iUSD,1670658828,53ad03696a854631cba8cdf7d2628fe142aae67a9e9ce8a19b81e4fa,23927885
iUSD,1670669605,0cc8211b4e1b8ad56ffa00ba5b8a54b14c58f48d692bb0957c1364d1,37119880
iUSD,1669713386,8ce5d17ed848dc9ee4fbc3bb79271e1efbfaf43d9ead7df700faa0ed,16607915
iUSD,1670786809,b178ffc093995ed4f92326da8cbbae25832bd1c723b4897435ae3ee3,25737400
iUSD,1670807986,75cfd29b6dda5115ad991ae8c8d13f8e0c7a439daabc9a08b632d977,30243269
iUSD,1669396094,f28382adfa047a0f4258f6ebe2dc27f1b31852ad0afa692e553d75e0,101926505
iUSD,1669190350,243143a1edf725605b078e3660ccf3ef4811e54ce8d70b04ae15a4b0,1638093
iUSD,1669821923,b2d0834973ca3f26aee1f012c1b4f03cc0dcd96a5e299c62beb86237,1
iUSD,1670853704,5f02661fe9260d523acf4075e2361c9ccd10d6f9b10c5d2837151284,9798291
iUSD,1670869148,5187bd9ddecc2fdfae36f4e67526cc8368478db4478c08bff6a708dc,8382731
iUSD,1669211571,5aa3cc24dcf73c5402762bc5aa229f63f6bdb0ddbcdeb4a6f3acb59c,5980246
iUSD,1670946741,26924e62701e99facb3ceffef5a050c51412503eb7054af52f573e96,530586029
iUSD,1670947719,170c6964ad2f725504bd190c5293d8b4e7c7770cebb7e7ca798b3c84,15113054
iUSD,1671135791,64ef8751f97cc1ef51b020ca8f648808e77698aba365802d49840f2f,6064503
iUSD,1671144207,a33c563393379855e9b6f66e6830ceac659fac8982b06d4128b21722,6002033
iUSD,1671182372,56e1526eba166e9060a8d8eb258e59df76cf752827d1be7a6de02119,8812118
iUSD,1671290006,026c8ee36589862c813abaf4142583d8631869cc694bfc393ad229ed,294524462
iUSD,1670738474,239f2ce7543af3b3c9119a00f53a64ad8e1e4b19d90fd1dfaecd7427,1
iUSD,1671363423,aa8b22272df60f8f0e8fbd918edcff8e2d6a061abfd0510712964da3,12978882
iUSD,1669475711,6747fe860de920bf606e1d93b3bc44d208304c44415a30e4095b7d15,14490
iUSD,1671302494,d5faac42498239db89b4f4b5342a64c36d47ed6300a0b0c03ee460a5,981335
iUSD,1669105032,642050a5c5961494b8342be7339a9021eec09b44b199648ab6f2be18,1300119
iUSD,1671559235,0392279ce70fc3bc7d60fa0437da097cc264ada08fd59acdba593965,9818124
iUSD,1671695514,fe822c00f04e3ae7c0c0f92523e6f644645db628621f17a25e88642f,19637201
iUSD,1670063874,58565b9a0b90f766dad48a3cb365453b452565ecb6773a55a5517b48,4865681489
iUSD,1669605083,a4bb846ef68110900c05f24352c1648db506ec921bf6011e61e01684,97916002
iUSD,1669588932,f946a9da7bc2551c51e8bf0d38a5f7978c825edbd438c8f89a904859,4991721
iUSD,1671840635,91aa6ddecfac713f774fe7635bc6804e96e008cd220186a1382b7f1f,5528033
iUSD,1671993895,37ca722e2027c5cf406b6ab9bfe3a6a3a6121ad56ac88e6039789e3d,49093340
iUSD,1669840004,4bdcb3d0328b899e150cbe4efeedafcb2d46cd97f56d1d1a97b8f99d,266986265
iUSD,1670372149,53313be7f4738a1ad1554126858d052f318ccbf66d88b5016e9155d5,175788
iUSD,1672330227,74d50c0b2a239a06b6ac587434530db68e66bf0fd59e1c103629c8b7,353201988
iUSD,1672420537,a8a8d6cf9f5babf18575b08d03ddcd6a055a0a1dab04bb2213fd69a9,28282815
iUSD,1672489377,f2c550cc77d4c4360fc6b780b2b794ee7b55007d8a441bea3938abb3,23156579
iUSD,1672511308,f3a01380eefce347d7713b4c5d50e311521511808e535fae44fb59f2,12491697
iUSD,1672652206,9b113025f2c6f81786d0214a1970cad776b3db8072262d939286d1fc,2557831
iUSD,1672732030,6baf42906f1f011f2ceadb70ad68433743d67d712346c8bc8c723c74,100725918
iUSD,1672850389,8fee6a42565c9c1ebe2fb3caf8c3f6590df4a8aa40aa37fd672605dd,60848765
iUSD,1672895284,2d2698946bc0f751dfc642bda9716d9c95065c4bb6aa23fa36379917,196607814
iUSD,1669507510,ef1b8e5788243f98f97c531b88761b54587163b6478ac6ff99fe359e,50256239
iUSD,1672687415,002079cd2c353aff567679318c7a4929fe774847c4ee46328ad550ea,1250397742
iUSD,1670754660,37b4b6e4b8ed0be34b3e91c40ecccac9806253c35f4cb11da3f1fe3d,1704564
iUSD,1673066954,7ec63acf4aa677499e7cedd2c7dbf86d500fceab1cbfb16ea0227cd0,20975033
iUSD,1673079578,160fbbec0ed081424274993969fd198d802e3b8495837cc20ba07598,20633012
iUSD,1673172799,9eeb45bc82ef7227205a3a13b4b89807a4528463752f76ea433c10e1,13557438
iUSD,1673209131,b20cac1c6adef41f1aee6b70d974e79a3c0a3c3e968c8c5e034a52b6,14582905
iUSD,1673227216,497d04574667e0eaaa3beefd2d3896e6b177c7d8bb445542ba371204,11796468
iUSD,1673248237,7dc6d4218cc6aef884e3bfb394ac7bee9388948fa3cbc58e99074cb1,87431731
iUSD,1673261056,28b66d8534f750f7e6ce51f398ee9f7436525bfa1b3cb1a7f36f38dc,744961906
iUSD,1673294573,9e424dfa5b06d4e6acfe6749af8d6a19bab26f56b09b4c321661e890,323335099
iUSD,1673314555,42a9b7449b9ba23da79cfc754f2172d52b9a8a550e0e7b6eeda08f77,103362625
iUSD,1673319044,91961373c20810967a8803589c7f8b8e519d8fe179ee4c90dce47af1,104477734
iUSD,1673247255,98cd3133a10470a162f925b9312bcf3ddc0c53f5d111378667906cf1,4258010
iUSD,1670347279,d6a625657c0efe8f8a026c58b4889627baaa18a5526fea421477989f,343608640
iUSD,1673649090,24f988ff2d6c698e40546682235b29ce08d28d58610087a8b51d4f7b,145877329
iUSD,1669566826,7bfcb0b4a3974232c21fe4440a2befb5aff58093e9582c9d447c1e0d,1
iUSD,1669102039,ad47602fd2e1cb7a8f94dd6aa26b927b7006651f8e87123d60386c0e,243560889
iUSD,1671359718,31ac5363f5d3b6bc5ee0a10aac24f82fb0417a1e53f318833cb34c9b,122534122
iUSD,1673714290,0be100b577b01fb14cd3163192a4b4ef9862a633c140ae6f2c8bf6c2,39723067
iUSD,1670678534,bd35e698c1519cd374228d72345ac3a007aa585b19e1fa76ac768818,5369962
iUSD,1673345625,7d9bd96bffd557031b105316885d46d7a6a2cfbf4afe31753e92e61f,38374390
iUSD,1671435408,d1b647f0bd8cbc6d3120aa72c5bcddf10332dba84cad05eb3f947d29,398690561
iUSD,1671693097,6537c4f74f158a9511a2540c52d32fc302f74acb820acb7e938138dd,213337726
iUSD,1673891972,9fc0aa81aa9df42604e00ff8d2d2f9de39a47b2a3f82a4bde0e9a18f,4994941252
iUSD,1670893264,36e441f8f0802b4833faaff12da90441d3c4458e00a6b8fc617d5233,123920529
iUSD,1674033717,3d1168af1573bf5b74d0cf10c8fa32a1b4173649f230e1c90960183d,14652107
iUSD,1673749215,08abc365d15eb5a450ff8ed2a6207bfa3cb5a0df4ec1ddd0e6636026,1
iUSD,1670377028,08539981f38d05e27a930283d06523e278cab768ea7608af8d0115d4,42090369
iUSD,1672710507,23d5170dffbfa8d5cf6534cd1c06d52d6d2e8819b7914995fa9a94f4,148275165
iUSD,1674143226,a7e0424b1f170c410738605f255210625f2b7142062ac47c273616f0,705461213
iUSD,1674154391,7e591eaee28f9153a51c4fac813afce445ece801434ab9fc2eb43379,149511304
iUSD,1674155006,0198a5e4cd173ebe99cfcc98a307d03beb084dd9f1269d68f4df5a81,174102924
iUSD,1670422607,e59513fe36ef7f5a94ef7c7dde91d74f3d7a1e30d34fbdf00fb1ff51,18055323716
iUSD,1673629593,bbd31c139830bdb621bc7f6eb3a95a2f1a9e338466cc28e67e0e9176,498371016
iUSD,1674283358,8d42ea2a53e949ffcdcebccbb0656fd0c66f68dd3e12af30d5232c29,99674203
iUSD,1672518538,6d74a578d02399914e6e91e30fcc0cb11157d6bb8bfa11e27c1f067f,179538670
iUSD,1673767890,a40e609ccc120bb815930cd6ce47826e6c41aa94ec92c9f5e93ec9dd,2
iUSD,1670802321,38a6b071d8b300a0a8219cb49ae293024f466985a89f62d6188d0388,81464323
iUSD,1674349081,8c964a70518a80f577b48a7281cb1843ae4c0a40c8e4dd5af17bd06a,41738901
iUSD,1671111345,161478c8f8376606bcc5ae29a3d3c4efe4a06ae5009285f447daa51f,2211523318
iUSD,1673629483,a843952052121af4fbe1030d1f04efc1e600e34c01c56f48ac6c7dda,276282027
iUSD,1674406004,edf2a7b7d47e681123613e5c8c2162dff732ab5c2785a55964344b81,32814267
iUSD,1669511356,5b06d393e8dfcfc2b19ca8ecc91c242dd437ed72d917391264183f36,669066784
iUSD,1671499467,f85db5af0387b5174272cd4a8284ce7cd8348ad933804349e263eb10,78123914
iUSD,1669768104,b9127ad6a07fb42d0a5323ce8a79edbf1fbec2c87d010884d650799f,119932306
iUSD,1674455773,5cdf84ad76fb735689a463f081ce64455d07208781b617297b622830,102879470
iUSD,1669973928,ef375afc54458f274bd07dec902e981a581fb46d4ab6d996e40b5bb0,1788827280
iUSD,1671323730,bc872eac233265d5e392577e7d07f2c67599135e182ec83a5910944b,154397248
iUSD,1670429399,66245022306cc7bc7c408845ef8eff4b6f3e43b47de7941c95889e62,419828373
iUSD,1669093704,316c81337c2c8074c899e053c63bc80bead0417755769c4e48912150,102084283
iUSD,1669494133,a199d2ec461153020ee18bbdfe5e4e3a2c9778bc4d265ef7dc64a6b8,96610792
iUSD,1674732044,fba609340b44a18a5167d83f7d91d290ee0a6402f9e91518774806fb,72677679
iUSD,1669196704,6bdf4e6548d770125f81c51ebc92b583787973ead359912e3ccd8e66,1100797278
iUSD,1674752394,6e40bd68f7505ec6b2943305dd1becd267f0bb79b5e46bce75718d41,43086530
iUSD,1674076001,053587c6190fe8c46ed564ab8bd63b8fbbe2a35e1730e881b1ad9f25,1
iUSD,1674845436,e04ad9f221db058997b74653494041917fe1e69e2b9cb027132bf88b,249311703
iUSD,1672996946,f9f1d44d00b15f63b1aac48dd4e3b4738bec1c79cef84b67ef5c69e4,57542178
iUSD,1674915887,a66f3589c69139fbd204ad42b34a70b65dba7834ce7641ae649c5171,1106513560
iUSD,1672867886,0cb386bce313c0fb289c915ac51a6b364064c49a910efe10b25f1131,999776
iUSD,1672369438,d71882533c70394cfade226a4b2338786ffcb27bb1a360148508c28d,78876277
iUSD,1670429018,fdf0a8011a7e976d9659c2cb25975ca8bc604215572f91449d0a41ba,12807002
iUSD,1675011660,ac2046ccb667a00d612e1d217598538ff8534c61a606aa5cea610b0e,714750968
iUSD,1673455494,ff935aa9517ed6dbb666d91a00c0172972ac4f6de32420c025a23e37,201242800350
iUSD,1673517657,d5783eeb99454513796d07833a55b33d041157aa2557f641d50b7f13,743575
iUSD,1670139171,05f8ebd54f40e71508f9cfec116a05dc8256562162f8024666821248,788941483
iUSD,1675193741,b4502587636550a7424c0caf9198bb9a64edd628d422268535f103c4,378809547
iUSD,1669733990,559d23a5db8f1b809ba9b48e7504582c96af34f68495f3ed51b2cce5,334171882
iUSD,1675206820,df027e77e46f186b37c7dd5ef8df0aa6e03402fc383f90bcb28eec6c,1408919636
iUSD,1675207341,aaaf156062589c37fd90726f613c01b32916a6462838d7e2964dff80,2493175316
iUSD,1670838834,d7346fcd395de69e62f4a2bafbc32af393ceecb3287b0ff4442ff36e,8641970
iUSD,1675248965,a7247ae8ee90968cec8dabc86459c8b0029af7bc526e17026ca65847,369950438
iUSD,1675282609,4ff84f0ac0bd82a6b10a454e7526a531435890c6da1c01404940d7ee,63042747
iUSD,1670212820,68508e515cb193333cce070a1c36b7ee417313b5648af8965d81bd20,715771
iUSD,1669519909,ef500acce9b7728948264268d5807c40106c9cfc347b884efff9db46,699049974
iUSD,1675426755,286ad3b19328beb1a9794af815ad8c71651a0369cd8da4aa57104735,3957075
iUSD,1673236398,d293f90ea2fd8c346edc313e42d1d8e3e739282dca078926377f6e1d,145934613
iUSD,1675466137,3993f803206b3c6d823fd5286f5dc1d4c91135afbafd3e54f651a411,3808670285
iUSD,1675480875,962451fcde3d1d3603722efc54a8f7d0d370798ed989947d4bb1b6c8,99400226
iUSD,1675500093,167d25a1b5fea19e76de971c968c574fe9bcb14f6ba82435d0dcc831,886633387
iUSD,1673114501,1741556bb8f73f9ce821d81a273de59e3cbed3ce6ae3358763709f59,6637783875
iUSD,1670097335,85bcc68578fe0326ae00e8aac5e6c5e734dfc3fc04d8e9a31d27c1ef,13930628898
iUSD,1675564259,72a59314981c54873af2418f0690f8e52ba89562fd4dfcb5fa7aa4bd,530695311
iUSD,1675571415,965a5c906c1b949c4a11c34873fc394a99d785f9d2a401439e89e7b1,49224968481
iUSD,1669528558,55956decbaff2ee18273cf3cd9bde5092f5fbe7f3768712d553d0288,1264570106
iUSD,1669078385,ecdd6a81ee434c3d773a0b6b27d426b3d86ee4f8edbb4016e5a6883d,1136117018
iUSD,1670503482,cb1f173c0e4e3624f51a0b1c2706174478d1cda344a04a9fb9224b1c,8581269456
iUSD,1670204501,9e50ddf52e4f10e463d16c990e8523f3054d743f07c285ebc1bfe805,7390769858
iUSD,1675640143,dbba836420a3c3d863f618811d8576f926c6be8c4b9215775ab6178f,2594575295
iUSD,1671731452,8bb9c1842b5df8a44359e65982adb4d2a7d0cb745a2b8488592e3d9f,66801146
iUSD,1675710749,b2cd3ac1116b5d4d2634eb51a832f9c99dd03abe51b9e05f463bde68,393996145
iUSD,1669310323,bf80faca49b6c4b820d11fd8028343afde02b4e9cfeded543c4650b9,255220253
iUSD,1670386477,4604467a331a2044f37e747d8d081b73538f8d1001a17b6bb55bb0a8,146129666
iUSD,1675755072,dec779d04e72bb0665c0e872b0518430c847c7da5652612e24323d1d,39909271
iUSD,1675788079,4f3e26f997727f545315520c7ebea39f54580a528754927778354dee,489808140
iUSD,1673734575,3b51d0cc84f801364b28475d2d494f4f3fb23fe7ab720ebb6bb75437,188413333
iUSD,1675810711,35fc0d9a0b03f48768465620b16a3d5902a30dab99d4a7d2c08add5c,3865595065
iUSD,1671934065,edb0c1b08e873184c25ab99e045c1331c2a8009d5d6abafef20429d7,556987494
iUSD,1669262310,623f00f49ed872b8fde76a4d5520f4ff63e50dec00b938701fe2aedd,214014520
iUSD,1675836854,a63f51bb42d71bf094ba7ebbea7180346656d7472461c81af03ff839,29477175
iUSD,1675848707,9cdf11e9f7832510865cf609be23fce37c331324a087d334801d435d,358032055
iUSD,1675864209,3e5e3dc4c45ead7c7e88fcd186620ffe4b292bc02a54aebb5c753815,99773178
iUSD,1675883472,05f18a042f7922dc33589f39660bde4f8db1993b472e142d726ec32e,398919110
iUSD,1669664218,1215c650198e8fe85528c3640a864a2b9202f1fdbc5a63e3c7663db5,28811731
iUSD,1675907939,a0f890b740b6e870ee690e3d02ca5fdeddf9969aea0a87b3bef425e1,252682085
iUSD,1674005098,698ceb483c24a183e0a9efbb33b25789c41494082421f4df6c75803e,971295881
iUSD,1675920204,68578c8b0b04b06737f1f7e76706ca3a4f8d383aa4e11477ed0dfb60,555263103
iUSD,1675924878,84a3845f1764ec4c31ea9d3a5d355b0d7ed82567fb46fc65a18685ad,374615563
iUSD,1675937671,27e19a4d47b49657009c6265473dd7191ec0908bdcffdc0fe37ee348,264085398
iUSD,1674914952,c1ecfddcc1b386980d2cad46efaad99e373cf70398b7c01db68e4f4f,899384296
iUSD,1675953655,7b0d6609ff14368ecd1a39d4d737292d2e348cb35801e0fea067f5ce,97072531
iUSD,1675959140,a77a7e9338336d366b855de21d39a793195804f2712ce09a0565914b,188847527
iUSD,1675976620,fa242cdaf5a66d7e67a615d25d675079ad95cd93516de46f330dd631,30655499
iUSD,1675982802,106b33046f67a6abd5183b1da2e3fa7862aa19466f03dcfc93a688c4,54617947
iUSD,1675993303,68e1002e7fbfbfae546c4597ec5a986db289ef36a12d40b58a5260be,50139028
iUSD,1670086216,ee5592e3bff712a914258c52f57873c0cfc73a7b2c25008fedbcdf9d,1959598776
iUSD,1676013596,dc463d66e78fedc35745fc23dd9073df8049027d973305017e40c328,112218879
iUSD,1676028881,32ccbda6329e7a4eeb9c07b53d1b65e9b2c0816c637638070e4b8e22,61947845
iUSD,1669786728,d683ff7b8b7ec25d210d61d015c0aa66c0befccaa031851d067af87b,554802531
iUSD,1672236610,6a22c66b1ac47584e99999b61de170878547bb5a6b87946a6f1e018e,128116609
iUSD,1673294960,b6756686f4eb2913773cd154afd06f721a1eeeb6dd84d37b099acb14,6426601
iUSD,1676078675,af28fb0c496ec12e14bd2b811c3e0b14af9b5f18832209c9403015b3,50765204
iUSD,1672092540,eec262031b5b78bd61e1f5aaeb37110ab6599407ab82682ad1798d21,476394553
iUSD,1674574997,4d7a3ffc55d80f556be56d37b4cf0bbdca58f2106b22c9b46d31940c,892720474
iUSD,1676084148,7e61985089f1607e9b2bdde0d6958029d4d5a24132e7eca703d7b9ce,17337875
iUSD,1669475398,bb6b3fe621e9aa3a6f1887c8eb7ab4b460bb0a0f55cf918e79d3b2c1,4542397794
iUSD,1669173632,009db4768f9eaf740e4de81848de05581bc52b543577fa5b70a89169,370625558
iUSD,1676103186,228f7a0a9cf92326f01761f7311eea4f14bab84d35f9222b4900d312,472697567
iUSD,1670473508,e30a204b11986043cac4fca3022600e309ad1bd06963affb22fcf3a5,4044674478
iUSD,1671144130,f3130be9403c8d8e8ceb4803c8ebd09bca4bc858cc1a2f3d5df7df44,3079453481
iUSD,1676129615,574394ab415b836d98d86245093f59942aeec40decbda39751f3e7d7,49887399
iUSD,1674272074,37891fe1fcae4f5b411d330f95f8202822472951e4cfc0148a0c6ad2,99943352
iUSD,1676227444,4484d456440c1956679e21e1d66e924d649c00666227046c3f1c96f7,192878637
iUSD,1676236527,b895c57b4e6630d050de5e09138efc20f7e640d2bc8ffe1c0d14cfba,216808260
iUSD,1676254556,5b1af46cec17d48b26b69b2e643ccd5bece471f4954aeb14bea90586,67719160
iUSD,1669388407,e598f6426a9f4652c892e44d54446756b78a58002b86411c9b475fdb,390174442
iUSD,1670440549,d33119934f905c46c074d86b01e9ed68d8df9416c1f98311adda04d1,181606122
iUSD,1670138081,ecf5b1ffca39a9821dc42163dea13dc58d4d9b28767edf02124a271a,81238894
iUSD,1676283164,f9f2145a4745019f15d0b21fcdd6a58e7f2e4f7b94337fd9b5c5db63,310116
iUSD,1676398594,8683b83c82e024569f117a8cac8f6e594cf59d24347c57dc932c5063,233419820
iUSD,1673202031,09575db3a66d29e820a464f9a5784aa42e3efd96396413c15d5a1160,48011727
iUSD,1673399876,6bfad24902340f4237017493bdf4490613343a1c2f02b7a5b4f4e337,23000448
iUSD,1676541690,8d995bf956bbf2a69b6549ca3a6830e9292b0d2641e9fa520d0f294d,119782559
iUSD,1676594237,5f32f7857d79af93414485203d25d64f56b246a8f7959fecdc4e1c6d,1097428047
iUSD,1674330375,fa9c7e0beaad372083bafd39c7cef554824a1e9eb21556676864ab7e,4809567631
iUSD,1673241026,64e14912b40c1db7d2bfd71e19890295f04e4a0bf0569050e379b62e,207581348
iUSD,1676677583,c75500d5a20f22024dfe8c63bf7e5d14ddfd2f051ad04c65a705a2e2,100004633
iUSD,1676678158,103a18c8b3b964841f73d52e0c579fc88f335d20d9c8d7f4de033b3e,499321533
iUSD,1675722059,9d2414ab252cdd877f2b5aafa6eb7dd60cbf1bb4871ed9e184ed1078,1038401130
iUSD,1676348773,a3259647cb4c6a8efc1ba1b6077831fe603f4c1236bf1746e19c88e9,484546993
iUSD,1676781881,f785d9e43dfd3dfc38ed9fb3ed2703dcb80bd3d08d936164cf75f5e8,251510632
iUSD,1676830987,e2db0579454041b6d16ddc4745cf7f3ad3e0535ee838258f7af685f3,299668843
iUSD,1676090450,95cb60c7b06a24fc1280c59df01ea612f0246e4a7f426b366aa9bda3,699344362
iUSD,1676992511,76acdf55012635af253d2743b41d17dfa4459293ad2ba44104050c2b,14917335
iUSD,1675664894,7968a748b588347106eebc57fb2cf6afc0bfebd72784ab489dbd0ad5,2266533
iUSD,1675428674,46e534049952af94b72cab30fb5126aed87bb71f2e913d6fe11b6719,559771910
iUSD,1669139330,268b50ad94f59bf74b844db64a206111490bce164673364de01ade99,94299249
iUSD,1676541344,851e58aaf8a0c9f3c9abbaf773b05533b5aac52afc6f9dab8d656c91,95845067
iUSD,1677256904,6b28469ea3ca15f2ca119267bbebfaa93083df2d3a54fe89524cb26e,317511567
iUSD,1670023465,81c38dd10effd2194b0ef074ffbbf437b965eb44750e63b21c1920c9,1676220344
iUSD,1676824464,cbf2fe83219efa63b2e1d6c43e53fefa9280e4e862b5cc88d5bdaf7d,3402523908
iUSD,1669146980,89c8cddf9c306ae2f45b1a329759525c94d966176985eb15d5d6d3b6,3323875357
iUSD,1675629364,213a6315a3adfd1ec92b7975944a66e033cafbc8af03c734093cdaec,24419616210
iUSD,1677464023,94be338db483fec65437c12b87e6a48e49a8b483445d52a9bd0c0c36,99899086
iUSD,1677509512,edf5b749271bbd449502dc0769ff697bf7539a0bf7f6b5e8743044db,99174700
iUSD,1672903552,87b9679714eebad39554239abcc970b4937f19ce07fae769da678184,65091615
iUSD,1677103321,1f6bcfb63ce737900a489270a4960a49f698bf29834efedb540f9a7f,270620361
iUSD,1677668016,9c2b04c3d361d4d72878e7c0c067ce6cdf9f29561bfab5c59728c4e2,4555158581
iUSD,1677685896,1c746b3371c842c04f6faf99b3c364be7641b3bdc4ff28da0327d65d,650762687
iUSD,1676001575,7d5b6a4c6a729bcc64f2d0fda08165edee4cbe08d27c3469d6310ab5,4079009204
iUSD,1669265142,332640ca63bf1c45ca8f5beafe24f3e68887f052b3a03914e2efd235,24680241
iUSD,1670360107,c97315e414c9b15a013f216d0345e1669cfbdd86681ed6891e1eb33f,2949304176
iUSD,1675714563,a3857f6dc9fa15ac685d02ad13824292ec40648c7af5b4fbe064c0d8,445383271
iUSD,1669680306,08a15c4563f6297afadcb38fdb23a44c8c5771181d618481581f31a7,297306879
iUSD,1673267031,fd79020d34bdd47dbdfbc9bd9b330d43a0ab87be0e6f96a7328591d0,3025924679
iUSD,1677849408,9375ebd020966513031a0c673e6ea6f9552d47b78bf0a27cb7278fca,999415365
iUSD,1670579134,1be221caa2e043e3f2ac88126788bbab75a92f69f96c4ebd85e5d3da,4058702449
iUSD,1669164271,43554050d4b81197d15d448aa81b825612a4fef4cba3b48ba25be4e4,59073642
iUSD,1677864832,d4274c2088411d1c7c9bf283cb734d0fb4577bc45278481cfe7505f1,54951007
iUSD,1669149576,31ab20da63adf95f5a9e4ecf297d1d3eb8730f6d8d17946696e8ed91,10077531455
iUSD,1676733685,bd1facdfaebaaa1e6ad72fe8875efa4365dec911f322dd62e5cc1108,1798998075
iUSD,1674636879,23a833160c3d6a9c09c95cae9035dacdb5be88b00fd1c34ca6399bd7,7520218528
iUSD,1678055433,a213a0654bda4ee0991d7f5e595e549650bab64f4f7b486735b67365,5328331084
iUSD,1678072077,ea374c2d569d63853df7d92c816502210495360908aa4df12568e567,11184050
iUSD,1670751740,4ee18dff52099c980cd8d3a1e85c37110cef73ff901eaabdabc12c60,1533950937
iUSD,1669125382,9ee2d4da330d9a1f86963847dfc4c6c1705310878a508ff1ff011cb0,499555421
iUSD,1670964934,df14eb586b1cc9bd64d32ddab4f401239ce21622474b22ba83193f29,11712770194
iUSD,1670575885,8e4dc9904be669d8de3911ce94c85d2ba9f01aacc990879ac856c87f,182569285
iUSD,1673543127,46f432395436e794072253949200551e75e28ef2bf1d3e960edcdf2f,188054318616
iUSD,1669041696,df3ed3c34530edc62131484128ad73c4a256a8974d6a52ec845b64ed,740511440
iUSD,1675186103,10072ed764a43d32688cda4bf526028329269bc0814b01631d4c0c4e,1883557812
iUSD,1678348496,ce654cc45f56f912cea1031b56bf9fdbbd49f77c0717e017805850a5,212943325
iUSD,1669271644,85dccd823a8eda33c9f680bb5dd7c09479fae10c95732a968f39ddad,172851574
iUSD,1678397448,a74340a486e8463d7574049adacae6920b126c6776c41ff1fb0ed2ce,122391237
iUSD,1670808255,2e5692429e007cf9257b86f3685710aa0f98895b86b13a0c5ebfff47,559823402
iUSD,1676049620,e172372e095955f0de4785d670f61f41e8d1db5fa06ec22ea9ae934f,483386789
iUSD,1672820244,9d6a55eb1359d4a6c2f1466d1d65dd5083a6fa692b69702af90b51bb,39535785
iUSD,1678449082,c5f311799aa6a7baac8fe10f78565d6861bb6e8d366dc90a7d6479cb,16776146128
iUSD,1677611038,b3c0baac03f058345281c6f2e9b3cfb6a1d112ffd8e2dc5398b8ff27,4601902005
iUSD,1669189015,ac293f8851bccc597d9f23b7b76bb9afca7bf65e42c93fd9e51ebadb,3081919889
iUSD,1678493988,a6be7d28f5a2681872964d54f7af65e2dac61d5074c4af1e533e97fd,3401459576
iUSD,1669769853,5cddfabc77a866c6b396d64a994a75d6ea5df7c506bbe3e4eb2379a1,92439268
iUSD,1675828939,5f431f57ad76f9c3feaf03809fb3ba95da61f53fda601021a73f8040,23453
iUSD,1678521976,d399a98b14f6eee4454a0b840974ac6a305258a268bef3241822b2a1,430319460
iUSD,1674578136,1a6bd66047466d65c4a336460ed902a8aef0801554a8bc831a49ea18,1911376
iUSD,1673293055,8707ca72180e998be7256d3ca209f1018ee51fc9f9e1d55fd1d962ae,19999907
iUSD,1678337937,f1f046fcc9cd06aa851f3296213d127f954ecba8136ee829a645f3ec,373137509
iUSD,1672003539,2dcd76c73b63f92de42e6926715e11cd9ae54703d75596f20af8c18d,29341361666
iUSD,1672957154,31161a3f479812bb1b676672d89d870a9eb53209c5ac33bec960388e,1968428997
iUSD,1672901882,48c1d2e21f2ccd6d9a9ad2efa6da2efcc40b3bed0b94b918408f4def,3124590747
iUSD,1675094462,8dd772c5202cf94e33ca5d2be467ce55ffde6caf75a18629e82cd162,3027798843
iUSD,1677619956,d60e724de921571ec9a732fad7ec0673fb9665e2b41040cfc8193289,3139923221
iUSD,1670187029,9071c2fed47d90e7a8bcc7d8f36dfd7a4bee5a134d2d354f35d4c020,272384201
iUSD,1672868611,f5cbf0a3e518fc57aec9d6ff992e084610aedbbc53695c4d200c0c3e,776585390
iUSD,1678659228,7efb273865feb908d7ddba513de17352e1554b62e62f9f417113749b,10634671
iUSD,1677305828,930a5a40fb419b4ca1a3d0a2f8cba25c0baeb5949e794034a7fbd1b4,119456319
iUSD,1673284997,22edff63ec4c5ff2b1e14f0ba8e970e612ad5af01c89f8d2e4bfdbd7,1987504211
iUSD,1673141129,1f04add335090fadc3bf0a766b50e8e12e6ce357434f805a3017d1b7,4999976852
iUSD,1669872874,3676a8f6fc88d00bb27fa5eb2e25f91b69ad6b211c9931263bbeb39c,15505286
iUSD,1671000794,34b9eb31c69076b836788f32cc4f00a21725cbccace3077105c00801,297165364
iUSD,1675793789,752ca73ddf1be8dffa36de008da3efa547f9b96354198896f5961e0e,56011366
iUSD,1678413138,de5771cbff7cd2960f946f9752679084b94af12484abc3e14ac4ad97,153077560
iUSD,1676706814,bd7adeef28fe4dac020bd73ea7c095c9f634682f730d7ef6cd8d3a93,1003655621
iUSD,1669300840,9d596f5ce627f39f11af7dd488804fb8b4bb46dabfbb24ef8a143e98,751486410
iUSD,1670131622,453f1a0480f05afe29b6f1feee90038d23379ac2eee5e412c450a62f,852736537
iUSD,1670329386,36335a09015ff3e7941cc3bc4095f41ec80aedf5086c1ffedf7bc7a9,13901553515
iUSD,1674593539,fba8d8b4540834cf4a429dd21d96df1b9aa9232c87cb7c22e5a91ec4,3149210608
iUSD,1678739891,ecf1cb14a49abe481c4930be126426df3a7468257a129575cd49b41b,4251204886
iUSD,1670365725,1f2a219f8fd7f69d2cece503fd8621a7c316eb270736990eb26bdb40,677796737
iUSD,1669359253,451fe314c4e9a41bb5804455fb4057afc1cbf2b74cde2d3d737b3354,243612069
iUSD,1676706329,d171c764b68e3006a17366dbbd2b5b1d1641e584991c8524ac72458f,1213993857
iUSD,1676294788,47ae397a7fbfcf4e3ec5e628bfda2d3bf5a5e6f4bdc43226cf840f2e,6924983134
iUSD,1675526769,508757f097d3f23cb9e51cc9d35a550b2f2f9bedea6326229950647f,3046309885
iUSD,1672802724,a181fb98e93e123144d85fee0993bd560ed91d82ccb4b9681bdecc95,7502855917
iUSD,1678696182,ea29ab4f2420255302bd2c56e8fe74a36f0fcc96a30cf5fad9994b4a,5309013986
iUSD,1669855525,d246fc75aa2c36620fb829e33c8731779008bc8493ae2cefef20f593,1128359472
iUSD,1674626464,7b265e114f73e3211208c90e4ad81cc9c33949b1b14cf64f7bb83b90,4149398083
iUSD,1678960554,1b4b4f86e5b81b5bb2670e1931718f26ea863c50da0e018d9f1aee30,320219587
iUSD,1673249437,a037c3e74610d29646a4d9df4f124c0cec09b5320defc9d06b57070c,2798605885
iUSD,1669480277,e57655e6fd41f82f6fd30e24ff080f774abe81f53acd6c9e7b2ed26f,10132655
iUSD,1678989820,731f87d5ee7275023a1a2e34e209e32844edf304e4f34ad54ace3ec9,999995370
iUSD,1673063913,18e4a3d3fcc5dee4b932b901795dd9f7e6ac57c448fca07e2f564029,100007541
iUSD,1670097535,fd604bfce2089228bb84742efa2a90ad7f678753149f4949b376143f,54919947559
iUSD,1679023550,4e5426811df99e191ae0bc3eca64836e561a07d1623b16f94828240b,16006417
iUSD,1677338181,384e4f4c87a5bd3dd8d09c1a1c6338326c83a6a2269c1c184402d6f2,52448348281
iUSD,1672978142,eaaa730d31576ab94ecb75f726f6337a38af6511a8cf10789ef4bb78,39784712864
iUSD,1679037240,3d21dbc872d0a38ec6d4d830b4db60572816574e267aba9e5393090e,698810177
iUSD,1679041575,214451287957bf9af5f7a70c46dfc957d32e907e47e197eaf9f5d7ec,3503970253
iUSD,1670171840,24715697456eca22df1c613d9f85b0cdb97f2cb5a253d7b7cae5f09f,804040804
iUSD,1678027713,0016f0095d4272c17a64a2234dd6e9c3ae6bda2ae42394a012d8f34e,32749590
iUSD,1679065302,d69cd83114d4b8b00aecf4a023b0d55006923898ae4267328b8ef5e9,309778369
iUSD,1679066043,509902b30c77bc1acc7de0f4d68e08b575f8f9ae8da1ebf462a133ba,271000992
iUSD,1676670222,d1f445019e940fa4e89b149599b431d0ef7592743758b010b8866898,1012853561
iUSD,1669666324,1227be2193b0f03f9ced11395f01fec9baab09491e545787377e5787,4563051171
iUSD,1679085281,b74651e3951ef4718fd11de645d6580742a7240814af5b659cbcd43f,853754810
iUSD,1678827378,8bb9f1df2cd1d6f7e3c5758eb144bf720666784db45e4fd8fa7ca440,4101319
iUSD,1675085979,eff15a8eee7dbe991d1c3779f3bd9c07e99324872ae6cc7dadd673c4,1136645177
iUSD,1679106769,c59dfaaf43c38d28e4bf38064a298f6adff6f0ac28a81ca2ba81efd4,105275105
iUSD,1675830920,9ef82b39ec0521ee2054f18b3811007af895c6a3248eb9bf458ebedd,2226658834
iUSD,1669624419,9057a63eaa2afa9e1f67bdb5d29fd62c59c91d0c79a30e225f079aca,4000019582
iUSD,1670433387,cb57b003edf212f5f09920822915fc2e42c6623428df6c2f9a4aadcd,84139574124
iUSD,1679142144,fb3a3ff26d491bc47cdc4fcc283399266d91cffe190237328e31f840,130016003
iUSD,1679153200,e0a1a45ac9fc8b2f545ef76355404c31a0650b032d7ebbfe3eb8a5b1,164965556
iUSD,1672352032,8a116fd370e6f96a9c008b885423555af7b57a39644593768bd24ec9,214183834
iUSD,1679187410,ab87cc566627e6ba92c37ebfcb1f5bfca3141498157cc9c9c4fbab08,15285804
iUSD,1679187834,139bb54cd4877496dd1e6ca754a513b7ef490beb8b9eac610304b27a,3350189842
iUSD,1670544482,c8deaac83b9ca7f1a985b6c69adf60da07c2b3becfd2fd9a69f22b62,779464807
iUSD,1673172475,ea7f8ffbdc5cac1c095c524ffdce7bcb1a53429460225074052f2db8,16973755487
iUSD,1679237710,34681117b76a59dfe3be7ee5477d224c819cf365c3f533eb2b1f9518,91102884
iUSD,1679240812,7bdd0506ab1adc6beaadc78e64b18d9c9773d0a67a79e788f83c7d7c,101345013
iUSD,1679259262,c9d08218a22554897c89daf3eb2e2ef419ed8b6fdab2a524d8abaca6,10155717
iUSD,1679247908,8877471c10ffe65e2dc7c493e44e21b0e8af082612d9973127fa53b9,45732
iUSD,1676953192,7cf91d208dbe661058d16ea8ef2c387153cf91944aabcb9c7ef7fa1e,963570497
iUSD,1669578539,89d095d531c5d92be599e65bfe27c44652b2cf99b72a332427e9d8a2,134176064
iUSD,1679301599,566ee768618e6939c13d38bd4a6b23e2693713d7b7c32ee6f5ec327e,574703594
iUSD,1673256087,6b1b3b6c653239a344063df53c885e3bb0aa463431a7a52b1d218c46,5761240329
iUSD,1679335586,d74a6efc13c28b96e80fa23036353ec62897443d0ee58a7cae63cb0b,224998958
iUSD,1679354889,fe214b004cc1504fc1544acd5b5e0d6dfe76484168e6c7d57d752b79,1523376364
iUSD,1679363083,0a36d2059eac53b46045092125f8419d455cf63ba48a7f2285a1a691,3035012935
iUSD,1673394354,98c9ede2d55f7f080a56fae1fdaf13fba514696d0ca759c8994b7967,2745205257
iUSD,1669727892,7d5258011fecab08aae5aebab8b28abbe2d0667777ba836007a62f80,1654907924
iUSD,1679421187,afb7b3ff7c7e774aa19da088896aef1db7481b1f3d7d56c3adbdb495,317870904
iUSD,1679425280,7b0c86a4526e23a1116c0b40d50e9c298db9828174d6d51e9a656509,770976255
iUSD,1669062123,c835248f41cb65303bec60d767f0299ea458a19c8c04beb125513487,780472606
iUSD,1679430819,9d94c36c0ba08524969fb2fa100dce63e0eefda22b75eca8ec3e30c4,1999990740
iUSD,1679431784,ff8c28d4272bc3688bfc79b6acbe73b24577851e0b4e422ef2198977,2107800241
iUSD,1670088103,a2b3fc71aa466e489bef35c30ca8b4a9388f701ab0cd73c9c81a5409,4995914728
iUSD,1679434226,981f8b65dedd3f82d0b3356ec8f6292040da610541089432ea550f78,1111641283
iUSD,1678041982,890e3557dc173aa91f64671eadd78bfe9b5f6618c1b7e0fc1dbe6cf6,6679347140
iUSD,1677437133,867d0bbc161fa9b4c7fb242b55ac34e39a4c5cb3945ecee645ad2061,2557240952
iUSD,1669767560,b86d5dffbc00894203fdf272c003fee91969d85b806859edc242b34a,29779579
iUSD,1679448627,3e10263d5b2ba0da4de992fabb8c5f84d8a1ab8714c671a6d5856b77,8249961806
iUSD,1679239990,b0d55e734b02ba0570c224a1a2a708e9309fa831c7f3f5caf301e885,10129842791
iUSD,1672995884,8732d6ae48c07b2694e9918fcdfff84e0995b165d4615c32fc76a978,4577462373
iUSD,1679473314,15606a30af237ef3bfca6b3b7f22d22fe320630f02c84787d533896d,160999443
iUSD,1676223295,fdcb2ad56f90c49a73ace602f2f459055f75c9b42f6b186731da60e0,117642762
iUSD,1670376638,e0ea68c3e09114bb8b746e67a3e44b5e4c0cdce33c07391dc1f61be2,2117631255
iUSD,1670427712,e8aa119715131d1dc98e1703729210cc98b1883773fefc5177cbfdb9,1650396743
iUSD,1678816992,3b15a89e1611eb40c3342c071b2a206e02a6387f47b6120d1ade30a4,1413123534
iUSD,1675385226,73a2384cb145aa11ef7c996728c5715f87b007368e1a4769853927ee,1601457554359
iUSD,1673369165,c8d94edd54ac158df872778b972b3d9f230b77294e9688e7fa3d3302,10725111001
iUSD,1669580455,a10a23ec8c8bc86c8b39bb8d034a7ea407acf952bab967bbd8797d7f,928327266
iUSD,1676298414,0cc3fd8d76cf6637dd2bcf040015bb20a7845bee40ac164df50254b6,19778177879
iUSD,1678854255,915501500137bbfc512cb66c2e58410958e3480365b87e499ee2e296,77654751
iUSD,1674965732,01e9d7c747941ea8d10b5ab2961e9d269babe72bd77496e7bfa138f5,3962077271
iUSD,1673057259,9c27d064a05530a230fd70489e45395ffe983454d84321fe4e75f3f9,852376709
iUSD,1670089677,264b3be253f8b7ded1b7c01a483256379777df963ce59e49167e95d4,129886849
iUSD,1670584574,a13cf52d79177a8df19463e96c2d0629cb8affd4c658c60f7c618597,16936945145
iUSD,1678785930,946c74a18ccd97a6cdb64318cb3374ab72e83c616d30d604e1cb8d20,48405244958
iUSD,1679594146,34d9199dd24497aeedaaa07324c61c74d192d13417e9c35147c4a56a,11055848
iUSD,1677747358,690b0a92962d8e5940212f11e4e414db2a6a773f06923adaa063bf7a,231249525010
iUSD,1679598846,dceb6f76062e47c7f0824460a7cead1eeb4f9d450f5af0d6fb9b4b07,1099140373
iUSD,1676323689,3106f6e4a4134df3c3b01a609be2569822f8d662843ad0c6b129ef57,274288161
iUSD,1676525063,c89afc2da9175089b41172171fccd8eab4fab0a4c4576d3240e0e2a0,2608061370
iUSD,1670064127,5df12b63d63b10222bd9fa61b074f72949c4805d17eb18b349b3adaa,3005165694
iUSD,1678622394,6dfa5c283d15c82b85b918c5480a6abf540d11f8ba50bdd65af11b86,201114620
iUSD,1671016904,244ef5c19b4209da7df61d1f9a41ca599cf12610aed0f9457dbc7353,90442527
iUSD,1679666117,4b4d2f7ec3cec8a1b3105c8cb94a6e77bd64f3fedc0bd828ffcbcb28,553500756
iUSD,1673021840,6a2c3a7d1e485d49c7efe91575984b72c9fdaf47da535a79cf8c455e,201469160
iUSD,1675455189,de5ee5ebc0aa4303df35ac79f8a3c4507596f9ec72d9adac5d64a049,918319943
iUSD,1678350130,4d5da618c7b48388366354c11d5e897d2449b087b523fd083fa0970f,5824024408
iUSD,1675388961,f357aeab5d6038af73b7ce783bf505ecb9ff382a18e2b211b18a513a,1748782392
iUSD,1679732100,97bf01e140f1cd68d8f3e3fa882f1f10784d33847cbdd3562934fca0,1927041772
iUSD,1678507744,ba9cb398668b61288c46b1d8df9290d077e0c3bffec3fde7179e6076,381743947
iUSD,1672426208,63b3889ebf65aba913b3ca44031d7b2c59b04b0727c3f2e67d52d034,5267294
iUSD,1678483721,d1e84ced90cffff9442cc47648e7e407a8fc75dbd8eda0c7940d0ba7,13367935700
iUSD,1679775777,278c8e15c48d22d81c86ef27d34212b6e3b8ccaab5414d4ee3633b7f,11000000
iUSD,1679781034,61cc93b6feaaf71fb0a4133fc103134b9e0057b17a96b5b8ab064345,51977085
iUSD,1679801422,7a730560b9ebceba314474dcd86bef107ba8a3ca8b51be98d68c1d05,502300000
iUSD,1679822796,f77212fba1bdb4ff7f24eca2412cabbc6b1b0a3b8f75645fe8f51b9a,700000000
iUSD,1677924164,4750f11bfb01058aa9c23221fd1004983f030f08a7fb24d73a6cb2c8,3574346868
iUSD,1678385352,cb7cb7825c61148750bb1569f658df2f54872e4a21378797628893f9,733153858
iUSD,1670336752,9085a048fd190f237c52943ac271b9b78042747efb1cd553d6e54f4f,418971313
iUSD,1679843746,e0a01d855bcf78a32e506af2e884320d922b7e884afa2356776dada9,25000000
iUSD,1679844641,71e77b3dfd58a677c2e743ec39ed2b8d1453dfa520b42265391fbd62,94656419
iUSD,1677508102,20e6fbd5dc1f0edd267fd7d81a4ee11caa622a2d9f0bf88f98bdec4f,3678422432
iUSD,1679859505,00d9bf354283625e263a2923de8c8901f4efdbefe988326c78383fb9,193379490
iUSD,1679862597,32f0c1cb0c852e6ae372fe350093a8125db1c779e6b1a3d531b1157a,989999999
iUSD,1670024886,344b062d324fb1d5c2604c5381acd0e0dc8eac7fe94613a1dd1c9ee5,7567734191
iUSD,1671648844,2a2acc24ba402b8086208c7018a49ae417d95461d2979b9d994f9035,5691069378
iUSD,1677562166,a4dc685573c7ad2041c53d8a8af9d65eeab8d62ef797885e507a8d25,14105713151
iUSD,1678779950,b56fdbb66dec9c967d89b574589a540521feb3e33cf3153e02d443e8,152519277
iUSD,1679887434,dcc2117fe7b56fbf5a0c7ae4bd3e33a3a4ed07cd25e02c4c6e34d510,250320000
iUSD,1679260266,8bb170899ad086aaf786240e8429aaae18448301ad0d2ab068d38f4a,1000266689
iUSD,1678876118,80cbc9b9f74eadb7d434e074c277fba69c50debe9872c0092290cf70,13074066288
iUSD,1679922872,fc5644ab240117e8de95941b2bab1c5dc0722dc4521e6d8ea4361512,165740576
iUSD,1674645302,f704a30ed24b42848a7f70f6deac1c07abb2ea48d7945f9a42e0ad57,17953086772
iUSD,1675582701,2c1ef015c1c1f7ebd56316e4f1e06504b9c2fe0542b70c2651235b5f,17791033946
iUSD,1670189545,0aa09220c41d6fad50e703b432527e59c713c9d488264095f9395c01,16946785631
iUSD,1679951790,d20b12211611481db8e256e2b04dea47a8cfd875086c6d7a610788e7,155000000
iUSD,1675891527,7173a060e39fb6833ea74e7403cf49c8901156287c86ae53332d5396,100867850
iUSD,1674380618,6a454ac65fe62709fb8b2f46b6ed76a6497997c2eb9cfd9b4de35940,1009355625
iUSD,1679960132,dd37137c9da4da78e2b45301a62c9b42b9f201be4082d5c71531b926,1008846797
iUSD,1679648796,c00dcb8d775687a54515cf1881bc194551df6f048063ab7e880a09f2,1149996542
iUSD,1671277809,4ffe4b2f17149ca44a4176f604bff3a57b877d4e456f051b21cd9e9f,142939773
iUSD,1669844122,ebd45be978a3b6dbd210c9675186bda965ab4042a10a2c2ba039477b,1093800340
iUSD,1669144011,fc5543c66855df3872fc1c6bedbd95bb592feb158a7656d0964358b1,17494463
iUSD,1678512559,0bb67baf3148157625daeb00d942466bc473a3ff85dd49afa7658f89,589247013
iUSD,1669972326,31eec5d71937555a28119e20dadcbe20b67b367b2f31f21957466444,51374738
iUSD,1669279973,378fe198237c90445a579452585222f4607278016ddef57b000ea2b8,98435427
iUSD,1670490749,5ebe0ad9ea2c6e3e19e3b3f1ef0feb9e1694cd50295191058140135c,538894569
iUSD,1679665123,8aa76b18d1a22584264b2e660df4cca898199cc0cdbb41af9f12fd0f,17225370596
iUSD,1679056475,a2ea3f266378f740fc6d33050cfd1c6908ff4fad98ae7ead7ad4ef84,510243164
iUSD,1670320431,77afab40e45c8efa1a9d5047b7d9d1294765a0e8e0603a42e356cbd9,3457540627
iUSD,1674940978,e292dc90457553865ecf16f586d72185fe4ef1afb2dc708f7099e4dd,537855296
iUSD,1675809780,804812f6f6bfe1c64c605f45d33cf18ddd77baca1a269796b4e318fa,3496525921
iUSD,1670110865,e9b900a8a8988098763b2e5d3a9cd9bac932d2958a6c3b811b79e175,7750551928
iUSD,1669613114,134772ad86746619dd39c1bcfd82c5cbec2872f3fbbae1c289e2c7c4,2598473899
iUSD,1670216298,5375703a1815206253bce83d4c52cc18b6571def1bedf6c257575293,121841244984
iUSD,1676398935,70a7bd550b7d96409d8acdbf95625a7ef0145407e594a6052b94f6be,39505293
iUSD,1680052481,233d582530b5049a84b458fcf216c992aea2c6682f787e7d16b02cc7,779020437
iUSD,1679442198,ec3543779054d04588489cf33d9ec5889566af60493f4cbc45a06b20,1179781072
iUSD,1680122766,480162a64c53e1f9f76d471d5166e722be81296144d422344254a54e,1703699104
iUSD,1669948675,f549c4dfa45a19b8a0ac22a24f491e30cba260e71eb526031e21b7c2,194729983
iUSD,1673127736,e09afca138bcdc4bf4da58eb17b98db2572818ba7ac17328f9db9118,33620849860
iUSD,1678417386,ebb3c77c9d613815a380172a1ccc3f14b656b3a637c068209100501e,346203696
iUSD,1673472213,8622c4f33898222807230df0531bf23dd408583e8452bceba33977b8,9891470536
iUSD,1678582819,99ef85d94c7bfe806a0758277cfaa7ac2c47abb7a02195d0824f0b33,18896929163
iUSD,1679704590,9730f04ab71ff759ededcbc4f7b4c8b2353af6885f2741194c98ed61,271006076
iUSD,1679186304,2a186360f52023fb2e72d8f9db51d37c9cb73f2a0c9baa970d96b9da,6749578565
iUSD,1676528674,6974e75dc85750b005d67ff220f63cd5ba47d03cdc1f7e5ea5633974,2755910507
iUSD,1669208582,f49b2ec38629a86884fca16ee16eb860a739db0c8eb6828b4f513919,4277831799
iUSD,1679093934,3d1a58cebecdb0438ecfca3282dae61aa698c1e04023c0901802aa07,708851466
iUSD,1679004802,19c87ada5b44424a2f54fdd13b556f9306ef9f1356359c57581abd4f,59587011
iUSD,1680188263,3705393c4607983b9225aa7221c946cb8846ddc37b5e648570796e26,266510697
iUSD,1680203889,9abd53631fe5a032bf570f1203ae72c6075b694dd4f0b69cc61e8bbc,1788962370
iUSD,1677469822,51ba77a69f4bd280866f41ca99f33f4d0d82db2d7bd7d854b915fc06,864740256
iUSD,1680214523,bbc6d8e0a8f8fa47238a3df22e1b9a0e39a0de2330ba5b49d69a6bc0,1099557359
iUSD,1678150190,94275840268d6b1ef5de783596d50183aeca94277944210de3e2ee30,640410
iUSD,1670895693,0f444e0062d2fe9becc2db61d1a5d7ad41ca20a512a5a486e9e4dd5a,7665825736
iUSD,1674497291,19c1be2fd0ce6e32cde0185dd60a56edc288d8de6243c1ca4e569f51,578499
iUSD,1680227822,fc933ffc8d260f40b24fd2dcf83aad2c426a0471e73c7dc87f58d8ad,50000000
iUSD,1679882084,534fb6cb7e3918799eb0d5eb8e8b46cf921a8b7f53349808c14a7c45,45392863
iUSD,1680229494,7c5a3ffd4843cf9bb750918cb453a87e71b3b21d63b02dd45dd3ea31,205109768
iUSD,1680229630,9f95cb7929fd219396797e5ed4c48b69cd18f58370858927236619cf,5429127734
iUSD,1674356137,824f1b5399d6885e6330925fcba1472da21731a3d9f33802dd308f7f,3820000000
iUSD,1680235437,a21b4bac0ec5723e223e741f675761f2c57c67be59ad3ce0e04ea732,29612135475
iUSD,1670341900,82ca384fbf3ed3f0959fac2294644bce323c2edb83f76a578f61f1e5,5900219178
iUSD,1680245637,32cbdbd2f9f64649fcef5351f7270a491d0948d64e12cdaebee8c73a,299882454
iUSD,1677827441,63aade055d90301cd816870ee5a3c9fc67d769274b8633e7a7893f05,7113941667
iUSD,1679710249,bb32c423f9a82af12f10a7ddfbb3e06a6160ad5b75827a14c2975eb5,2420561050
iUSD,1669978883,6f860cd15e7d9a0fe71735b338fa4ad81e418ddaae95928bd2994fc1,10401074501
iUSD,1675621453,ba0a5189328a2fc2a06074174a8cae39b7c8fcb57e03038b5f74e410,1173506399
iUSD,1676452586,55f6685cbc8c1c99948804a10f2eada7ed6121822a45452582ead10a,3000000000
iUSD,1678714775,6f51c66d3a29c2d5f030cfb8e21376e24c1cf22150ac86f5bc9c9ba2,366724378
iUSD,1676357424,4613c7a03b53d3a7de1991289304d848749b9602fb602bab2ed697cd,1290144347
iUSD,1673521231,4e6357b65b3479d5e94963c01f5b6eca88a030a35fd9851dd3b648f3,547819439
iUSD,1671301099,36e7a0d0cc0aa8097eee1cb2c052221d192467310c3fe0964b2f24df,4294922065
iUSD,1678778157,d91163b3c3d5bf8abb33299ecb98c3a7008b4afbbb308cbc61050563,110219149
iUSD,1676621167,beaf7018117b8306d327558a7e0f0ae32264fc37610bd29eb90d3cd8,3388755553
iUSD,1672328411,e31737eff954647c3cfb076fc5ec72a889d3d7b27a875fdf2fd1b379,17020142421
iUSD,1680295199,2af7ac91a39bd31d2af45a0339de7fd54c803034e0c6a6ef31d9a6d6,150000000
iUSD,1676387919,a485b6436c9f49a331655fa1574405c3e9bb1ead65e84b91f28fe826,100145086681
